date,pm25,temperature,humidity,rainfall,wind_speed,fire_count,total_frp,mean_frp,month,day_of_year,season,pm25_lag_1,pm25_lag_2,pm25_lag_3,pm25_lag_7,pm25_roll_3,pm25_roll_7,target_pm25_next_day
2016-11-16,250.0,20.1,52,0.0,8.7,1180.0,8069.43,6.838500000000001,11,321,post_monsoon,202.0,167.0,175.0,270.0,181.33333333333334,226.42857142857142,215.0
2016-11-17,215.0,20.1,50,0.0,12.5,1335.0,7768.519999999999,5.819116104868914,11,322,post_monsoon,250.0,202.0,167.0,259.0,206.33333333333334,223.57142857142858,195.0
2016-11-18,195.0,20.1,55,0.0,10.4,915.0,4957.63,5.4181748633879785,11,323,post_monsoon,215.0,250.0,202.0,274.0,222.33333333333334,217.28571428571428,201.0
2016-11-19,201.0,19.6,58,0.0,7.0,398.0,2239.32,5.62643216080402,11,324,post_monsoon,195.0,215.0,250.0,238.0,220.0,206.0,211.0
2016-11-20,211.0,19.7,62,0.0,6.4,453.0,2635.18,5.817174392935982,11,325,post_monsoon,201.0,195.0,215.0,175.0,203.66666666666666,200.71428571428572,198.0
2016-11-21,198.0,20.4,60,0.0,7.1,308.0,1836.21,5.961720779220779,11,326,post_monsoon,211.0,201.0,195.0,167.0,202.33333333333334,205.85714285714286,113.0
2016-11-22,113.0,20.6,53,0.0,9.9,340.0,1848.13,5.435676470588236,11,327,post_monsoon,198.0,211.0,201.0,202.0,203.33333333333334,210.28571428571428,144.0
2016-11-23,144.0,20.7,58,0.0,10.5,293.0,1102.98,3.76443686006826,11,328,post_monsoon,113.0,198.0,211.0,250.0,174.0,197.57142857142858,231.0
2016-11-24,231.0,20.0,56,0.0,10.2,179.0,711.05,3.972346368715084,11,329,post_monsoon,144.0,113.0,198.0,215.0,151.66666666666666,182.42857142857142,90.5
2016-11-25,90.5,21.3,43,0.0,17.8,149.0,654.79,4.394563758389261,11,330,post_monsoon,231.0,144.0,113.0,195.0,162.66666666666666,184.71428571428572,80.1
2016-11-26,80.1,22.0,39,0.0,17.4,103.0,693.33,6.731359223300971,11,331,post_monsoon,90.5,231.0,144.0,201.0,155.16666666666666,169.78571428571428,99.7
2016-11-27,99.7,21.5,42,0.0,14.8,156.0,784.67,5.029935897435897,11,332,post_monsoon,80.1,90.5,231.0,211.0,133.86666666666667,152.5142857142857,78.1
2016-11-28,78.1,21.0,41,0.0,12.6,181.0,584.54,3.229502762430939,11,333,post_monsoon,99.7,80.1,90.5,198.0,90.10000000000001,136.6142857142857,169.0
2016-11-29,169.0,18.7,55,0.0,6.2,176.0,543.27,3.0867613636363638,11,334,post_monsoon,78.1,99.7,80.1,113.0,85.96666666666665,119.48571428571428,248.0
2016-11-30,248.0,19.1,71,0.0,8.1,89.0,330.04,3.708314606741573,11,335,post_monsoon,169.0,78.1,99.7,144.0,115.59999999999998,127.48571428571428,276.0
2016-12-01,276.0,19.9,75,0.0,6.0,81.0,275.39,3.3998765432098765,12,336,winter,248.0,169.0,78.1,231.0,165.03333333333333,142.34285714285713,283.0
2016-12-02,283.0,19.3,72,0.0,5.8,134.0,454.95,3.395149253731343,12,337,winter,276.0,248.0,169.0,90.5,231.0,148.77142857142857,188.0
2016-12-03,188.0,18.2,62,0.0,6.6,239.0,1009.27,4.222887029288703,12,338,winter,283.0,276.0,248.0,80.1,269.0,176.27142857142857,149.0
2016-12-04,149.0,17.7,59,0.0,7.5,277.0,1029.24,3.715667870036101,12,339,winter,188.0,283.0,276.0,99.7,249.0,191.6857142857143,168.0
2016-12-05,168.0,18.0,63,0.0,8.1,158.0,724.4399999999999,4.58506329113924,12,340,winter,149.0,188.0,283.0,78.1,206.66666666666666,198.72857142857143,278.0
2016-12-06,278.0,18.2,68,0.0,5.8,99.0,392.72,3.966868686868687,12,341,winter,168.0,149.0,188.0,169.0,168.33333333333334,211.57142857142858,271.0
2016-12-07,271.0,18.2,72,0.0,4.8,85.0,309.0,3.635294117647059,12,342,winter,278.0,168.0,149.0,248.0,198.33333333333334,227.14285714285714,261.0
2016-12-08,261.0,17.8,73,0.0,4.2,147.0,569.24,3.872380952380953,12,343,winter,271.0,278.0,168.0,276.0,239.0,230.42857142857142,230.0
2016-12-09,230.0,18.2,71,0.0,4.4,199.0,750.49,3.7713065326633166,12,344,winter,261.0,271.0,278.0,283.0,270.0,228.28571428571428,219.0
2016-12-10,219.0,18.6,74,0.0,7.8,6.0,11.35,1.8916666666666664,12,345,winter,230.0,261.0,271.0,188.0,254.0,220.71428571428572,188.0
2016-12-11,188.0,19.2,71,0.0,5.7,74.0,286.71,3.8744594594594592,12,346,winter,219.0,230.0,261.0,149.0,236.66666666666666,225.14285714285714,164.0
2016-12-12,164.0,18.7,68,0.0,7.0,46.0,135.39,2.943260869565217,12,347,winter,188.0,219.0,230.0,168.0,212.33333333333334,230.71428571428572,173.0
2016-12-13,173.0,18.1,72,0.0,7.3,80.0,354.52,4.4315,12,348,winter,164.0,188.0,219.0,278.0,190.33333333333334,230.14285714285714,142.0
2016-12-14,142.0,17.4,69,0.0,9.3,170.0,555.17,3.265705882352941,12,349,winter,173.0,164.0,188.0,271.0,175.0,215.14285714285714,146.0
2016-12-15,146.0,16.4,61,0.0,11.4,139.0,461.38,3.3192805755395685,12,350,winter,142.0,173.0,164.0,261.0,159.66666666666666,196.71428571428572,152.0
2016-12-16,152.0,15.3,64,0.0,7.6,128.0,457.62,3.57515625,12,351,winter,146.0,142.0,173.0,230.0,153.66666666666666,180.28571428571428,228.0
2016-12-17,228.0,15.3,66,0.0,8.0,148.0,935.95,6.323986486486486,12,352,winter,152.0,146.0,142.0,219.0,146.66666666666666,169.14285714285714,225.0
2016-12-18,225.0,15.0,64,0.0,8.4,212.0,854.89,4.0325,12,353,winter,228.0,152.0,146.0,188.0,175.33333333333334,170.42857142857142,245.0
2016-12-19,245.0,15.3,63,0.0,11.1,280.0,1277.66,4.563071428571429,12,354,winter,225.0,228.0,152.0,164.0,201.66666666666666,175.71428571428572,157.0
2016-12-20,157.0,17.2,57,0.0,16.7,220.0,1180.04,5.363818181818182,12,355,winter,245.0,225.0,228.0,173.0,232.66666666666666,187.28571428571428,119.0
2016-12-21,119.0,17.3,52,0.0,14.8,374.0,1642.7,4.392245989304813,12,356,winter,157.0,245.0,225.0,142.0,209.0,185.0,165.0
2016-12-22,165.0,16.5,60,0.0,7.5,246.0,969.39,3.940609756097561,12,357,winter,119.0,157.0,245.0,146.0,173.66666666666666,181.71428571428572,342.0
2016-12-23,342.0,16.7,68,0.0,3.2,186.0,883.75,4.751344086021505,12,358,winter,165.0,119.0,157.0,152.0,147.0,184.42857142857142,443.0
2016-12-24,443.0,16.1,73,0.0,9.6,148.0,682.63,4.6123648648648645,12,359,winter,342.0,165.0,119.0,228.0,208.66666666666666,211.57142857142858,279.0
2016-12-25,279.0,16.2,78,0.0,9.1,132.0,457.11,3.4629545454545454,12,360,winter,443.0,342.0,165.0,225.0,316.6666666666667,242.28571428571428,186.0
2016-12-26,186.0,16.1,73,0.0,11.5,100.0,395.43,3.9543,12,361,winter,279.0,443.0,342.0,245.0,354.6666666666667,250.0,185.0
2016-12-27,185.0,15.7,63,0.0,10.2,89.0,337.42,3.79123595505618,12,362,winter,186.0,279.0,443.0,157.0,302.6666666666667,241.57142857142858,201.0
2016-12-28,201.0,15.8,68,0.0,6.3,61.0,399.95,6.55655737704918,12,363,winter,185.0,186.0,279.0,119.0,216.66666666666666,245.57142857142858,262.0
2016-12-29,262.0,15.8,76,0.0,8.7,51.0,246.24,4.828235294117647,12,364,winter,201.0,185.0,186.0,165.0,190.66666666666666,257.2857142857143,208.0
2016-12-30,208.0,16.0,80,0.0,9.1,137.0,472.84,3.4513868613138685,12,365,winter,262.0,201.0,185.0,342.0,216.0,271.14285714285717,210.0
2016-12-31,210.0,15.6,79,0.0,9.3,84.0,336.6,4.007142857142857,12,366,winter,208.0,262.0,201.0,443.0,223.66666666666666,252.0,162.0
2017-01-01,162.0,15.7,80,0.0,9.1,74.0,312.37,4.221216216216217,1,1,winter,210.0,208.0,262.0,279.0,226.66666666666666,218.71428571428572,162.0
2017-01-02,162.0,15.5,82,0.0,7.0,73.0,259.29,3.5519178082191782,1,2,winter,162.0,210.0,208.0,186.0,193.33333333333334,202.0,216.0
2017-01-03,216.0,16.1,75,0.0,5.2,62.0,192.14,3.099032258064516,1,3,winter,162.0,162.0,210.0,185.0,178.0,198.57142857142858,174.0
2017-01-04,174.0,16.6,74,0.0,5.8,128.0,477.85,3.733203125,1,4,winter,216.0,162.0,162.0,201.0,180.0,203.0,156.0
2017-01-05,156.0,16.7,78,0.0,6.6,133.0,412.16,3.0989473684210527,1,5,winter,174.0,216.0,162.0,262.0,184.0,199.14285714285714,154.0
2017-01-06,154.0,16.8,77,1.8,10.8,24.0,130.77,5.44875,1,6,winter,156.0,174.0,216.0,208.0,182.0,184.0,134.0
2017-01-07,134.0,14.6,87,5.4,10.7,2.0,6.5,3.25,1,7,winter,154.0,156.0,174.0,210.0,161.33333333333334,176.28571428571428,125.0
2017-01-08,125.0,13.6,81,0.0,8.0,7.0,19.73,2.8185714285714285,1,8,winter,134.0,154.0,156.0,162.0,148.0,165.42857142857142,145.0
2017-01-09,145.0,13.0,72,0.0,9.5,47.0,177.01,3.766170212765957,1,9,winter,125.0,134.0,154.0,162.0,137.66666666666666,160.14285714285714,102.0
2017-01-10,102.0,11.0,60,0.0,10.9,75.0,255.06,3.4008,1,10,winter,145.0,125.0,134.0,216.0,134.66666666666666,157.71428571428572,137.0
2017-01-11,137.0,9.7,58,0.0,10.7,78.0,310.64,3.982564102564103,1,11,winter,102.0,145.0,125.0,174.0,124.0,141.42857142857142,217.0
2017-01-12,217.0,10.1,64,0.0,8.9,36.0,119.61,3.3225,1,12,winter,137.0,102.0,145.0,156.0,128.0,136.14285714285714,229.0
2017-01-13,229.0,10.5,66,0.0,9.2,68.0,302.23,4.4445588235294125,1,13,winter,217.0,137.0,102.0,154.0,152.0,144.85714285714286,297.0
2017-01-14,297.0,11.3,64,0.0,7.5,31.0,127.99,4.128709677419355,1,14,winter,229.0,217.0,137.0,134.0,194.33333333333334,155.57142857142858,178.0
2017-01-15,178.0,13.8,63,0.0,6.7,79.0,269.59,3.41253164556962,1,15,winter,297.0,229.0,217.0,125.0,247.66666666666666,178.85714285714286,165.0
2017-01-16,165.0,14.5,62,0.2,11.6,57.0,162.62,2.852982456140351,1,16,winter,178.0,297.0,229.0,145.0,234.66666666666666,186.42857142857142,129.0
2017-01-17,129.0,10.7,76,0.0,9.7,9.0,29.63,3.292222222222222,1,17,winter,165.0,178.0,297.0,102.0,213.33333333333334,189.28571428571428,169.0
2017-01-18,169.0,11.5,73,0.0,8.8,22.0,77.68,3.530909090909091,1,18,winter,129.0,165.0,178.0,137.0,157.33333333333334,193.14285714285714,160.0
2017-01-19,160.0,12.9,66,0.0,13.5,60.0,245.83,4.097166666666667,1,19,winter,169.0,129.0,165.0,217.0,154.33333333333334,197.71428571428572,106.0
2017-01-20,106.0,12.0,68,0.0,12.3,58.0,219.47,3.7839655172413793,1,20,winter,160.0,169.0,129.0,229.0,152.66666666666666,189.57142857142858,224.0
2017-01-21,224.0,13.2,66,0.1,9.5,26.0,95.28,3.664615384615385,1,21,winter,106.0,160.0,169.0,297.0,145.0,172.0,269.0
2017-01-22,269.0,15.7,73,0.0,8.0,80.0,344.37,4.304625,1,22,winter,224.0,106.0,160.0,178.0,163.33333333333334,161.57142857142858,219.0
2017-01-23,219.0,16.3,71,0.0,9.2,18.0,62.82,3.49,1,23,winter,269.0,224.0,106.0,165.0,199.66666666666666,174.57142857142858,190.0
2017-01-24,190.0,16.9,71,0.0,6.7,39.0,145.71,3.7361538461538464,1,24,winter,219.0,269.0,224.0,129.0,237.33333333333334,182.28571428571428,218.0
2017-01-25,218.0,18.4,75,12.8,12.9,4.0,28.11,7.0275,1,25,winter,190.0,219.0,269.0,169.0,226.0,191.0,134.0
2017-01-26,134.0,16.3,90,33.3,11.8,8.0,28.86,3.6075,1,26,winter,218.0,190.0,219.0,160.0,209.0,198.0,54.3
2017-01-27,54.3,14.7,81,1.8,12.9,2.0,2.6500000000000004,1.3250000000000002,1,27,winter,134.0,218.0,190.0,106.0,180.66666666666666,194.28571428571428,116.0
2017-01-28,116.0,14.2,82,0.0,10.0,1.0,5.72,5.72,1,28,winter,54.3,134.0,218.0,224.0,135.43333333333334,186.9,110.0
2017-01-29,110.0,14.9,82,0.0,12.4,5.0,22.110000000000003,4.422000000000001,1,29,winter,116.0,54.3,134.0,269.0,101.43333333333334,171.47142857142856,153.0
2017-01-30,153.0,14.8,84,0.0,7.3,9.0,28.11,3.123333333333333,1,30,winter,110.0,116.0,54.3,219.0,93.43333333333334,148.75714285714284,149.0
2017-01-31,149.0,15.6,84,0.0,6.9,64.0,287.6,4.49375,1,31,winter,153.0,110.0,116.0,190.0,126.33333333333333,139.32857142857142,116.0
2017-02-01,116.0,14.7,81,0.0,9.0,55.0,156.78,2.8505454545454545,2,32,winter,149.0,153.0,110.0,218.0,137.33333333333334,133.47142857142856,180.0
2017-02-02,180.0,14.7,79,0.0,6.3,30.0,155.12,5.1706666666666665,2,33,winter,116.0,149.0,153.0,134.0,139.33333333333334,118.89999999999999,191.0
2017-02-03,191.0,14.7,82,0.0,6.9,27.0,138.82,5.141481481481481,2,34,winter,180.0,116.0,149.0,54.3,148.33333333333334,125.47142857142856,149.0
2017-02-04,149.0,16.8,79,0.0,14.6,3.0,7.32,2.44,2,35,winter,191.0,180.0,116.0,116.0,162.33333333333334,145.0,136.0
2017-02-05,136.0,17.7,79,3.2,13.0,33.0,128.47,3.893030303030303,2,36,winter,149.0,191.0,180.0,110.0,173.33333333333334,149.71428571428572,165.0
2017-02-06,165.0,16.2,78,0.1,10.7,61.0,273.82,4.488852459016393,2,37,winter,136.0,149.0,191.0,153.0,158.66666666666666,153.42857142857142,70.2
2017-02-07,70.2,14.3,73,0.0,11.4,57.0,321.1,5.633333333333334,2,38,winter,165.0,136.0,149.0,149.0,150.0,155.14285714285714,118.0
2017-02-08,118.0,14.8,73,0.0,8.2,79.0,349.39,4.4226582278481015,2,39,winter,70.2,165.0,136.0,116.0,123.73333333333333,143.8857142857143,110.0
2017-02-09,110.0,14.7,72,0.0,10.9,119.0,436.21,3.66563025210084,2,40,winter,118.0,70.2,165.0,180.0,117.73333333333333,144.17142857142858,105.0
2017-02-10,105.0,14.5,68,0.0,12.4,169.0,831.59,4.920650887573965,2,41,winter,110.0,118.0,70.2,191.0,99.39999999999999,134.17142857142858,111.0
2017-02-11,111.0,14.0,70,0.0,8.1,202.0,785.32,3.887722772277228,2,42,winter,105.0,110.0,118.0,149.0,111.0,121.88571428571429,123.0
2017-02-12,123.0,15.0,72,0.0,7.6,180.0,702.54,3.903,2,43,winter,111.0,105.0,110.0,136.0,108.66666666666667,116.45714285714287,104.0
2017-02-13,104.0,15.8,68,0.0,9.3,117.0,534.57,4.568974358974359,2,44,winter,123.0,111.0,105.0,165.0,113.0,114.60000000000001,121.0
2017-02-14,121.0,16.4,65,0.0,10.5,37.0,192.29,5.197027027027027,2,45,winter,104.0,123.0,111.0,70.2,112.66666666666667,105.88571428571429,126.0
2017-02-15,126.0,17.6,65,0.0,9.7,62.0,341.68,5.510967741935484,2,46,winter,121.0,104.0,123.0,118.0,116.0,113.14285714285714,121.0
2017-02-16,121.0,19.9,61,0.0,12.7,89.0,387.26,4.35123595505618,2,47,winter,126.0,121.0,104.0,110.0,117.0,114.28571428571429,99.3
2017-02-17,99.3,20.1,64,0.0,12.0,63.0,225.05,3.5722222222222224,2,48,winter,121.0,126.0,121.0,105.0,122.66666666666667,115.85714285714286,97.0
2017-02-18,97.0,20.6,66,0.0,10.2,48.0,210.25,4.380208333333333,2,49,winter,99.3,121.0,126.0,111.0,115.43333333333334,115.04285714285713,103.0
2017-02-19,103.0,21.5,62,0.0,8.9,63.0,228.09,3.6204761904761904,2,50,winter,97.0,99.3,121.0,123.0,105.76666666666667,113.04285714285713,98.7
2017-02-20,98.7,22.4,63,0.0,7.6,50.0,183.93,3.6786,2,51,winter,103.0,97.0,99.3,104.0,99.76666666666667,110.18571428571428,89.2
2017-02-21,89.2,19.4,64,0.0,10.3,74.0,257.94,3.4856756756756755,2,52,winter,98.7,103.0,97.0,121.0,99.56666666666666,109.42857142857143,91.3
2017-02-22,91.3,18.9,57,0.0,8.9,106.0,361.93,3.414433962264151,2,53,winter,89.2,98.7,103.0,126.0,96.96666666666665,104.88571428571429,40.8
2017-02-23,40.8,17.9,44,0.0,13.8,69.0,323.1,4.682608695652174,2,54,winter,91.3,89.2,98.7,121.0,93.06666666666666,99.92857142857143,44.3
2017-02-24,44.3,18.3,37,0.0,17.7,82.0,299.1,3.647560975609757,2,55,winter,40.8,91.3,89.2,99.3,73.76666666666667,88.47142857142856,53.4
2017-02-25,53.4,19.3,39,0.0,16.9,67.0,372.3,5.556716417910448,2,56,winter,44.3,40.8,91.3,97.0,58.79999999999999,80.61428571428573,98.5
2017-02-26,98.5,18.8,46,0.0,13.2,98.0,412.05,4.204591836734694,2,57,winter,53.4,44.3,40.8,103.0,46.166666666666664,74.38571428571429,70.4
2017-02-27,70.4,19.4,48,0.0,11.2,118.0,487.0,4.127118644067797,2,58,winter,98.5,53.4,44.3,98.7,65.39999999999999,73.74285714285715,60.6
2017-02-28,60.6,22.0,47,0.0,5.6,34.0,182.09,5.3555882352941175,2,59,winter,70.4,98.5,53.4,89.2,74.10000000000001,69.7,89.1
2017-03-01,89.1,22.2,56,2.9,7.3,59.0,313.34,5.310847457627118,3,60,summer,60.6,70.4,98.5,91.3,76.50000000000001,65.61428571428571,95.2
2017-03-02,95.2,20.3,62,1.3,7.4,54.0,264.79,4.903518518518519,3,61,summer,89.1,60.6,70.4,40.8,73.36666666666667,65.3,43.8
2017-03-03,43.8,19.7,46,0.0,10.3,38.0,104.4,2.747368421052632,3,62,summer,95.2,89.1,60.6,44.3,81.63333333333334,73.07142857142857,65.6
2017-03-04,65.6,18.4,43,0.0,11.4,90.0,338.62,3.7624444444444447,3,63,summer,43.8,95.2,89.1,53.4,76.03333333333335,73.0,68.5
2017-03-05,68.5,18.8,43,0.0,13.4,108.0,586.63,5.431759259259259,3,64,summer,65.6,43.8,95.2,98.5,68.2,74.74285714285715,86.7
2017-03-06,86.7,19.4,43,0.0,11.9,101.0,416.78,4.126534653465346,3,65,summer,68.5,65.6,43.8,70.4,59.30000000000001,70.45714285714286,79.9
2017-03-07,79.9,20.5,46,0.0,8.0,21.0,86.32000000000001,4.110476190476191,3,66,summer,86.7,68.5,65.6,60.6,73.60000000000001,72.78571428571428,44.5
2017-03-08,44.5,20.5,50,1.2,11.3,22.0,99.04,4.501818181818181,3,67,summer,79.9,86.7,68.5,89.1,78.36666666666669,75.54285714285713,47.2
2017-03-09,47.2,19.1,64,0.3,9.6,26.0,76.3,2.9346153846153844,3,68,summer,44.5,79.9,86.7,95.2,70.36666666666667,69.17142857142856,33.5
2017-03-10,33.5,17.1,77,12.1,11.1,32.0,96.47,3.0146875,3,69,summer,47.2,44.5,79.9,43.8,57.20000000000001,62.31428571428571,22.1
2017-03-11,22.1,16.1,76,1.3,10.0,11.0,35.55,3.231818181818181,3,70,summer,33.5,47.2,44.5,65.6,41.73333333333334,60.84285714285714,32.3
2017-03-12,32.3,15.9,63,0.0,9.6,40.0,121.05,3.02625,3,71,summer,22.1,33.5,47.2,68.5,34.26666666666668,54.62857142857143,60.5
2017-03-13,60.5,16.2,53,0.0,11.7,53.0,164.57,3.1050943396226414,3,72,summer,32.3,22.1,33.5,86.7,29.30000000000001,49.457142857142856,52.5
2017-03-14,52.5,17.5,53,0.0,8.2,60.0,245.29,4.088166666666667,3,73,summer,60.5,32.3,22.1,79.9,38.30000000000001,45.714285714285715,110.0
2017-03-15,110.0,18.9,54,0.0,9.7,62.0,270.52,4.363225806451613,3,74,summer,52.5,60.5,32.3,44.5,48.433333333333344,41.8,87.0
2017-03-16,87.0,20.3,52,0.0,8.3,23.0,113.41,4.930869565217392,3,75,summer,110.0,52.5,60.5,47.2,74.33333333333334,51.15714285714286,83.2
2017-03-17,83.2,19.8,56,0.0,11.4,67.0,350.36,5.229253731343284,3,76,summer,87.0,110.0,52.5,33.5,83.16666666666667,56.84285714285714,74.9
2017-03-18,74.9,20.5,50,0.0,8.8,27.0,97.3,3.603703703703704,3,77,summer,83.2,87.0,110.0,22.1,93.40000000000002,63.94285714285714,70.7
2017-03-19,70.7,21.5,55,1.3,7.8,42.0,148.67999999999998,3.54,3,78,summer,74.9,83.2,87.0,32.3,81.7,71.48571428571428,109.0
2017-03-20,109.0,21.8,56,0.0,11.7,48.0,250.64,5.221666666666667,3,79,summer,70.7,74.9,83.2,60.5,76.26666666666668,76.97142857142858,169.0
2017-03-21,169.0,23.5,48,0.0,11.9,60.0,245.71,4.095166666666667,3,80,summer,109.0,70.7,74.9,52.5,84.86666666666667,83.9,87.1
2017-03-22,87.1,25.5,48,0.0,12.3,19.0,75.34,3.965263157894737,3,81,summer,169.0,109.0,70.7,110.0,116.23333333333335,100.54285714285716,132.0
2017-03-23,132.0,25.8,50,0.2,7.8,39.0,147.91,3.792564102564103,3,82,summer,87.1,169.0,109.0,87.0,121.7,97.27142857142859,103.0
2017-03-24,103.0,26.0,47,0.0,12.2,43.0,154.17,3.585348837209302,3,83,summer,132.0,87.1,169.0,83.2,129.36666666666667,103.70000000000002,49.1
2017-03-25,49.1,25.4,41,0.0,12.8,52.0,175.76,3.38,3,84,summer,103.0,132.0,87.1,74.9,107.36666666666667,106.52857142857144,82.2
2017-03-26,82.2,26.7,38,0.0,15.1,72.0,363.05,5.042361111111111,3,85,summer,49.1,103.0,132.0,70.7,94.7,102.84285714285714,61.0
2017-03-27,61.0,28.4,40,0.0,16.9,37.0,193.75,5.236486486486487,3,86,summer,82.2,49.1,103.0,109.0,78.10000000000001,104.48571428571428,110.0
2017-03-28,110.0,28.9,43,0.0,12.0,30.0,148.09,4.936333333333334,3,87,summer,61.0,82.2,49.1,169.0,64.10000000000001,97.62857142857142,96.1
2017-03-29,96.1,29.7,39,0.0,14.2,50.0,141.64,2.8328,3,88,summer,110.0,61.0,82.2,87.1,84.40000000000002,89.2,48.2
2017-03-30,48.2,29.8,36,0.0,13.6,91.0,392.48,4.312967032967033,3,89,summer,96.1,110.0,61.0,132.0,89.03333333333335,90.48571428571428,66.0
2017-03-31,66.0,30.0,39,0.0,10.8,147.0,511.81,3.481700680272109,3,90,summer,48.2,96.1,110.0,103.0,84.76666666666667,78.51428571428572,78.6
2017-04-01,78.6,29.8,35,0.0,12.9,112.0,402.91,3.5974107142857146,4,91,summer,66.0,48.2,96.1,49.1,70.10000000000001,73.22857142857143,72.1
2017-04-02,72.1,29.4,29,0.0,13.4,135.0,543.24,4.024,4,92,summer,78.6,66.0,48.2,82.2,64.26666666666667,77.44285714285715,52.7
2017-04-03,52.7,29.1,31,0.0,10.6,153.0,579.78,3.789411764705882,4,93,summer,72.1,78.6,66.0,61.0,72.23333333333335,76.0,43.2
2017-04-04,43.2,29.0,32,0.0,10.5,20.0,91.24,4.561999999999999,4,94,summer,52.7,72.1,78.6,110.0,67.80000000000001,74.81428571428572,27.5
2017-04-05,27.5,28.3,41,1.1,20.4,14.0,61.2,4.371428571428572,4,95,summer,43.2,52.7,72.1,96.1,56.00000000000001,65.27142857142857,49.3
2017-04-06,49.3,28.7,40,0.0,17.5,23.0,93.3,4.056521739130434,4,96,summer,27.5,43.2,52.7,48.2,41.13333333333335,55.47142857142857,161.0
2017-04-07,161.0,26.4,40,0.0,10.2,25.0,71.03,2.8412,4,97,summer,49.3,27.5,43.2,66.0,40.00000000000001,55.628571428571426,107.0
2017-04-08,107.0,25.5,24,0.0,10.2,31.0,106.5,3.435483870967742,4,98,summer,161.0,49.3,27.5,78.6,79.26666666666667,69.2,26.9
2017-04-09,26.9,25.6,22,0.0,17.4,101.0,362.77,3.5917821782178216,4,99,summer,107.0,161.0,49.3,72.1,105.76666666666667,73.25714285714285,35.9
2017-04-10,35.9,25.9,22,0.0,20.5,103.0,604.26,5.8666019417475725,4,100,summer,26.9,107.0,161.0,52.7,98.3,66.8,58.2
2017-04-11,58.2,28.1,24,0.0,19.1,86.0,321.19,3.734767441860465,4,101,summer,35.9,26.9,107.0,43.2,56.6,64.4,77.9
2017-04-12,77.9,29.5,26,0.0,15.6,72.0,294.66,4.0925,4,102,summer,58.2,35.9,26.9,27.5,40.333333333333336,66.54285714285714,85.0
2017-04-13,85.0,30.3,27,0.0,8.8,42.0,162.87,3.877857142857143,4,103,summer,77.9,58.2,35.9,49.3,57.333333333333336,73.74285714285715,121.0
2017-04-14,121.0,30.9,28,0.0,8.6,95.0,464.79,4.892526315789474,4,104,summer,85.0,77.9,58.2,161.0,73.7,78.84285714285714,108.0
2017-04-15,108.0,31.3,27,0.0,10.2,94.0,456.96,4.86127659574468,4,105,summer,121.0,85.0,77.9,107.0,94.63333333333333,73.12857142857142,559.0
2017-04-16,559.0,31.0,31,0.0,8.7,71.0,281.26,3.961408450704225,4,106,summer,108.0,121.0,85.0,26.9,104.66666666666667,73.27142857142857,700.0
2017-04-17,700.0,31.9,38,0.0,10.7,61.0,451.19,7.39655737704918,4,107,summer,559.0,108.0,121.0,35.9,262.6666666666667,149.28571428571428,174.0
2017-04-18,174.0,32.7,35,0.0,8.8,161.0,1564.59,9.717950310559006,4,108,summer,700.0,559.0,108.0,58.2,455.6666666666667,244.15714285714284,75.9
2017-04-19,75.9,33.7,20,0.0,11.2,173.0,1297.71,7.50121387283237,4,109,summer,174.0,700.0,559.0,77.9,477.6666666666667,260.7,78.4
2017-04-20,78.4,33.7,25,0.0,9.7,125.0,754.97,6.03976,4,110,summer,75.9,174.0,700.0,85.0,316.6333333333333,260.4142857142857,98.4
2017-04-21,98.4,33.3,38,0.0,10.8,117.0,538.06,4.598803418803418,4,111,summer,78.4,75.9,174.0,121.0,109.43333333333334,259.4714285714286,102.0
2017-04-22,102.0,32.5,47,2.0,8.6,30.0,296.38,9.879333333333332,4,112,summer,98.4,78.4,75.9,108.0,84.23333333333333,256.24285714285713,94.3
2017-04-23,94.3,31.4,38,0.0,10.8,97.0,574.72,5.924948453608248,4,113,summer,102.0,98.4,78.4,559.0,92.93333333333334,255.38571428571427,243.0
2017-04-24,243.0,30.4,31,2.1,11.6,213.0,882.29,4.142206572769953,4,114,summer,94.3,102.0,98.4,700.0,98.23333333333333,189.0,63.6
2017-04-25,63.6,30.5,24,0.0,13.3,309.0,1958.7,6.338834951456311,4,115,summer,243.0,94.3,102.0,174.0,146.4333333333333,123.71428571428571,32.7
2017-04-26,32.7,29.9,23,0.0,10.3,441.0,2666.99,6.0475963718820855,4,116,summer,63.6,243.0,94.3,75.9,133.63333333333333,107.94285714285715,54.7
2017-04-27,54.7,30.6,24,0.0,8.4,215.0,1136.51,5.286093023255814,4,117,summer,32.7,63.6,243.0,78.4,113.09999999999998,101.77142857142857,64.4
2017-04-28,64.4,30.4,29,0.3,9.5,328.0,1655.78,5.048109756097561,4,118,summer,54.7,32.7,63.6,98.4,50.33333333333332,98.38571428571429,34.6
2017-04-29,34.6,30.8,30,0.0,7.1,404.0,2167.33,5.364678217821782,4,119,summer,64.4,54.7,32.7,102.0,50.599999999999994,93.52857142857142,36.55
2017-04-30,36.55,30.0,34,0.1,12.1,434.0,2580.5,5.945852534562212,4,120,summer,34.6,64.4,54.7,94.3,51.23333333333332,83.89999999999999,38.5
2017-05-01,38.5,29.9,31,0.0,7.4,803.0,7125.75,8.873910336239103,5,121,summer,36.55,34.6,64.4,243.0,45.18333333333333,75.64999999999999,88.9
2017-05-02,88.9,31.9,22,0.0,5.7,686.0,4991.44,7.276151603498541,5,122,summer,38.5,36.55,34.6,63.6,36.54999999999999,46.43571428571429,112.0
2017-05-03,112.0,31.6,25,0.0,8.9,280.0,1626.04,5.807285714285714,5,123,summer,88.9,38.5,36.55,32.7,54.65,50.050000000000004,74.3
2017-05-04,74.3,31.6,25,0.0,12.9,1723.0,8996.75,5.221561230412072,5,124,summer,112.0,88.9,38.5,54.7,79.8,61.378571428571426,142.0
2017-05-05,142.0,31.7,26,0.0,10.4,2668.0,15905.51,5.961585457271364,5,125,summer,74.3,112.0,88.9,64.4,91.73333333333333,64.17857142857143,151.0
2017-05-06,151.0,33.2,24,0.0,9.2,2088.0,15598.77,7.470675287356322,5,126,summer,142.0,74.3,112.0,34.6,109.43333333333332,75.26428571428572,128.0
2017-05-07,128.0,34.5,23,0.0,8.6,2291.0,18214.6,7.950501964207769,5,127,summer,151.0,142.0,74.3,36.55,122.43333333333332,91.89285714285714,120.0
2017-05-08,120.0,34.2,23,0.0,8.1,1528.0,14709.63,9.62672120418848,5,128,summer,128.0,151.0,142.0,38.5,140.33333333333334,104.95714285714287,68.2
2017-05-09,68.2,33.7,32,0.0,13.4,1930.0,12372.53,6.410637305699482,5,129,summer,120.0,128.0,151.0,88.9,133.0,116.60000000000001,52.6
2017-05-10,52.6,32.3,44,1.8,14.5,1356.0,7078.99,5.220494100294985,5,130,summer,68.2,120.0,128.0,112.0,105.39999999999999,113.64285714285714,167.0
2017-05-11,167.0,33.6,38,0.0,10.6,1051.0,6427.78,6.1158705994291145,5,131,summer,52.6,68.2,120.0,74.3,80.26666666666667,105.15714285714284,146.0
2017-05-12,146.0,33.1,37,1.4,9.1,1282.0,9494.03,7.405639625585024,5,132,summer,167.0,52.6,68.2,142.0,95.93333333333332,118.39999999999999,98.6
2017-05-13,98.6,33.6,33,0.1,9.4,613.0,4361.42,7.114877650897227,5,133,summer,146.0,167.0,52.6,151.0,121.86666666666667,118.97142857142856,86.8
2017-05-14,86.8,35.0,23,0.0,9.9,1213.0,8324.04,6.862357790601815,5,134,summer,98.6,146.0,167.0,128.0,137.2,111.48571428571428,64.5
2017-05-15,64.5,35.2,22,0.0,9.6,691.0,3021.25,4.3722865412445735,5,135,summer,86.8,98.6,146.0,120.0,110.46666666666665,105.60000000000001,92.0
2017-05-16,92.0,33.8,28,0.7,11.8,362.0,1890.07,5.221187845303867,5,136,summer,64.5,86.8,98.6,68.2,83.3,97.67142857142858,58.5
2017-05-17,58.5,31.1,40,1.0,8.0,261.0,1261.23,4.832298850574713,5,137,summer,92.0,64.5,86.8,52.6,81.09999999999998,101.07142857142857,71.6
2017-05-18,71.6,31.5,43,0.4,9.5,491.0,3091.37,6.296069246435845,5,138,summer,58.5,92.0,64.5,167.0,71.66666666666664,101.91428571428573,52.6
2017-05-19,52.6,33.1,38,0.0,8.3,528.0,3314.88,6.278181818181818,5,139,summer,71.6,58.5,92.0,146.0,74.03333333333332,88.28571428571429,66.6
2017-05-20,66.6,33.1,31,0.0,8.0,236.0,1326.43,5.620466101694915,5,140,summer,52.6,71.6,58.5,98.6,60.899999999999984,74.94285714285715,110.0
2017-05-21,110.0,32.4,34,0.0,9.5,24.0,77.74,3.2391666666666663,5,141,summer,66.6,52.6,71.6,86.8,63.59999999999999,70.37142857142857,124.0
2017-05-22,124.0,30.7,44,0.9,7.1,234.0,1230.32,5.257777777777777,5,142,summer,110.0,66.6,52.6,64.5,76.39999999999999,73.68571428571428,117.0
2017-05-23,117.0,31.5,42,0.1,9.4,365.0,2484.41,6.806602739726027,5,143,summer,124.0,110.0,66.6,92.0,100.19999999999999,82.18571428571428,71.8
2017-05-24,71.8,33.0,40,0.2,8.8,239.0,1542.56,6.454225941422594,5,144,summer,117.0,124.0,110.0,58.5,117.0,85.75714285714285,59.8
2017-05-25,59.8,33.5,39,0.0,8.0,186.0,1128.15,6.065322580645161,5,145,summer,71.8,117.0,124.0,71.6,104.26666666666665,87.65714285714286,76.0
2017-05-26,76.0,35.4,33,0.0,10.5,196.0,994.22,5.072551020408163,5,146,summer,59.8,71.8,117.0,52.6,82.86666666666666,85.97142857142856,48.8
2017-05-27,48.8,32.9,46,0.2,15.7,127.0,740.85,5.833464566929134,5,147,summer,76.0,59.8,71.8,66.6,69.19999999999999,89.3142857142857,29.5
2017-05-28,29.5,32.4,51,0.3,16.8,201.0,1090.14,5.423582089552239,5,148,summer,48.8,76.0,59.8,110.0,61.533333333333324,86.77142857142857,39.6
2017-05-29,39.6,29.9,57,2.4,13.8,56.0,366.47,6.544107142857143,5,149,summer,29.5,48.8,76.0,124.0,51.43333333333333,75.27142857142857,49.9
2017-05-30,49.9,30.0,61,0.5,7.3,124.0,662.41,5.342016129032258,5,150,summer,39.6,29.5,48.8,117.0,39.29999999999999,63.214285714285715,43.1
2017-05-31,43.1,30.9,57,0.2,12.4,23.0,74.11,3.2221739130434783,5,151,summer,49.9,39.6,29.5,71.8,39.666666666666664,53.628571428571426,72.7
2017-06-01,72.7,31.4,55,0.0,7.4,75.0,440.43,5.8724,6,152,summer,43.1,49.9,39.6,59.8,44.199999999999996,49.528571428571425,97.8
2017-06-02,97.8,32.6,43,0.0,8.9,118.0,729.38,6.181186440677966,6,153,summer,72.7,43.1,49.9,76.0,55.23333333333333,51.37142857142857,74.6
2017-06-03,74.6,35.2,35,0.0,12.2,77.0,352.57,4.578831168831169,6,154,summer,97.8,72.7,43.1,48.8,71.19999999999999,54.48571428571429,80.5
2017-06-04,80.5,37.3,26,0.0,16.4,147.0,753.32,5.124625850340136,6,155,summer,74.6,97.8,72.7,29.5,81.69999999999999,58.17142857142857,41.4
2017-06-05,41.4,37.9,29,0.0,19.3,60.0,379.25,6.320833333333334,6,156,summer,80.5,74.6,97.8,39.6,84.3,65.45714285714286,45.0
2017-06-06,45.0,36.8,36,0.3,16.4,15.0,70.97,4.731333333333334,6,157,summer,41.4,80.5,74.6,49.9,65.49999999999999,65.71428571428571,27.8
2017-06-07,27.8,31.7,57,0.6,13.0,9.0,38.16,4.239999999999999,6,158,summer,45.0,41.4,80.5,43.1,55.633333333333326,65.01428571428572,35.6
2017-06-08,35.6,31.4,57,3.8,6.4,4.0,54.73,13.6825,6,159,summer,27.8,45.0,41.4,72.7,38.066666666666656,62.82857142857142,57.0
2017-06-09,57.0,31.0,55,0.3,6.4,22.0,86.4,3.927272727272728,6,160,summer,35.6,27.8,45.0,97.8,36.133333333333326,57.528571428571425,61.5
2017-06-10,61.5,32.2,51,0.6,6.4,61.0,222.87,3.653606557377049,6,161,summer,57.0,35.6,27.8,74.6,40.133333333333326,51.699999999999996,34.3
2017-06-11,34.3,32.1,46,0.2,7.0,25.0,95.52,3.8208,6,162,summer,61.5,57.0,35.6,80.5,51.36666666666665,49.82857142857143,46.5
2017-06-12,46.5,32.8,42,0.0,10.6,78.0,350.21,4.489871794871795,6,163,summer,34.3,61.5,57.0,41.4,50.933333333333316,43.228571428571435,39.4
2017-06-13,39.4,33.7,37,0.1,9.8,133.0,501.49,3.770601503759399,6,164,summer,46.5,34.3,61.5,45.0,47.433333333333316,43.957142857142856,42.6
2017-06-14,42.6,34.4,35,0.4,12.2,54.0,297.89,5.516481481481481,6,165,summer,39.4,46.5,34.3,27.8,40.066666666666656,43.15714285714285,57.9
2017-06-15,57.9,32.9,48,2.2,10.6,72.0,287.84,3.9977777777777774,6,166,summer,42.6,39.4,46.5,35.6,42.83333333333332,45.27142857142858,44.0
2017-06-16,44.0,31.0,49,0.4,6.6,21.0,77.9,3.7095238095238097,6,167,summer,57.9,42.6,39.4,57.0,46.633333333333326,48.457142857142856,94.7
2017-06-17,94.7,30.5,61,7.0,7.2,10.0,36.63,3.663,6,168,summer,44.0,57.9,42.6,61.5,48.16666666666665,46.6,50.9
2017-06-18,50.9,30.8,66,3.1,8.7,134.0,458.61,3.4224626865671643,6,169,summer,94.7,44.0,57.9,34.3,65.53333333333332,51.34285714285714,53.6
2017-06-19,53.6,31.4,65,5.5,11.7,7.0,17.15,2.45,6,170,summer,50.9,94.7,44.0,46.5,63.19999999999999,53.714285714285715,28.1
2017-06-20,28.1,29.7,70,10.2,5.6,10.0,39.29,3.929,6,171,summer,53.6,50.9,94.7,39.4,66.39999999999999,54.728571428571435,106.0
2017-06-21,106.0,28.7,71,2.4,10.0,3.0,6.02,2.0066666666666664,6,172,summer,28.1,53.6,50.9,42.6,44.19999999999999,53.114285714285714,59.4
2017-06-22,59.4,29.1,68,0.0,8.3,3.0,2.06,0.6866666666666666,6,173,summer,106.0,28.1,53.6,57.9,62.566666666666656,62.17142857142857,38.8
2017-06-23,38.8,29.3,71,5.5,7.5,57.0,210.19,3.687543859649123,6,174,summer,59.4,106.0,28.1,44.0,64.49999999999999,62.385714285714286,51.3
2017-06-24,51.3,31.6,60,0.0,4.5,78.0,245.06,3.141794871794872,6,175,summer,38.8,59.4,106.0,94.7,68.06666666666665,61.642857142857146,65.6
2017-06-25,65.6,33.1,58,0.2,8.2,73.0,318.13,4.357945205479452,6,176,summer,51.3,38.8,59.4,50.9,49.83333333333332,55.442857142857136,45.6
2017-06-26,45.6,33.5,60,2.3,11.5,20.0,128.22,6.411,6,177,summer,65.6,51.3,38.8,53.6,51.899999999999984,57.54285714285714,34.5
2017-06-27,34.5,32.9,62,1.1,11.6,12.0,48.28,4.023333333333333,6,178,summer,45.6,65.6,51.3,28.1,54.16666666666666,56.39999999999999,24.0
2017-06-28,24.0,29.4,80,24.1,12.7,0.0,0.0,0.0,6,179,summer,34.5,45.6,65.6,106.0,48.566666666666656,57.31428571428571,20.7
2017-06-29,20.7,27.8,85,3.6,12.6,0.0,0.0,0.0,6,180,summer,24.0,34.5,45.6,59.4,34.69999999999999,45.6,19.1
2017-06-30,19.1,27.8,86,15.1,7.8,4.0,16.93,4.2325,6,181,summer,20.7,24.0,34.5,38.8,26.39999999999999,40.07142857142857,36.2
2017-07-01,36.2,28.6,85,10.5,5.8,9.0,34.94,3.882222222222222,7,182,monsoon,19.1,20.7,24.0,51.3,21.266666666666655,37.25714285714286,20.5
2017-07-02,20.5,27.9,86,12.4,9.3,7.0,20.86,2.98,7,183,monsoon,36.2,19.1,20.7,65.6,25.333333333333325,35.1,39.4
2017-07-03,39.4,29.2,82,3.5,6.1,13.0,43.31,3.331538461538462,7,184,monsoon,20.5,36.2,19.1,45.6,25.266666666666655,28.657142857142862,43.6
2017-07-04,43.6,30.8,75,3.8,14.9,48.0,155.29,3.235208333333333,7,185,monsoon,39.4,20.5,36.2,34.5,32.033333333333324,27.771428571428572,48.3
2017-07-05,48.3,30.8,71,0.4,12.3,2.0,6.539999999999999,3.27,7,186,monsoon,43.6,39.4,20.5,24.0,34.49999999999999,29.071428571428573,46.3
2017-07-06,46.3,30.1,72,1.0,8.5,10.0,36.73,3.673,7,187,monsoon,48.3,43.6,39.4,20.7,43.76666666666665,32.542857142857144,42.0
2017-07-07,42.0,29.9,75,1.7,9.2,11.0,34.52,3.138181818181818,7,188,monsoon,46.3,48.3,43.6,19.1,46.066666666666656,36.199999999999996,41.1
2017-07-08,41.1,31.0,72,0.1,8.0,12.0,47.41,3.9508333333333336,7,189,monsoon,42.0,46.3,48.3,36.2,45.533333333333324,39.471428571428575,52.5
2017-07-09,52.5,32.2,64,0.0,11.0,36.0,158.15,4.393055555555556,7,190,monsoon,41.1,42.0,46.3,20.5,43.133333333333326,40.17142857142857,39.3
2017-07-10,39.3,32.0,60,0.4,13.5,26.0,72.7,2.7961538461538464,7,191,monsoon,52.5,41.1,42.0,39.4,45.19999999999999,44.74285714285714,33.1
2017-07-11,33.1,30.4,69,1.4,9.8,8.0,24.13,3.01625,7,192,monsoon,39.3,52.5,41.1,43.6,44.29999999999999,44.72857142857142,21.0
2017-07-12,21.0,28.2,78,1.1,12.1,7.0,19.58,2.7971428571428567,7,193,monsoon,33.1,39.3,52.5,48.3,41.633333333333326,43.228571428571435,21.1
2017-07-13,21.1,29.2,72,0.6,12.9,8.0,16.94,2.1175,7,194,monsoon,21.0,33.1,39.3,46.3,31.133333333333326,39.32857142857143,24.2
2017-07-14,24.2,29.7,73,0.6,13.5,15.0,54.49,3.6326666666666663,7,195,monsoon,21.1,21.0,33.1,42.0,25.06666666666666,35.72857142857143,26.1
2017-07-15,26.1,29.5,76,9.6,12.7,23.0,116.66,5.072173913043478,7,196,monsoon,24.2,21.1,21.0,41.1,22.09999999999999,33.18571428571429,26.666666666666668
2017-07-16,26.666666666666668,29.8,79,5.1,9.4,5.0,14.0,2.8,7,197,monsoon,26.1,24.2,21.1,52.5,23.799999999999994,31.04285714285714,27.23333333333333
2017-07-17,27.23333333333333,29.7,80,5.8,8.3,1.0,0.59,0.59,7,198,monsoon,26.666666666666668,26.1,24.2,39.3,25.655555555555548,27.35238095238095,27.8
2017-07-18,27.8,30.2,79,4.3,6.6,6.0,17.46,2.91,7,199,monsoon,27.23333333333333,26.666666666666668,26.1,33.1,26.666666666666657,25.62857142857143,47.3
2017-07-19,47.3,31.5,73,2.0,6.3,14.0,59.1,4.221428571428572,7,200,monsoon,27.8,27.23333333333333,26.666666666666668,21.0,27.233333333333324,24.871428571428574,30.2
2017-07-20,30.2,29.4,78,14.0,11.0,6.0,10.37,1.7283333333333335,7,201,monsoon,47.3,27.8,27.23333333333333,21.1,34.1111111111111,28.62857142857143,27.7
2017-07-21,27.7,29.7,76,5.7,12.2,10.0,23.03,2.303,7,202,monsoon,30.2,47.3,27.8,24.2,35.09999999999999,29.928571428571427,27.419047619047618
2017-07-22,27.419047619047618,28.4,79,1.8,18.3,13.0,54.67,4.205384615384616,7,203,monsoon,27.7,30.2,47.3,26.1,35.066666666666656,30.428571428571427,27.13809523809524
2017-08-18,38.4,31.1,65,0.0,10.8,6.0,30.33,5.055,8,230,monsoon,34.9,30.4,29.0,21.8,31.433333333333323,24.571428571428573,34.6
2017-08-19,34.6,28.2,83,6.3,13.4,12.0,46.61,3.8841666666666663,8,231,monsoon,38.4,34.9,30.4,14.5,34.566666666666656,26.942857142857143,23.8
2017-08-20,23.8,29.6,74,0.4,13.1,7.0,14.15,2.021428571428572,8,232,monsoon,34.6,38.4,34.9,17.8,35.966666666666654,29.814285714285713,27.8
2017-09-14,64.6,29.5,73,0.0,6.1,20.0,76.57000000000001,3.828500000000001,9,257,monsoon,50.9,96.2,58.0,39.0,68.36666666666666,58.31428571428571,55.9
2017-09-15,55.9,29.3,69,0.0,7.8,13.0,28.88,2.221538461538461,9,258,monsoon,64.6,50.9,96.2,57.7,70.56666666666665,61.971428571428575,50.3
2017-09-16,50.3,28.7,71,0.0,6.0,44.0,174.85,3.973863636363636,9,259,monsoon,55.9,64.6,50.9,50.5,57.133333333333326,61.714285714285715,44.4
2017-09-17,44.4,28.7,69,0.0,9.8,101.0,469.86,4.652079207920792,9,260,monsoon,50.3,55.9,64.6,55.9,56.933333333333316,61.68571428571429,43.8
2017-09-18,43.8,29.1,65,0.0,9.5,39.0,155.94,3.9984615384615374,9,261,monsoon,44.4,50.3,55.9,58.0,50.19999999999999,60.04285714285714,54.0
2017-09-19,54.0,29.5,74,0.1,5.8,58.0,267.15,4.60603448275862,9,262,monsoon,43.8,44.4,50.3,96.2,46.16666666666665,58.01428571428571,50.9
2017-09-20,50.9,30.0,67,0.0,5.2,64.0,311.03,4.85984375,9,263,monsoon,54.0,43.8,44.4,50.9,47.4,51.98571428571428,39.6
2017-09-21,39.6,29.1,72,0.0,10.7,41.0,214.16,5.223414634146342,9,264,monsoon,50.9,54.0,43.8,64.6,49.566666666666656,51.98571428571429,9.78
2017-09-22,9.78,25.6,85,12.4,11.7,69.0,338.72,4.908985507246376,9,265,monsoon,39.6,50.9,54.0,55.9,48.16666666666666,48.41428571428571,8.83
2017-09-23,8.83,24.3,91,18.0,10.6,45.0,159.43,3.542888888888889,9,266,monsoon,9.78,39.6,50.9,50.3,33.426666666666655,41.82571428571429,30.3
2017-09-24,30.3,25.3,83,0.0,11.3,41.0,146.68,3.577560975609756,9,267,monsoon,8.83,9.78,39.6,44.4,19.403333333333325,35.901428571428575,48.5
2017-09-25,48.5,27.5,76,0.0,10.0,32.0,147.4,4.60625,9,268,monsoon,30.3,8.83,9.78,43.8,16.303333333333324,33.887142857142855,64.7
2017-09-26,64.7,28.3,71,0.0,6.5,62.0,346.6,5.590322580645162,9,269,monsoon,48.5,30.3,8.83,54.0,29.20999999999999,34.55857142857143,79.0
2017-09-27,79.0,28.4,66,0.0,6.4,93.0,491.29,5.282688172043011,9,270,monsoon,64.7,48.5,30.3,50.9,47.83333333333332,36.08714285714286,71.4
2017-09-28,71.4,28.6,64,0.0,6.2,171.0,817.33,4.779707602339181,9,271,monsoon,79.0,64.7,48.5,39.6,64.06666666666666,40.10142857142858,138.0
2017-09-29,138.0,29.0,64,0.0,6.8,108.0,514.64,4.765185185185185,9,272,monsoon,71.4,79.0,64.7,9.78,71.69999999999999,44.644285714285715,80.4
2017-09-30,80.4,28.8,63,0.0,7.6,146.0,663.29,4.5430821917808215,9,273,monsoon,138.0,71.4,79.0,8.83,96.13333333333333,62.96142857142858,86.8
2017-10-01,86.8,28.4,59,0.0,6.7,122.0,601.75,4.932377049180328,10,274,post_monsoon,80.4,138.0,71.4,30.3,96.59999999999998,73.18571428571428,54.8
2017-10-02,54.8,29.0,57,0.0,7.0,131.0,638.85,4.876717557251909,10,275,post_monsoon,86.8,80.4,138.0,48.5,101.7333333333333,81.25714285714287,54.4
2017-10-03,54.4,28.1,59,0.0,7.9,184.0,791.57,4.302010869565217,10,276,post_monsoon,54.8,86.8,80.4,64.7,73.99999999999999,82.15714285714286,76.3
2017-10-04,76.3,28.1,62,0.0,7.7,226.0,1104.65,4.88783185840708,10,277,post_monsoon,54.4,54.8,86.8,79.0,65.33333333333331,80.68571428571428,63.7
2017-10-05,63.7,28.1,65,0.0,8.5,248.0,1325.54,5.3449193548387095,10,278,post_monsoon,76.3,54.4,54.8,71.4,61.833333333333314,80.29999999999998,57.1
2017-10-06,57.1,27.9,56,0.0,8.9,247.0,1283.45,5.196153846153846,10,279,post_monsoon,63.7,76.3,54.4,138.0,64.79999999999997,79.2,66.1
2017-10-07,66.1,27.7,52,0.0,6.8,316.0,1749.74,5.5371518987341775,10,280,post_monsoon,57.1,63.7,76.3,80.4,65.69999999999997,67.64285714285714,108.0
2017-10-08,108.0,27.4,62,0.0,6.4,559.0,3158.82,5.650840787119857,10,281,post_monsoon,66.1,57.1,63.7,86.8,62.299999999999976,65.60000000000001,94.5
2017-10-09,94.5,27.9,63,0.0,7.7,504.0,2050.95,4.069345238095238,10,282,post_monsoon,108.0,66.1,57.1,54.8,77.06666666666665,68.62857142857142,99.7
2017-10-10,99.7,27.9,60,0.0,6.9,448.0,2362.82,5.274151785714286,10,283,post_monsoon,94.5,108.0,66.1,54.4,89.5333333333333,74.3,104.0
2017-10-11,104.0,27.9,59,0.0,7.2,231.0,1379.58,5.972207792207792,10,284,post_monsoon,99.7,94.5,108.0,76.3,100.7333333333333,80.77142857142857,128.0
2017-10-12,128.0,28.2,55,0.0,6.8,549.0,2799.29,5.098888888888889,10,285,post_monsoon,104.0,99.7,94.5,63.7,99.39999999999998,84.72857142857143,113.0
2017-10-13,113.0,28.1,48,0.0,7.3,548.0,3344.26,6.102664233576642,10,286,post_monsoon,128.0,104.0,99.7,57.1,110.56666666666665,93.91428571428571,114.0
2017-10-14,114.0,28.0,51,0.0,7.5,1119.0,5966.01,5.331554959785523,10,287,post_monsoon,113.0,128.0,104.0,66.1,114.99999999999999,101.9,1120.0
2017-10-15,1120.0,28.0,52,0.0,6.6,1278.0,7523.61,5.887018779342723,10,288,post_monsoon,114.0,113.0,128.0,108.0,118.33333333333331,108.74285714285715,695.0
2017-10-16,695.0,27.9,52,0.0,7.5,630.0,3859.56,6.126285714285714,10,289,post_monsoon,1120.0,114.0,113.0,94.5,449.0,253.31428571428572,138.0
2017-10-17,138.0,26.5,51,0.0,9.3,1032.0,5679.0,5.502906976744186,10,290,post_monsoon,695.0,1120.0,114.0,99.7,643.0,339.09999999999997,146.0
2017-10-18,146.0,26.2,62,0.0,7.8,1148.0,7801.44,6.79567944250871,10,291,post_monsoon,138.0,695.0,1120.0,104.0,651.0,344.57142857142856,158.0
2017-10-19,158.0,27.3,63,0.0,6.6,2230.0,14372.57,6.44509865470852,10,292,post_monsoon,146.0,138.0,695.0,128.0,326.3333333333333,350.57142857142856,612.0
2017-10-20,612.0,28.0,58,0.0,7.1,2577.0,13606.86,5.280116414435391,10,293,post_monsoon,158.0,146.0,138.0,113.0,147.33333333333334,354.85714285714283,226.0
2017-10-21,226.0,27.1,53,0.0,8.5,1407.0,8700.12,6.183454157782516,10,294,post_monsoon,612.0,158.0,146.0,114.0,305.3333333333333,426.14285714285717,150.0
2017-10-22,150.0,27.0,49,0.0,8.3,1090.0,6104.11,5.600100917431193,10,295,post_monsoon,226.0,612.0,158.0,1120.0,332.0,442.14285714285717,132.0
2017-10-23,132.0,26.5,55,0.0,6.7,1185.0,7239.75,6.109493670886076,10,296,post_monsoon,150.0,226.0,612.0,695.0,329.3333333333333,303.57142857142856,162.0
2017-10-24,162.0,25.5,51,0.0,10.2,1916.0,12516.45,6.532593945720251,10,297,post_monsoon,132.0,150.0,226.0,138.0,169.33333333333334,223.14285714285714,291.0
2017-10-25,291.0,25.1,46,0.0,7.0,2333.0,12857.88,5.511307329618517,10,298,post_monsoon,162.0,132.0,150.0,146.0,148.0,226.57142857142858,158.0
2017-10-26,158.0,24.7,51,0.0,7.2,1951.0,13644.44,6.993562275756023,10,299,post_monsoon,291.0,162.0,132.0,158.0,195.0,247.28571428571428,162.0
2017-10-27,162.0,24.0,60,0.0,6.4,1491.0,10175.5,6.824614352783367,10,300,post_monsoon,158.0,291.0,162.0,612.0,203.66666666666666,247.28571428571428,178.0
2017-10-28,178.0,24.7,61,0.0,6.8,2788.0,16737.44,6.00338593974175,10,301,post_monsoon,162.0,158.0,291.0,226.0,203.66666666666666,183.0,188.0
2017-10-29,188.0,23.9,61,0.0,6.5,3431.0,23634.69,6.888571844943165,10,302,post_monsoon,178.0,162.0,158.0,150.0,166.0,176.14285714285714,191.0
2017-10-30,191.0,23.4,63,0.0,6.4,3788.0,23509.77,6.206380675818374,10,303,post_monsoon,188.0,178.0,162.0,132.0,176.0,181.57142857142858,231.0
2017-10-31,231.0,24.0,63,0.0,4.8,3600.0,23616.88,6.560244444444445,10,304,post_monsoon,191.0,188.0,178.0,162.0,185.66666666666666,190.0,209.0
2017-11-01,209.0,24.4,61,0.0,7.8,2759.0,19738.32,7.154157303370787,11,305,post_monsoon,231.0,191.0,188.0,291.0,203.33333333333334,199.85714285714286,171.0
2017-11-02,171.0,23.9,69,0.0,6.5,1427.0,7572.67,5.3067063770147165,11,306,post_monsoon,209.0,231.0,191.0,158.0,210.33333333333334,188.14285714285714,194.0
2017-11-03,194.0,23.4,70,0.0,6.6,2024.0,12875.02,6.361175889328064,11,307,post_monsoon,171.0,209.0,231.0,162.0,203.66666666666666,190.0,188.0
2017-11-04,188.0,22.9,73,0.0,7.4,5387.0,32238.62,5.984521997401151,11,308,post_monsoon,194.0,171.0,209.0,178.0,191.33333333333334,194.57142857142858,190.0
2017-11-05,190.0,23.9,67,0.0,4.8,2703.0,12409.22,4.590906400295967,11,309,post_monsoon,188.0,194.0,171.0,188.0,184.33333333333334,196.0,171.0
2017-11-06,171.0,23.7,64,0.0,6.3,241.0,990.95,4.111825726141079,11,310,post_monsoon,190.0,188.0,194.0,191.0,190.66666666666666,196.28571428571428,566.0
2017-11-07,566.0,22.9,71,0.0,6.2,500.0,2849.78,5.69956,11,311,post_monsoon,171.0,190.0,188.0,231.0,183.0,193.42857142857142,896.0
2017-11-08,896.0,22.9,68,0.0,7.1,2568.0,12999.22,5.062001557632399,11,312,post_monsoon,566.0,171.0,190.0,209.0,309.0,241.28571428571428,534.0
2017-11-09,534.0,22.2,72,0.0,7.8,1045.0,6074.89,5.813291866028709,11,313,post_monsoon,896.0,566.0,171.0,171.0,544.3333333333334,339.42857142857144,408.0
2017-11-10,408.0,22.1,68,0.0,7.8,2101.0,9480.31,4.512284626368396,11,314,post_monsoon,534.0,896.0,566.0,194.0,665.3333333333334,391.2857142857143,354.0
2017-11-11,354.0,21.3,69,0.0,7.5,160.0,589.92,3.687,11,315,post_monsoon,408.0,534.0,896.0,188.0,612.6666666666666,421.85714285714283,505.0
2017-11-12,505.0,21.0,70,0.0,7.5,45.0,189.28,4.206222222222222,11,316,post_monsoon,354.0,408.0,534.0,190.0,432.0,445.57142857142856,446.0
2017-11-13,446.0,20.9,70,0.0,6.4,302.0,940.67,3.1148013245033117,11,317,post_monsoon,505.0,354.0,408.0,171.0,422.3333333333333,490.57142857142856,298.0
2017-11-14,298.0,21.1,66,0.0,11.9,1044.0,5479.75,5.248802681992337,11,318,post_monsoon,446.0,505.0,354.0,566.0,435.0,529.8571428571429,213.0
2017-11-15,213.0,20.8,64,0.0,9.1,98.0,324.06,3.306734693877551,11,319,post_monsoon,298.0,446.0,505.0,896.0,416.3333333333333,491.57142857142856,205.0
2017-11-16,205.0,20.0,66,0.2,8.6,122.0,502.75,4.120901639344262,11,320,post_monsoon,213.0,298.0,446.0,534.0,319.0,394.0,164.0
2017-11-17,164.0,19.9,69,0.1,9.4,290.0,1683.79,5.806172413793103,11,321,post_monsoon,205.0,213.0,298.0,408.0,238.66666666666666,347.0,179.0
2017-11-18,179.0,20.2,67,0.1,10.7,2478.0,14459.76,5.835254237288136,11,322,post_monsoon,164.0,205.0,213.0,354.0,194.0,312.14285714285717,166.0
2017-11-19,166.0,19.0,52,0.0,12.7,2537.0,17683.17,6.970110366574694,11,323,post_monsoon,179.0,164.0,205.0,505.0,182.66666666666666,287.14285714285717,182.0
2017-11-20,182.0,17.0,50,0.0,11.6,2631.0,16617.27,6.3159521094640825,11,324,post_monsoon,166.0,179.0,164.0,446.0,169.66666666666666,238.71428571428572,186.0
2017-11-21,186.0,16.5,51,0.0,11.8,2293.0,14161.18,6.175830789358918,11,325,post_monsoon,182.0,166.0,179.0,298.0,175.66666666666666,201.0,190.0
2017-11-22,190.0,16.7,51,0.0,11.8,992.0,6265.66,6.3161895161290325,11,326,post_monsoon,186.0,182.0,166.0,213.0,178.0,185.0,182.0
2017-11-23,182.0,16.6,47,0.0,11.6,1037.0,7354.21,7.091812921890067,11,327,post_monsoon,190.0,186.0,182.0,205.0,186.0,181.71428571428572,176.0
2017-11-24,176.0,16.9,47,0.0,9.9,730.0,5458.78,7.477780821917808,11,328,post_monsoon,182.0,190.0,186.0,164.0,186.0,178.42857142857142,185.0
2017-11-25,185.0,17.0,52,0.0,9.7,767.0,5353.27,6.979491525423728,11,329,post_monsoon,176.0,182.0,190.0,179.0,182.66666666666666,180.14285714285714,218.0
2017-11-26,218.0,17.0,61,0.0,8.4,680.0,3576.79,5.259985294117647,11,330,post_monsoon,185.0,176.0,182.0,166.0,181.0,181.0,240.0
2017-11-27,240.0,17.3,56,0.0,11.1,362.0,2104.36,5.813149171270719,11,331,post_monsoon,218.0,185.0,176.0,182.0,193.0,188.42857142857142,141.0
2017-11-28,141.0,17.4,58,0.0,8.8,201.0,1420.92,7.069253731343284,11,332,post_monsoon,240.0,218.0,185.0,186.0,214.33333333333334,196.71428571428572,169.0
2017-11-29,169.0,17.8,63,0.0,7.3,218.0,992.71,4.553715596330275,11,333,post_monsoon,141.0,240.0,218.0,190.0,199.66666666666666,190.28571428571428,245.0
2017-11-30,245.0,17.4,66,0.0,7.0,186.0,1070.12,5.753333333333333,11,334,post_monsoon,169.0,141.0,240.0,182.0,183.33333333333334,187.28571428571428,205.0
2017-12-01,205.0,17.1,60,0.0,5.8,219.0,886.9,4.0497716894977165,12,335,winter,245.0,169.0,141.0,176.0,185.0,196.28571428571428,172.0
2017-12-02,172.0,17.3,57,0.0,5.2,205.0,869.08,4.239414634146342,12,336,winter,205.0,245.0,169.0,185.0,206.33333333333334,200.42857142857142,240.0
2017-12-03,240.0,17.4,53,0.0,4.4,46.0,196.68,4.275652173913044,12,337,winter,172.0,205.0,245.0,218.0,207.33333333333334,198.57142857142858,270.0
2017-12-04,270.0,16.6,61,0.0,6.4,15.0,42.24,2.8160000000000003,12,338,winter,240.0,172.0,205.0,240.0,205.66666666666666,201.71428571428572,280.0
2017-12-05,280.0,17.3,60,0.0,6.4,19.0,73.93,3.891052631578948,12,339,winter,270.0,240.0,172.0,141.0,227.33333333333334,206.0,157.0
2017-12-06,157.0,17.5,51,0.0,8.4,77.0,395.79,5.14012987012987,12,340,winter,280.0,270.0,240.0,169.0,263.3333333333333,225.85714285714286,159.14285714285714
2017-12-07,159.14285714285714,17.4,37,0.1,11.3,190.0,675.53,3.5554210526315786,12,341,winter,157.0,280.0,270.0,245.0,235.66666666666666,224.14285714285714,161.28571428571428
2018-01-03,306.0,12.2,74,0.0,7.7,81.0,331.63,4.094197530864197,1,3,winter,383.0,370.0,273.0,202.0,342.0,294.57142857142856,243.0
2018-01-04,243.0,11.8,74,0.0,7.0,19.0,75.64,3.9810526315789474,1,4,winter,306.0,383.0,370.0,277.0,353.0,309.42857142857144,289.0
2018-01-05,289.0,12.3,74,0.0,6.8,44.0,185.75,4.221590909090909,1,5,winter,243.0,306.0,383.0,252.0,310.6666666666667,304.57142857142856,274.0
2018-01-06,274.0,12.0,76,0.0,7.4,98.0,452.22,4.614489795918367,1,6,winter,289.0,243.0,306.0,305.0,279.3333333333333,309.85714285714283,235.0
2018-01-07,235.0,11.9,69,0.0,12.0,119.0,409.05,3.437394957983193,1,7,winter,274.0,289.0,243.0,273.0,268.6666666666667,305.42857142857144,169.0
2018-01-08,169.0,12.1,70,0.0,10.8,158.0,501.57,3.174493670886076,1,8,winter,235.0,274.0,289.0,370.0,266.0,300.0,329.0
2018-01-09,329.0,12.1,71,0.0,9.6,106.0,399.31,3.767075471698113,1,9,winter,169.0,235.0,274.0,383.0,226.0,271.2857142857143,189.0
2018-01-10,189.0,13.3,68,0.0,14.3,76.0,263.98,3.473421052631579,1,10,winter,329.0,169.0,235.0,306.0,244.33333333333334,263.57142857142856,180.0
2018-01-11,180.0,13.9,63,0.0,14.7,28.0,262.7,9.382142857142856,1,11,winter,189.0,329.0,169.0,243.0,229.0,246.85714285714286,196.0
2018-01-12,196.0,14.8,58,0.0,10.9,99.0,227.22,2.295151515151515,1,12,winter,180.0,189.0,329.0,289.0,232.66666666666666,237.85714285714286,209.0
2018-01-13,209.0,14.0,69,0.0,8.1,218.0,839.1800000000001,3.849449541284404,1,13,winter,196.0,180.0,189.0,274.0,188.33333333333334,224.57142857142858,195.0
2018-01-14,195.0,13.5,69,0.0,9.8,194.0,817.31,4.212938144329897,1,14,winter,209.0,196.0,180.0,235.0,195.0,215.28571428571428,238.0
2018-01-15,238.0,13.9,63,0.0,12.0,143.0,480.33,3.358951048951049,1,15,winter,195.0,209.0,196.0,169.0,200.0,209.57142857142858,141.0
2018-01-16,141.0,14.6,57,0.0,12.1,151.0,1011.6,6.699337748344371,1,16,winter,238.0,195.0,209.0,329.0,214.0,219.42857142857142,242.0
2018-01-17,242.0,13.6,74,0.0,10.3,80.0,371.9,4.64875,1,17,winter,141.0,238.0,195.0,189.0,191.33333333333334,192.57142857142858,364.0
2018-01-18,364.0,15.1,76,0.0,7.4,247.0,810.73,3.2823076923076924,1,18,winter,242.0,141.0,238.0,180.0,207.0,200.14285714285714,298.0
2018-01-19,298.0,15.6,74,0.0,9.1,295.0,1100.77,3.731423728813559,1,19,winter,364.0,242.0,141.0,196.0,249.0,226.42857142857142,169.0
2018-01-20,169.0,14.5,64,0.0,11.9,201.0,719.79,3.581044776119403,1,20,winter,298.0,364.0,242.0,209.0,301.3333333333333,241.0,152.0
2018-01-21,152.0,14.1,57,0.0,6.8,252.0,1323.02,5.250079365079365,1,21,winter,169.0,298.0,364.0,195.0,277.0,235.28571428571428,206.0
2018-01-22,206.0,14.1,67,0.0,7.8,212.0,890.65,4.201179245283019,1,22,winter,152.0,169.0,298.0,238.0,206.33333333333334,229.14285714285714,203.0
2018-01-23,203.0,13.4,79,6.0,11.9,17.0,41.17,2.421764705882353,1,23,winter,206.0,152.0,169.0,141.0,175.66666666666666,224.57142857142858,180.0
2018-01-24,180.0,12.7,82,0.8,7.6,29.0,128.41,4.427931034482759,1,24,winter,203.0,206.0,152.0,242.0,187.0,233.42857142857142,137.0
2018-01-25,137.0,13.1,79,0.0,11.6,19.0,64.06,3.371578947368421,1,25,winter,180.0,203.0,206.0,364.0,196.33333333333334,224.57142857142858,201.0
2018-01-26,201.0,12.5,80,0.0,8.5,17.0,93.65,5.508823529411765,1,26,winter,137.0,180.0,203.0,298.0,173.33333333333334,192.14285714285714,200.0
2018-01-27,200.0,12.1,77,0.0,9.0,45.0,185.6,4.124444444444444,1,27,winter,201.0,137.0,180.0,169.0,172.66666666666666,178.28571428571428,208.0
2018-01-28,208.0,12.8,75,0.0,9.1,64.0,243.49,3.80453125,1,28,winter,200.0,201.0,137.0,152.0,179.33333333333334,182.71428571428572,198.0
2018-01-29,198.0,13.8,74,0.0,10.6,131.0,419.49,3.2022137404580158,1,29,winter,208.0,200.0,201.0,206.0,203.0,190.71428571428572,155.0
2018-01-30,155.0,16.3,68,0.0,16.7,99.0,324.3,3.275757575757576,1,30,winter,198.0,208.0,200.0,203.0,202.0,189.57142857142858,145.0
2018-01-31,145.0,17.6,64,0.0,18.4,42.0,172.49,4.1069047619047625,1,31,winter,155.0,198.0,208.0,180.0,187.0,182.71428571428572,137.0
2018-02-01,137.0,17.4,67,0.0,10.9,102.0,449.26,4.404509803921568,2,32,winter,145.0,155.0,198.0,137.0,166.0,177.71428571428572,167.0
2018-02-02,167.0,16.8,72,0.0,7.8,107.0,528.02,4.934766355140186,2,33,winter,137.0,145.0,155.0,201.0,145.66666666666666,177.71428571428572,89.8
2018-02-03,89.8,16.3,60,0.0,9.1,152.0,594.4,3.9105263157894736,2,34,winter,167.0,137.0,145.0,200.0,149.66666666666666,172.85714285714286,150.0
2018-02-04,150.0,14.4,59,0.0,11.0,152.0,656.49,4.319013157894737,2,35,winter,89.8,167.0,137.0,208.0,131.26666666666668,157.1142857142857,166.0
2018-02-05,166.0,14.8,56,0.0,8.0,32.0,470.09,14.6903125,2,36,winter,150.0,89.8,167.0,198.0,135.6,148.82857142857142,161.0
2018-02-06,161.0,16.0,52,0.0,11.5,71.0,300.45,4.23169014084507,2,37,winter,166.0,150.0,89.8,155.0,135.26666666666668,144.25714285714284,126.0
2018-02-07,126.0,14.4,53,0.0,12.4,114.0,441.61,3.8737719298245614,2,38,winter,161.0,166.0,150.0,145.0,159.0,145.1142857142857,146.0
2018-02-08,146.0,13.8,60,0.0,9.2,132.0,522.78,3.9604545454545454,2,39,winter,126.0,161.0,166.0,137.0,151.0,142.4,167.0
2018-02-09,167.0,14.4,60,0.0,9.1,206.0,805.11,3.9083009708737855,2,40,winter,146.0,126.0,161.0,167.0,144.33333333333334,143.68571428571428,141.0
2018-02-10,141.0,16.7,51,0.0,6.2,88.0,763.5600000000001,8.676818181818183,2,41,winter,167.0,146.0,126.0,89.8,146.33333333333334,143.68571428571428,111.0
2018-02-11,111.0,16.2,57,1.6,11.4,12.0,62.81,5.234166666666667,2,42,winter,141.0,167.0,146.0,150.0,151.33333333333334,151.0,81.3
2018-02-12,81.3,15.8,79,2.9,16.6,13.0,57.17,4.397692307692308,2,43,winter,111.0,141.0,167.0,166.0,139.66666666666666,145.42857142857142,84.3
2018-02-13,84.3,15.4,79,0.0,7.8,47.0,126.4,2.6893617021276595,2,44,winter,81.3,111.0,141.0,161.0,111.10000000000001,133.32857142857145,65.8
2018-02-14,65.8,15.5,66,0.0,14.8,84.0,299.56,3.566190476190476,2,45,winter,84.3,81.3,111.0,126.0,92.2,122.37142857142855,67.0
2018-02-15,67.0,16.8,64,0.0,15.6,42.0,117.91,2.807380952380952,2,46,winter,65.8,84.3,81.3,146.0,77.13333333333333,113.77142857142857,871.0
2018-02-16,871.0,17.7,66,0.0,11.8,33.0,139.15,4.216666666666667,2,47,winter,67.0,65.8,84.3,167.0,72.36666666666666,102.4857142857143,1990.0
2018-02-17,1990.0,18.0,67,0.0,11.7,56.0,309.79,5.531964285714286,2,48,winter,871.0,67.0,65.8,141.0,334.59999999999997,203.05714285714288,1990.0
2018-02-18,1990.0,17.6,59,0.0,9.7,85.0,387.74,4.56164705882353,2,49,winter,1990.0,871.0,67.0,111.0,976.0,467.2,1990.0
2018-02-19,1990.0,17.4,58,0.0,7.6,153.0,602.75,3.939542483660131,2,50,winter,1990.0,1990.0,871.0,81.3,1617.0,735.6285714285714,1080.0
2018-02-20,1080.0,19.4,60,0.0,8.2,134.0,605.72,4.520298507462687,2,51,winter,1990.0,1990.0,1990.0,84.3,1990.0,1008.3000000000001,513.0
2018-02-21,513.0,21.4,58,0.0,6.9,97.0,374.23,3.8580412371134014,2,52,winter,1080.0,1990.0,1990.0,65.8,1686.6666666666667,1150.542857142857,144.0
2018-02-22,144.0,21.7,63,0.0,7.8,35.0,87.67999999999999,2.505142857142857,2,53,winter,513.0,1080.0,1990.0,67.0,1194.3333333333333,1214.4285714285713,124.0
2018-02-23,124.0,21.9,69,0.0,6.3,17.0,129.36,7.609411764705883,2,54,winter,144.0,513.0,1080.0,871.0,579.0,1225.4285714285713,138.0
2018-02-24,138.0,21.1,73,1.9,8.5,27.0,104.13,3.8566666666666665,2,55,winter,124.0,144.0,513.0,1990.0,260.3333333333333,1118.7142857142858,99.4
2018-02-25,99.4,21.0,68,0.3,9.8,102.0,346.73,3.399313725490196,2,56,winter,138.0,124.0,144.0,1990.0,135.33333333333334,854.1428571428571,68.8
2018-02-26,68.8,20.5,63,0.0,16.8,47.0,218.48,4.648510638297872,2,57,winter,99.4,138.0,124.0,1990.0,120.46666666666665,584.0571428571428,66.6
2018-02-27,66.6,21.5,62,0.0,11.4,44.0,185.97,4.226590909090909,2,58,winter,68.8,99.4,138.0,1080.0,102.06666666666666,309.59999999999997,150.0
2018-02-28,150.0,21.6,67,0.0,8.2,25.0,83.27,3.3308,2,59,winter,66.6,68.8,99.4,513.0,78.26666666666667,164.82857142857142,107.0
2018-03-01,107.0,21.4,65,0.0,9.0,59.0,122.13,2.07,3,60,summer,150.0,66.6,68.8,144.0,95.13333333333333,112.97142857142856,118.0
2018-03-02,118.0,23.1,58,0.0,8.8,94.0,348.51,3.7075531914893616,3,61,summer,107.0,150.0,66.6,124.0,107.86666666666667,107.68571428571428,106.0
2018-03-03,106.0,22.6,60,0.0,7.7,12.0,38.55,3.2125,3,62,summer,118.0,107.0,150.0,138.0,125.0,106.82857142857142,66.3
2018-03-04,66.3,21.5,59,1.2,10.6,21.0,79.84,3.801904761904762,3,63,summer,106.0,118.0,107.0,99.4,110.33333333333333,102.25714285714285,80.6
2018-03-05,80.6,20.4,57,0.0,10.0,66.0,297.25,4.503787878787879,3,64,summer,66.3,106.0,118.0,68.8,96.76666666666667,97.52857142857144,78.2
2018-03-06,78.2,20.3,53,0.0,12.5,73.0,346.16,4.741917808219179,3,65,summer,80.6,66.3,106.0,66.6,84.30000000000001,99.21428571428571,80.8
2018-03-07,80.8,21.1,52,0.0,11.6,111.0,442.38,3.985405405405405,3,66,summer,78.2,80.6,66.3,150.0,75.03333333333335,100.87142857142858,71.5
2018-03-08,71.5,22.3,53,0.0,5.2,124.0,550.59,4.440241935483871,3,67,summer,80.8,78.2,80.6,107.0,79.86666666666667,90.98571428571428,141.0
2018-03-09,141.0,22.9,52,1.1,8.8,105.0,419.71,3.997238095238095,3,68,summer,71.5,80.8,78.2,118.0,76.83333333333336,85.91428571428573,85.4
2018-03-10,85.4,23.1,48,0.0,12.4,59.0,214.94,3.643050847457627,3,69,summer,141.0,71.5,80.8,106.0,97.7666666666667,89.2,104.0
2018-03-11,104.0,23.3,52,0.0,11.6,97.0,347.14,3.578762886597938,3,70,summer,85.4,141.0,71.5,66.3,99.30000000000001,86.25714285714285,118.0
2018-03-12,118.0,23.7,53,0.0,10.8,109.0,522.99,4.798073394495413,3,71,summer,104.0,85.4,141.0,80.6,110.13333333333334,91.64285714285714,90.5
2018-03-13,90.5,25.4,49,0.0,9.0,136.0,489.41,3.5986029411764706,3,72,summer,118.0,104.0,85.4,78.2,102.46666666666668,96.98571428571428,81.4
2018-03-14,81.4,25.8,37,0.0,8.7,57.0,246.45,4.323684210526316,3,73,summer,90.5,118.0,104.0,80.8,104.16666666666667,98.74285714285713,76.3
2018-03-15,76.3,23.8,42,0.0,9.8,61.0,261.37,4.284754098360656,3,74,summer,81.4,90.5,118.0,71.5,96.63333333333334,98.82857142857142,80.3
2018-03-16,80.3,22.7,48,0.0,9.7,68.0,265.66,3.906764705882354,3,75,summer,76.3,81.4,90.5,141.0,82.73333333333335,99.51428571428572,58.1
2018-03-17,58.1,21.9,40,0.0,12.3,121.0,469.85,3.883057851239669,3,76,summer,80.3,76.3,81.4,85.4,79.33333333333334,90.84285714285714,106.0
2018-03-18,106.0,22.7,41,0.0,11.3,174.0,685.53,3.939827586206897,3,77,summer,58.1,80.3,76.3,104.0,71.56666666666668,86.94285714285715,62.9
2018-03-19,62.9,23.6,41,0.0,8.5,127.0,563.22,4.434803149606299,3,78,summer,106.0,58.1,80.3,118.0,81.46666666666668,87.22857142857143,176.0
2018-03-20,176.0,24.3,49,0.2,6.5,93.0,314.65,3.3833333333333333,3,79,summer,62.9,106.0,58.1,90.5,75.66666666666667,79.35714285714286,127.0
2018-03-21,127.0,23.6,56,1.6,10.7,12.0,39.9,3.325,3,80,summer,176.0,62.9,106.0,81.4,114.96666666666668,91.57142857142857,70.4
2018-03-22,70.4,23.0,56,0.3,8.3,38.0,135.32999999999998,3.561315789473684,3,81,summer,127.0,176.0,62.9,76.3,121.96666666666668,98.08571428571427,54.3
2018-03-23,54.3,23.0,54,0.0,9.4,69.0,295.75,4.286231884057971,3,82,summer,70.4,127.0,176.0,80.3,124.4666666666667,97.24285714285715,75.0
2018-03-24,75.0,24.3,48,0.0,10.8,63.0,231.11,3.668412698412699,3,83,summer,54.3,70.4,127.0,58.1,83.90000000000002,93.52857142857144,98.0
2018-03-25,98.0,25.0,44,0.0,12.8,53.0,206.56,3.8973584905660377,3,84,summer,75.0,54.3,70.4,106.0,66.56666666666668,95.94285714285715,99.3
2018-03-26,99.3,26.0,42,0.0,13.6,86.0,365.58,4.250930232558139,3,85,summer,98.0,75.0,54.3,62.9,75.76666666666667,94.8,92.8
2018-03-27,92.8,26.3,40,0.0,9.8,106.0,445.74,4.205094339622642,3,86,summer,99.3,98.0,75.0,176.0,90.76666666666667,100.0,85.7
2018-03-28,85.7,27.9,37,0.0,9.4,254.0,1151.79,4.534606299212598,3,87,summer,92.8,99.3,98.0,127.0,96.7,88.11428571428573,73.2
2018-03-29,73.2,27.2,34,0.0,13.4,207.0,768.21,3.7111594202898552,3,88,summer,85.7,92.8,99.3,70.4,92.60000000000001,82.21428571428571,73.7
2018-03-30,73.7,26.8,34,0.0,14.4,124.0,598.21,4.824274193548387,3,89,summer,73.2,85.7,92.8,54.3,83.90000000000002,82.61428571428571,92.5
2018-03-31,92.5,25.7,47,0.0,11.9,96.0,559.61,5.829270833333333,3,90,summer,73.7,73.2,85.7,75.0,77.53333333333335,85.38571428571429,59.1
2018-04-01,59.1,26.5,45,0.0,10.7,79.0,325.06,4.114683544303798,4,91,summer,92.5,73.7,73.2,98.0,79.80000000000001,87.88571428571429,69.7
2018-04-02,69.7,28.0,45,0.0,8.5,59.0,251.39,4.260847457627119,4,92,summer,59.1,92.5,73.7,99.3,75.10000000000001,82.32857142857144,82.0
2018-04-03,82.0,28.7,44,1.7,9.0,76.0,388.25,5.108552631578948,4,93,summer,69.7,59.1,92.5,92.8,73.76666666666668,78.10000000000001,78.9
2018-04-04,78.9,29.2,43,0.0,8.3,67.0,261.13,3.897462686567164,4,94,summer,82.0,69.7,59.1,85.7,70.26666666666668,76.55714285714286,157.0
2018-04-05,157.0,28.6,49,2.1,6.4,28.0,95.15,3.398214285714286,4,95,summer,78.9,82.0,69.7,73.2,76.86666666666669,75.58571428571429,76.3
2018-04-06,76.3,27.9,52,1.1,6.9,33.0,191.52,5.803636363636364,4,96,summer,157.0,78.9,82.0,73.7,105.96666666666668,87.55714285714285,27.8
2018-04-07,27.8,26.9,54,3.4,10.6,38.0,123.75,3.256578947368421,4,97,summer,76.3,157.0,78.9,92.5,104.06666666666668,87.92857142857144,41.3
2018-04-08,41.3,26.7,55,1.3,13.0,55.0,200.7,3.649090909090909,4,98,summer,27.8,76.3,157.0,59.1,87.03333333333335,78.68571428571428,44.8
2018-04-09,44.8,25.6,62,3.5,10.3,6.0,70.54,11.756666666666668,4,99,summer,41.3,27.8,76.3,69.7,48.466666666666676,76.14285714285714,58.2
2018-04-10,58.2,26.7,58,3.1,8.6,33.0,105.6,3.2,4,100,summer,44.8,41.3,27.8,82.0,37.966666666666676,72.58571428571429,37.3
2018-04-11,37.3,25.3,63,2.5,12.8,15.0,54.98,3.665333333333333,4,101,summer,58.2,44.8,41.3,78.9,48.1,69.18571428571428,25.3
2018-04-12,25.3,25.4,61,0.2,6.1,24.0,67.2,2.8000000000000003,4,102,summer,37.3,58.2,44.8,157.0,46.76666666666667,63.24285714285713,57.1
2018-04-13,57.1,26.2,43,0.0,8.5,48.0,164.35,3.423958333333333,4,103,summer,25.3,37.3,58.2,76.3,40.26666666666667,44.42857142857142,63.3
2018-04-14,63.3,27.2,34,0.0,10.4,59.0,193.53,3.280169491525424,4,104,summer,57.1,25.3,37.3,27.8,39.90000000000001,41.68571428571429,83.2
2018-04-15,83.2,28.8,35,0.0,8.8,63.0,342.52,5.436825396825396,4,105,summer,63.3,57.1,25.3,41.3,48.566666666666684,46.75714285714286,76.7
2018-04-16,76.7,29.2,36,5.4,10.5,51.0,387.46,7.597254901960784,4,106,summer,83.2,63.3,57.1,44.8,67.86666666666667,52.74285714285714,53.8
2018-04-17,53.8,29.4,35,1.3,8.9,97.0,312.48,3.2214432989690724,4,107,summer,76.7,83.2,63.3,58.2,74.4,57.3,48.7
2018-04-18,48.7,29.4,28,0.0,15.5,202.0,1371.73,6.7907425742574254,4,108,summer,53.8,76.7,83.2,37.3,71.23333333333335,56.67142857142857,85.4
2018-04-19,85.4,30.0,28,0.0,11.5,248.0,1060.28,4.275322580645161,4,109,summer,48.7,53.8,76.7,25.3,59.73333333333335,58.3,79.8
2018-04-20,79.8,30.3,27,1.1,16.2,63.0,610.58,9.691746031746032,4,110,summer,85.4,48.7,53.8,57.1,62.63333333333335,66.88571428571429,132.0
2018-04-21,132.0,27.0,34,0.0,12.4,138.0,1064.77,7.715724637681159,4,111,summer,79.8,85.4,48.7,63.3,71.30000000000001,70.12857142857142,43.8
2018-04-22,43.8,27.5,25,0.0,15.0,166.0,822.39,4.954156626506024,4,112,summer,132.0,79.8,85.4,83.2,99.06666666666668,79.94285714285715,69.2
2018-04-23,69.2,28.3,23,0.0,13.6,257.0,1703.71,6.629221789883268,4,113,summer,43.8,132.0,79.8,76.7,85.2,74.31428571428572,216.0
2018-04-24,216.0,30.1,20,0.0,10.1,317.0,1695.38,5.34820189274448,4,114,summer,69.2,43.8,132.0,53.8,81.66666666666667,73.24285714285715,68.0
2018-04-25,68.0,31.8,20,0.0,10.2,377.0,1729.79,4.5883023872679045,4,115,summer,216.0,69.2,43.8,48.7,109.66666666666667,96.41428571428571,111.0
2018-04-26,111.0,32.5,20,0.0,9.1,307.0,1926.91,6.276579804560261,4,116,summer,68.0,216.0,69.2,85.4,117.73333333333335,99.17142857142856,88.3
2018-04-27,88.3,30.9,43,1.2,13.5,246.0,1170.0,4.7560975609756095,4,117,summer,111.0,68.0,216.0,79.8,131.66666666666666,102.82857142857142,81.8
2018-04-28,81.8,30.7,44,0.9,13.3,285.0,1392.15,4.884736842105263,4,118,summer,88.3,111.0,68.0,132.0,89.10000000000001,104.04285714285716,77.3
2018-04-29,77.3,30.8,43,0.4,9.8,538.0,3939.92,7.323271375464684,4,119,summer,81.8,88.3,111.0,43.8,93.7,96.87142857142858,68.5
2018-04-30,68.5,31.0,42,0.7,11.3,390.0,3268.65,8.381153846153847,4,120,summer,77.3,81.8,88.3,69.2,82.46666666666668,101.65714285714284,44.0
2018-05-01,44.0,30.5,52,10.5,17.7,638.0,3360.57,5.267351097178683,5,121,summer,68.5,77.3,81.8,216.0,75.86666666666667,101.55714285714285,53.6
2018-05-02,53.6,29.8,54,5.9,17.1,82.0,426.82,5.205121951219512,5,122,summer,44.0,68.5,77.3,68.0,63.26666666666667,76.98571428571428,42.6
2018-05-03,42.6,28.7,58,0.0,16.1,360.0,2571.3,7.1425,5,123,summer,53.6,44.0,68.5,111.0,55.366666666666674,74.92857142857143,33.8
2018-05-04,33.8,29.0,55,0.0,13.5,1088.0,6195.13,5.69405330882353,5,124,summer,42.6,53.6,44.0,88.3,46.73333333333335,65.15714285714286,49.7
2018-05-05,49.7,30.3,48,0.0,7.7,1410.0,10778.25,7.644148936170213,5,125,summer,33.8,42.6,53.6,81.8,43.33333333333334,57.371428571428574,81.5
2018-05-06,81.5,31.0,38,0.0,10.4,934.0,5439.59,5.823972162740899,5,126,summer,49.7,33.8,42.6,77.3,42.033333333333346,52.785714285714285,81.9
2018-05-07,81.9,30.5,37,0.0,8.6,1701.0,8936.42,5.253627278071723,5,127,summer,81.5,49.7,33.8,68.5,55.00000000000001,53.385714285714286,52.8
2018-05-08,52.8,27.2,46,3.5,9.1,1924.0,9792.68,5.08975051975052,5,128,summer,81.9,81.5,49.7,44.0,71.03333333333335,55.300000000000004,83.7
2018-05-09,83.7,28.1,44,2.2,7.2,2351.0,17244.73,7.335061675882603,5,129,summer,52.8,81.9,81.5,53.6,72.06666666666668,56.55714285714286,81.4
2018-05-10,81.4,30.2,38,0.0,8.3,3505.0,24881.39,7.098827389443652,5,130,summer,83.7,52.8,81.9,42.6,72.80000000000001,60.857142857142854,118.0
2018-05-11,118.0,32.5,36,0.0,9.2,2168.0,18629.52,8.592952029520296,5,131,summer,81.4,83.7,52.8,33.8,72.63333333333334,66.4,141.0
2018-05-12,141.0,32.3,42,1.1,9.6,1762.0,10987.2,6.235641316685585,5,132,summer,118.0,81.4,83.7,49.7,94.36666666666667,78.42857142857143,86.9
2018-05-13,86.9,29.6,56,3.8,11.7,1316.0,6097.24,4.633161094224924,5,133,summer,141.0,118.0,81.4,81.5,113.46666666666668,91.47142857142856,40.4
2018-05-14,40.4,30.0,52,0.0,8.0,349.0,1408.92,4.037020057306591,5,134,summer,86.9,141.0,118.0,81.9,115.3,92.24285714285715,57.7
2018-05-15,57.7,31.2,50,0.0,8.4,759.0,3322.26,4.3771541501976285,5,135,summer,40.4,86.9,141.0,52.8,89.43333333333334,86.31428571428572,175.0
2018-05-16,175.0,31.9,42,0.4,8.1,287.0,1682.98,5.86404181184669,5,136,summer,57.7,40.4,86.9,83.7,61.66666666666668,87.01428571428572,86.7
2018-05-17,86.7,32.7,30,0.0,8.2,361.0,1942.67,5.381357340720222,5,137,summer,175.0,57.7,40.4,81.4,91.03333333333335,100.05714285714286,87.2
2018-05-18,87.2,32.5,32,0.0,6.9,1066.0,4761.34,4.466547842401501,5,138,summer,86.7,175.0,57.7,118.0,106.46666666666668,100.8142857142857,73.2
2018-05-19,73.2,32.1,38,1.5,6.5,830.0,4461.82,5.375686746987952,5,139,summer,87.2,86.7,175.0,141.0,116.30000000000001,96.41428571428573,61.8
2018-05-20,61.8,32.9,28,0.0,10.2,1320.0,8477.79,6.422568181818183,5,140,summer,73.2,87.2,86.7,86.9,82.36666666666667,86.72857142857143,52.7
2018-05-21,52.7,33.7,17,0.0,11.7,1451.0,6571.86,4.529193659545141,5,141,summer,61.8,73.2,87.2,40.4,74.06666666666668,83.14285714285714,802.0
2018-05-22,802.0,35.5,18,0.0,9.8,1540.0,8826.34,5.731389610389611,5,142,summer,52.7,61.8,73.2,57.7,62.566666666666684,84.89999999999999,443.0
2018-05-23,443.0,34.5,26,0.1,10.2,1178.0,6717.2,5.70220713073005,5,143,summer,802.0,52.7,61.8,175.0,305.5,191.22857142857143,188.0
2018-05-24,188.0,33.8,30,0.0,9.2,1508.0,11117.98,7.372665782493368,5,144,summer,443.0,802.0,52.7,86.7,432.56666666666666,229.5142857142857,410.0
2018-05-25,410.0,34.6,25,0.0,9.3,1214.0,8286.8,6.826029654036243,5,145,summer,188.0,443.0,802.0,87.2,477.6666666666667,243.98571428571427,99.5
2018-05-26,99.5,34.9,17,0.0,9.2,1311.0,7221.38,5.508299008390542,5,146,summer,410.0,188.0,443.0,73.2,347.0,290.1,63.8
2018-05-27,63.8,35.3,19,0.0,10.8,834.0,4069.7,4.879736211031175,5,147,summer,99.5,410.0,188.0,61.8,232.5,293.85714285714283,81.0
2018-05-28,81.0,34.8,28,0.0,9.2,846.0,4362.1,5.156146572104019,5,148,summer,63.8,99.5,410.0,52.7,191.1,294.14285714285717,89.2
2018-05-29,89.2,34.0,33,0.0,12.6,589.0,4028.3,6.839219015280136,5,149,summer,81.0,63.8,99.5,802.0,81.43333333333334,298.1857142857143,47.5
2018-05-30,47.5,32.8,49,0.7,14.3,272.0,1373.0,5.047794117647059,5,150,summer,89.2,81.0,63.8,443.0,78.0,196.35714285714286,51.5
2018-05-31,51.5,34.3,45,0.0,11.1,215.0,1067.26,4.964,5,151,summer,47.5,89.2,81.0,188.0,72.56666666666666,139.85714285714286,59.0
2018-06-01,59.0,33.9,48,4.8,18.0,56.0,265.92,4.748571428571429,6,152,summer,51.5,47.5,89.2,410.0,62.73333333333333,120.35714285714286,37.1
2018-06-02,37.1,33.0,49,0.0,15.6,94.0,399.98,4.255106382978724,6,153,summer,59.0,51.5,47.5,99.5,52.666666666666664,70.21428571428571,44.0
2018-06-03,44.0,32.9,53,0.0,13.3,131.0,537.76,4.105038167938932,6,154,summer,37.1,59.0,51.5,63.8,49.199999999999996,61.300000000000004,53.5
2018-06-04,53.5,34.9,45,0.0,16.0,89.0,412.48,4.634606741573034,6,155,summer,44.0,37.1,59.0,81.0,46.699999999999996,58.471428571428575,38.3
2018-06-05,38.3,35.3,45,0.7,16.1,109.0,559.5,5.13302752293578,6,156,summer,53.5,44.0,37.1,89.2,44.86666666666667,54.542857142857144,47.8
2018-06-06,47.8,33.4,55,0.8,12.3,10.0,23.68,2.368,6,157,summer,38.3,53.5,44.0,47.5,45.26666666666667,47.271428571428565,58.6
2018-06-07,58.6,34.1,53,0.0,8.3,102.0,366.65,3.5946078431372546,6,158,summer,47.8,38.3,53.5,51.5,46.53333333333333,47.31428571428571,59.6
2018-06-08,59.6,34.8,52,0.0,16.1,99.0,352.72,3.562828282828283,6,159,summer,58.6,47.8,38.3,59.0,48.23333333333333,48.32857142857143,47.6
2018-06-09,47.6,31.5,69,15.2,14.0,0.0,0.0,0.0,6,160,summer,59.6,58.6,47.8,37.1,55.333333333333336,48.41428571428571,47.2
2018-06-10,47.2,31.5,68,1.9,6.6,79.0,307.33,3.890253164556962,6,161,summer,47.6,59.6,58.6,44.0,55.26666666666667,49.91428571428571,60.8
2018-06-11,60.8,34.0,52,0.0,11.1,41.0,196.32,4.788292682926829,6,162,summer,47.2,47.6,59.6,53.5,51.46666666666667,50.37142857142857,146.0
2018-06-12,146.0,35.5,40,0.0,13.5,80.0,495.34,6.191750000000001,6,163,summer,60.8,47.2,47.6,38.3,51.866666666666674,51.41428571428571,237.0
2018-06-13,237.0,36.4,38,0.0,16.8,84.0,487.14,5.799285714285714,6,164,summer,146.0,60.8,47.2,47.8,84.66666666666667,66.8,286.0
2018-06-14,286.0,36.0,37,0.0,19.8,7.0,23.37,3.3385714285714285,6,165,summer,237.0,146.0,60.8,58.6,147.93333333333334,93.82857142857142,124.0
2018-06-15,124.0,35.5,36,0.0,17.8,10.0,26.96,2.696,6,166,summer,286.0,237.0,146.0,59.6,223.0,126.31428571428572,155.0
2018-06-16,155.0,34.9,41,0.0,14.1,6.0,11.57,1.9283333333333332,6,167,summer,124.0,286.0,237.0,47.6,215.66666666666666,135.5142857142857,95.65
2018-06-17,95.65,31.7,58,0.2,10.4,2.0,2.37,1.185,6,168,summer,155.0,124.0,286.0,47.2,188.33333333333334,150.85714285714286,36.3
2018-06-18,36.3,31.1,55,0.6,8.2,4.0,10.23,2.5575,6,169,summer,95.65,155.0,124.0,60.8,124.88333333333333,157.77857142857144,41.2
2018-06-19,41.2,32.6,51,0.0,8.5,19.0,41.62,2.190526315789473,6,170,summer,36.3,95.65,155.0,146.0,95.64999999999999,154.27857142857144,56.6
2018-06-20,56.6,34.9,45,0.0,5.7,75.0,304.85,4.064666666666667,6,171,summer,41.2,36.3,95.65,237.0,57.71666666666667,139.30714285714288,64.6
2018-06-21,64.6,35.4,42,0.0,7.4,135.0,652.73,4.835037037037037,6,172,summer,56.6,41.2,36.3,286.0,44.699999999999996,113.5357142857143,60.9
2018-06-22,60.9,36.5,38,0.0,5.8,34.0,151.27,4.449117647058824,6,173,summer,64.6,56.6,41.2,124.0,54.133333333333326,81.90714285714286,66.4
2018-06-23,66.4,35.9,39,0.0,8.5,25.0,96.14,3.8456,6,174,summer,60.9,64.6,56.6,155.0,60.699999999999996,72.89285714285714,47.4
2018-06-24,47.4,35.6,39,0.0,9.2,122.0,628.78,5.153934426229508,6,175,summer,66.4,60.9,64.6,95.65,63.96666666666667,60.23571428571428,65.5
2018-06-25,65.5,36.3,36,0.0,13.2,95.0,326.28000000000003,3.434526315789474,6,176,summer,47.4,66.4,60.9,36.3,58.23333333333334,53.34285714285715,43.6
2018-06-26,43.6,32.9,52,1.8,9.3,144.0,581.87,4.040763888888889,6,177,summer,65.5,47.4,66.4,41.2,59.76666666666667,57.51428571428572,38.3
2018-06-27,38.3,29.2,78,29.8,9.0,6.0,20.25,3.375,6,178,summer,43.6,65.5,47.4,56.6,52.166666666666664,57.857142857142854,20.4
2018-06-28,20.4,28.6,81,12.6,14.5,1.0,0.44,0.44,6,179,summer,38.3,43.6,65.5,64.6,49.13333333333333,55.24285714285714,33.3
2018-06-29,33.3,29.4,76,4.3,16.6,4.0,8.36,2.09,6,180,summer,20.4,38.3,43.6,60.9,34.1,48.92857142857144,38.3
2018-06-30,38.3,29.6,79,4.9,8.5,2.0,4.470000000000001,2.2350000000000003,6,181,summer,33.3,20.4,38.3,66.4,30.666666666666668,44.98571428571428,25.7
2018-07-01,25.7,30.7,75,4.7,10.8,4.0,15.3,3.825,7,182,monsoon,38.3,33.3,20.4,47.4,30.666666666666668,40.971428571428575,27.5
2018-07-02,27.5,30.6,72,15.2,12.0,52.0,153.87,2.9590384615384617,7,183,monsoon,25.7,38.3,33.3,65.5,32.43333333333333,37.87142857142857,36.0
2018-07-03,36.0,30.6,68,0.7,8.6,2.0,11.48,5.74,7,184,monsoon,27.5,25.7,38.3,43.6,30.5,32.44285714285714,41.8
2018-07-04,41.8,29.1,78,4.8,8.9,0.0,0.0,0.0,7,185,monsoon,36.0,27.5,25.7,38.3,29.733333333333334,31.357142857142858,46.8
2018-07-05,46.8,30.8,71,0.0,6.0,2.0,4.78,2.39,7,186,monsoon,41.8,36.0,27.5,20.4,35.1,31.857142857142858,50.2
2018-07-06,50.2,31.1,67,0.0,8.2,8.0,25.14,3.1425,7,187,monsoon,46.8,41.8,36.0,33.3,41.53333333333333,35.628571428571426,56.3
2018-07-07,56.3,31.7,65,0.0,7.8,35.0,87.36,2.496,7,188,monsoon,50.2,46.8,41.8,38.3,46.26666666666667,38.042857142857144,59.5
2018-07-08,59.5,32.9,61,0.0,6.3,28.0,73.37,2.620357142857143,7,189,monsoon,56.3,50.2,46.8,25.7,51.1,40.61428571428571,70.3
2018-07-09,70.3,32.9,64,0.1,9.6,55.0,187.06,3.401090909090909,7,190,monsoon,59.5,56.3,50.2,27.5,55.333333333333336,45.44285714285714,43.0
2018-07-10,43.0,32.8,67,0.3,11.8,7.0,33.32,4.76,7,191,monsoon,70.3,59.5,56.3,36.0,62.03333333333333,51.55714285714286,36.8
2018-07-11,36.8,31.8,72,4.5,9.6,2.0,1.54,0.77,7,192,monsoon,43.0,70.3,59.5,41.8,57.6,52.55714285714286,48.1
2018-07-12,48.1,29.6,80,25.5,7.9,18.0,56.88,3.16,7,193,monsoon,36.8,43.0,70.3,46.8,50.03333333333333,51.84285714285714,29.4
2018-07-13,29.4,29.1,82,6.6,8.3,1.0,1.54,1.54,7,194,monsoon,48.1,36.8,43.0,50.2,42.63333333333333,52.02857142857143,33.4
2018-07-14,33.4,28.5,85,6.4,8.6,9.0,22.21,2.467777777777778,7,195,monsoon,29.4,48.1,36.8,56.3,38.1,49.05714285714286,30.8
2018-07-15,30.8,29.4,83,7.4,9.4,16.0,49.63,3.101875,7,196,monsoon,33.4,29.4,48.1,59.5,36.96666666666667,45.785714285714285,116.0
2018-07-16,116.0,29.1,85,10.9,9.3,4.0,11.71,2.9275,7,197,monsoon,30.8,33.4,29.4,70.3,31.2,41.68571428571429,50.5
2018-07-17,50.5,30.4,80,3.5,9.3,5.0,9.42,1.884,7,198,monsoon,116.0,30.8,33.4,43.0,60.06666666666666,48.214285714285715,29.9
2018-07-18,29.9,30.1,80,12.2,9.8,10.0,32.33,3.233,7,199,monsoon,50.5,116.0,30.8,36.8,65.76666666666667,49.285714285714285,34.3
2018-07-19,34.3,30.1,80,13.3,6.5,0.0,0.0,0.0,7,200,monsoon,29.9,50.5,116.0,48.1,65.46666666666667,48.300000000000004,36.4
2018-07-20,36.4,29.4,84,8.3,4.2,2.0,9.8,4.9,7,201,monsoon,34.3,29.9,50.5,29.4,38.23333333333333,46.32857142857142,55.4
2018-07-21,55.4,28.4,89,20.9,5.5,0.0,0.0,0.0,7,202,monsoon,36.4,34.3,29.9,33.4,33.53333333333333,47.32857142857143,27.7
2018-07-22,27.7,27.4,91,30.6,4.9,0.0,0.0,0.0,7,203,monsoon,55.4,36.4,34.3,30.8,42.03333333333333,50.471428571428575,29.7
2018-07-23,29.7,28.8,86,5.1,6.5,6.0,9.81,1.635,7,204,monsoon,27.7,55.4,36.4,116.0,39.833333333333336,50.028571428571425,37.4
2018-07-24,37.4,30.0,78,1.5,5.0,2.0,1.34,0.6699999999999999,7,205,monsoon,29.7,27.7,55.4,50.5,37.6,37.699999999999996,30.2
2018-07-25,30.2,28.8,85,8.2,6.6,1.0,2.2,2.2,7,206,monsoon,37.4,29.7,27.7,29.9,31.599999999999998,35.82857142857143,30.7
2018-07-26,30.7,26.9,91,16.3,7.1,0.0,0.0,0.0,7,207,monsoon,30.2,37.4,29.7,34.3,32.43333333333333,35.871428571428574,26.1
2018-07-27,26.1,26.8,90,14.2,6.6,0.0,0.0,0.0,7,208,monsoon,30.7,30.2,37.4,36.4,32.76666666666666,35.357142857142854,95.0
2018-07-28,95.0,28.1,83,2.8,12.6,0.0,0.0,0.0,7,209,monsoon,26.1,30.7,30.2,55.4,29.0,33.885714285714286,35.0
2018-07-29,35.0,29.0,82,2.4,9.2,1.0,2.58,2.58,7,210,monsoon,95.0,26.1,30.7,27.7,50.6,39.542857142857144,397.0
2018-07-30,397.0,29.2,79,2.4,10.4,2.0,9.66,4.83,7,211,monsoon,35.0,95.0,26.1,29.7,52.03333333333334,40.58571428571429,40.1
2018-07-31,40.1,29.7,76,2.5,11.9,2.0,4.53,2.265,7,212,monsoon,397.0,35.0,95.0,37.4,175.66666666666666,93.05714285714286,35.7
2018-08-01,35.7,29.9,74,0.4,12.5,7.0,10.58,1.5114285714285711,8,213,monsoon,40.1,397.0,35.0,30.2,157.36666666666667,93.44285714285715,63.8
2018-08-02,63.8,30.5,70,0.2,12.0,9.0,28.7,3.1888888888888887,8,214,monsoon,35.7,40.1,397.0,30.7,157.6,94.22857142857143,54.2
2018-08-03,54.2,30.4,67,0.0,13.1,8.0,19.01,2.37625,8,215,monsoon,63.8,35.7,40.1,26.1,46.53333333333333,98.95714285714287,54.4
2018-08-04,54.4,30.4,66,0.0,12.4,0.0,0.0,0.0,8,216,monsoon,54.2,63.8,35.7,95.0,51.23333333333334,102.97142857142858,53.9
2018-08-05,53.9,29.1,72,1.3,11.8,4.0,18.14,4.535,8,217,monsoon,54.4,54.2,63.8,35.0,57.46666666666666,97.17142857142858,48.5
2018-08-06,48.5,26.8,86,4.6,5.7,0.0,0.0,0.0,8,218,monsoon,53.9,54.4,54.2,397.0,54.166666666666664,99.87142857142858,41.6
2018-08-07,41.6,26.6,91,19.4,4.9,3.0,16.41,5.47,8,219,monsoon,48.5,53.9,54.4,40.1,52.26666666666666,50.085714285714296,26.0
2018-08-08,26.0,27.9,86,9.4,8.4,16.0,38.05,2.3781250000000003,8,220,monsoon,41.6,48.5,53.9,35.7,48.0,50.300000000000004,26.8
2018-08-09,26.8,29.2,82,2.9,8.6,11.0,24.17,2.1972727272727277,8,221,monsoon,26.0,41.6,48.5,63.8,38.699999999999996,48.91428571428572,34.9
2018-08-10,34.9,29.5,83,2.9,5.7,5.0,28.64,5.728,8,222,monsoon,26.8,26.0,41.6,54.2,31.466666666666665,43.62857142857143,22.3
2018-08-11,22.3,29.8,78,2.7,13.7,1.0,3.23,3.23,8,223,monsoon,34.9,26.8,26.0,54.4,29.233333333333334,40.871428571428574,13.2
2018-08-12,13.2,28.8,79,2.1,9.2,7.0,44.12,6.302857142857143,8,224,monsoon,22.3,34.9,26.8,53.9,28.0,36.2857142857143,21.7
2018-08-13,21.7,29.1,77,2.5,5.2,5.0,39.47,7.894,8,225,monsoon,13.2,22.3,34.9,48.5,23.46666666666667,30.471428571428582,35.3
2018-08-14,35.3,29.3,79,1.0,6.3,7.0,13.7,1.9571428571428573,8,226,monsoon,21.7,13.2,22.3,41.6,19.066666666666666,26.64285714285715,35.7
2018-08-15,35.7,29.0,84,7.4,7.4,3.0,10.6,3.533333333333333,8,227,monsoon,35.3,21.7,13.2,26.0,23.400000000000002,25.74285714285715,25.0
2018-08-16,25.0,29.1,85,3.4,6.9,2.0,2.88,1.44,8,228,monsoon,35.7,35.3,21.7,26.8,30.900000000000002,27.128571428571433,19.6
2018-08-17,19.6,29.4,83,3.4,10.1,2.0,3.68,1.84,8,229,monsoon,25.0,35.7,35.3,34.9,32.0,26.871428571428584,20.5
2018-08-18,20.5,29.2,84,6.4,7.2,4.0,12.7,3.175,8,230,monsoon,19.6,25.0,35.7,22.3,26.76666666666667,24.685714285714294,41.2
2018-08-19,41.2,28.9,87,4.9,6.0,12.0,38.36,3.1966666666666668,8,231,monsoon,20.5,19.6,25.0,13.2,21.7,24.428571428571438,103.0
2018-08-20,103.0,29.2,86,3.6,5.3,3.0,6.34,2.1133333333333333,8,232,monsoon,41.2,20.5,19.6,21.7,27.100000000000005,28.428571428571438,111.0
2018-08-21,111.0,29.5,85,2.5,6.6,3.0,15.85,5.283333333333334,8,233,monsoon,103.0,41.2,20.5,35.3,54.900000000000006,40.04285714285715,119.0
2018-08-22,119.0,29.3,84,10.1,5.7,0.0,0.0,0.0,8,234,monsoon,111.0,103.0,41.2,35.7,85.06666666666668,50.85714285714287,127.0
2018-08-23,127.0,28.3,88,12.4,7.6,1.0,1.22,1.22,8,235,monsoon,119.0,111.0,103.0,25.0,111.0,62.75714285714287,11.5
2018-08-24,11.5,28.6,83,9.1,10.1,7.0,22.8,3.257142857142857,8,236,monsoon,127.0,119.0,111.0,19.6,119.0,77.32857142857144,11.9
2018-08-25,11.9,28.5,79,1.8,12.5,3.0,4.35,1.45,8,237,monsoon,11.5,127.0,119.0,20.5,85.83333333333333,76.17142857142858,135.0
2018-08-26,135.0,28.6,80,1.7,8.4,0.0,0.0,0.0,8,238,monsoon,11.9,11.5,127.0,41.2,50.13333333333333,74.94285714285715,14.8
2018-08-27,14.8,27.5,89,6.0,4.2,1.0,3.12,3.12,8,239,monsoon,135.0,11.9,11.5,103.0,52.80000000000001,88.34285714285716,23.0
2018-08-28,23.0,27.6,88,14.0,7.4,0.0,0.0,0.0,8,240,monsoon,14.8,135.0,11.9,111.0,53.90000000000001,75.74285714285715,17.1
2018-08-29,17.1,28.0,89,4.6,5.9,8.0,44.86,5.6075,8,241,monsoon,23.0,14.8,135.0,119.0,57.600000000000016,63.17142857142858,91.5
2018-08-30,91.5,29.0,85,3.5,6.2,15.0,44.93,2.9953333333333334,8,242,monsoon,17.1,23.0,14.8,127.0,18.30000000000001,48.61428571428572,42.6
2018-08-31,42.6,29.5,81,1.2,8.8,8.0,67.0,8.375,8,243,monsoon,91.5,17.1,23.0,11.5,43.866666666666674,43.54285714285715,178.0
2018-09-01,178.0,28.3,86,1.3,5.1,3.0,12.82,4.273333333333333,9,244,monsoon,42.6,91.5,17.1,11.9,50.40000000000001,47.9857142857143,1990.0
2018-09-02,1990.0,26.7,90,32.7,4.7,1.0,5.92,5.92,9,245,monsoon,178.0,42.6,91.5,135.0,104.03333333333335,71.71428571428574,668.0
2018-09-03,668.0,26.7,90,8.2,4.2,9.0,39.97,4.441111111111111,9,246,monsoon,1990.0,178.0,42.6,14.8,736.8666666666667,336.7142857142857,248.0
2018-09-04,248.0,26.7,91,9.0,4.8,26.0,105.05,4.040384615384616,9,247,monsoon,668.0,1990.0,178.0,23.0,945.3333333333334,430.0285714285714,780.0
2018-09-05,780.0,27.7,85,0.9,8.4,1.0,1.44,1.44,9,248,monsoon,248.0,668.0,1990.0,17.1,968.6666666666666,462.1714285714285,34.6
2018-09-06,34.6,28.0,83,7.9,6.4,9.0,61.28,6.808888888888889,9,249,monsoon,780.0,248.0,668.0,91.5,565.3333333333334,571.1571428571428,29.3
2018-09-07,29.3,27.9,88,8.6,6.8,3.0,3.0700000000000003,1.0233333333333334,9,250,monsoon,34.6,780.0,248.0,42.6,354.2,563.0285714285714,17.0
2018-09-08,17.0,27.4,86,8.0,13.1,8.0,44.13,5.51625,9,251,monsoon,29.3,34.6,780.0,178.0,281.3,561.1285714285715,12.7
2018-09-09,12.7,27.0,83,0.2,14.1,3.0,4.84,1.6133333333333333,9,252,monsoon,17.0,29.3,34.6,1990.0,26.96666666666667,538.1285714285715,62.3
2018-09-10,62.3,27.5,83,2.4,7.0,7.0,17.77,2.5385714285714287,9,253,monsoon,12.7,17.0,29.3,668.0,19.666666666666668,255.65714285714284,182.0
2018-09-17,52.6,28.1,71,0.0,7.8,15.0,92.45,6.163333333333333,9,260,monsoon,34.4,1990.0,103.0,62.3,709.1333333333333,474.34000000000003,48.2
2018-09-18,48.2,27.6,69,0.0,8.9,20.0,76.34,3.817,9,261,monsoon,52.6,34.4,1990.0,182.0,692.3333333333334,472.4,53.0
2018-09-21,124.0,27.2,78,6.2,13.2,83.0,391.81,4.720602409638555,9,264,monsoon,153.0,53.0,48.2,103.0,84.73333333333333,347.74285714285713,61.5
2018-09-22,61.5,24.9,88,50.6,17.1,9.0,61.73,6.858888888888889,9,265,monsoon,124.0,153.0,53.0,1990.0,110.0,350.74285714285713,25.5
2018-09-23,25.5,25.4,89,15.6,20.6,2.0,9.58,4.79,9,266,monsoon,61.5,124.0,153.0,34.4,112.83333333333333,75.24285714285715,14.9
2018-09-24,14.9,24.6,92,12.8,15.6,8.0,24.33,3.04125,9,267,monsoon,25.5,61.5,124.0,52.6,70.33333333333333,73.97142857142856,18.4
2018-09-25,18.4,25.2,85,0.3,13.2,33.0,157.71,4.779090909090909,9,268,monsoon,14.9,25.5,61.5,48.2,33.96666666666667,68.58571428571427,34.4
2018-09-26,34.4,26.0,81,0.0,8.5,59.0,214.01,3.62728813559322,9,269,monsoon,18.4,14.9,25.5,53.0,19.599999999999998,64.32857142857144,59.5
2018-09-27,59.5,27.0,77,0.0,5.5,50.0,213.34,4.2668,9,270,monsoon,34.4,18.4,14.9,153.0,22.566666666666663,61.67142857142857,66.8
2018-09-28,66.8,27.7,74,0.6,5.0,28.0,105.44,3.7657142857142856,9,271,monsoon,59.5,34.4,18.4,124.0,37.43333333333333,48.31428571428571,72.3
2018-09-29,72.3,27.2,74,0.0,5.5,34.0,118.73,3.492058823529412,9,272,monsoon,66.8,59.5,34.4,61.5,53.56666666666666,40.142857142857146,50.3
2018-09-30,50.3,26.6,73,0.0,10.0,78.0,394.72,5.0605128205128205,9,273,monsoon,72.3,66.8,59.5,25.5,66.2,41.68571428571429,64.7
2018-10-01,64.7,26.6,72,0.0,8.9,137.0,503.99,3.678759124087591,10,274,post_monsoon,50.3,72.3,66.8,14.9,63.133333333333326,45.228571428571435,124.0
2018-10-02,124.0,27.5,68,0.0,6.9,108.0,452.0,4.185185185185185,10,275,post_monsoon,64.7,50.3,72.3,18.4,62.43333333333334,52.34285714285715,95.2
2018-10-03,95.2,26.9,65,0.0,5.5,58.0,281.26,4.849310344827586,10,276,post_monsoon,124.0,64.7,50.3,34.4,79.66666666666667,67.42857142857143,86.1
2018-10-04,86.1,26.4,71,1.0,5.0,95.0,427.13,4.496105263157895,10,277,post_monsoon,95.2,124.0,64.7,59.5,94.63333333333333,76.11428571428571,101.0
2018-10-05,101.0,26.4,72,0.0,5.2,170.0,827.17,4.865705882352941,10,278,post_monsoon,86.1,95.2,124.0,66.8,101.76666666666667,79.91428571428571,121.0
2018-10-06,121.0,25.8,64,0.0,8.3,293.0,1383.41,4.721535836177475,10,279,post_monsoon,101.0,86.1,95.2,72.3,94.10000000000001,84.8,69.8
2018-10-07,69.8,25.3,67,0.0,7.1,480.0,1918.96,3.997833333333333,10,280,post_monsoon,121.0,101.0,86.1,50.3,102.7,91.75714285714287,101.0
2018-10-08,101.0,26.1,67,0.0,4.3,141.0,628.39,4.456666666666667,10,281,post_monsoon,69.8,121.0,101.0,64.7,97.26666666666665,94.54285714285713,184.0
2018-10-09,184.0,26.2,72,0.0,9.1,141.0,591.54,4.19531914893617,10,282,post_monsoon,101.0,69.8,121.0,124.0,97.26666666666665,99.72857142857143,77.3
2018-10-10,77.3,25.3,78,0.2,11.9,126.0,747.47,5.932301587301588,10,283,post_monsoon,184.0,101.0,69.8,95.2,118.26666666666665,108.3,51.5
2018-10-11,51.5,24.1,80,1.3,10.2,283.0,1250.07,4.417208480565371,10,284,post_monsoon,77.3,184.0,101.0,86.1,120.76666666666667,105.74285714285713,63.0
2018-10-12,63.0,23.7,71,0.0,6.5,424.0,1565.47,3.6921462264150944,10,285,post_monsoon,51.5,77.3,184.0,101.0,104.26666666666665,100.79999999999998,115.0
2018-10-13,115.0,23.2,66,0.0,7.9,345.0,1672.42,4.847594202898551,10,286,post_monsoon,63.0,51.5,77.3,121.0,63.93333333333334,95.37142857142855,79.0
2018-10-14,79.0,23.2,61,0.0,9.9,295.0,1523.53,5.164508474576271,10,287,post_monsoon,115.0,63.0,51.5,69.8,76.5,94.5142857142857,133.0
2018-10-15,133.0,24.4,58,0.0,6.7,282.0,1250.22,4.433404255319149,10,288,post_monsoon,79.0,115.0,63.0,101.0,85.66666666666667,95.82857142857142,96.4
2018-10-16,96.4,24.8,68,0.0,7.3,386.0,1809.7,4.688341968911917,10,289,post_monsoon,133.0,79.0,115.0,184.0,109.0,100.39999999999999,101.0
2018-10-17,101.0,25.0,68,0.0,7.1,769.0,3429.82,4.460104031209363,10,290,post_monsoon,96.4,133.0,79.0,77.3,102.8,87.88571428571429,96.1
2018-10-18,96.1,24.8,71,0.4,9.3,702.0,3722.43,5.302606837606837,10,291,post_monsoon,101.0,96.4,133.0,51.5,110.13333333333333,91.27142857142859,115.0
2018-10-19,115.0,25.3,60,0.0,6.4,578.0,3300.99,5.711055363321799,10,292,post_monsoon,96.1,101.0,96.4,63.0,97.83333333333333,97.64285714285714,139.0
2018-10-20,139.0,24.4,56,0.0,7.0,797.0,4524.19,5.676524466750313,10,293,post_monsoon,115.0,96.1,101.0,115.0,104.03333333333335,105.07142857142857,111.0
2018-10-21,111.0,23.4,54,0.0,8.8,1026.0,6844.11,6.670672514619882,10,294,post_monsoon,139.0,115.0,96.1,79.0,116.7,108.5,102.0
2018-10-22,102.0,22.5,49,0.0,9.6,1038.0,5795.89,5.583709055876686,10,295,post_monsoon,111.0,139.0,115.0,133.0,121.66666666666667,113.07142857142857,82.7
2018-10-23,82.7,23.0,48,0.0,7.7,1291.0,7221.39,5.5936405886909375,10,296,post_monsoon,102.0,111.0,139.0,96.4,117.33333333333333,108.64285714285714,125.0
2018-10-24,125.0,23.4,57,0.0,6.0,1084.0,6975.87,6.43530442804428,10,297,post_monsoon,82.7,102.0,111.0,101.0,98.56666666666666,106.68571428571428,358.0
2018-10-25,358.0,23.2,59,0.0,6.7,1217.0,7301.43,5.999531635168447,10,298,post_monsoon,125.0,82.7,102.0,96.1,103.23333333333333,110.11428571428571,91.5
2018-10-26,91.5,22.7,63,0.0,7.3,1547.0,11044.8,7.139495798319327,10,299,post_monsoon,358.0,125.0,82.7,115.0,188.5666666666667,147.52857142857144,192.0
2018-10-27,192.0,23.3,61,0.0,7.3,2339.0,17320.77,7.405203078238563,10,300,post_monsoon,91.5,358.0,125.0,139.0,191.5,144.17142857142858,192.0
2018-10-28,192.0,23.0,63,0.0,8.2,3563.0,22183.42,6.226051080550098,10,301,post_monsoon,192.0,91.5,358.0,111.0,213.83333333333334,151.74285714285716,214.0
2018-10-29,214.0,22.8,64,0.0,7.5,1592.0,10831.75,6.803863065326633,10,302,post_monsoon,192.0,192.0,91.5,102.0,158.5,163.31428571428572,259.0
2018-10-30,259.0,23.7,63,0.0,4.5,1577.0,10744.26,6.813100824350032,10,303,post_monsoon,214.0,192.0,192.0,82.7,199.33333333333334,179.31428571428572,200.0
2018-10-31,200.0,23.8,63,0.0,4.8,3116.0,18021.71,5.783603979460847,10,304,post_monsoon,259.0,214.0,192.0,125.0,221.66666666666666,204.5,205.0
2018-11-01,205.0,23.2,65,0.0,4.8,3914.0,29953.57,7.652930505876341,11,305,post_monsoon,200.0,259.0,214.0,358.0,224.33333333333334,215.21428571428572,191.0
2018-11-02,191.0,23.5,67,0.1,7.1,4078.0,28360.05,6.954401667484061,11,306,post_monsoon,205.0,200.0,259.0,91.5,221.33333333333334,193.35714285714286,146.0
2018-11-03,146.0,23.5,64,0.0,15.5,1359.0,9003.81,6.625320088300221,11,307,post_monsoon,191.0,205.0,200.0,192.0,198.66666666666666,207.57142857142858,77.4
2018-11-04,77.4,22.3,61,0.0,8.9,1129.0,7419.769999999999,6.5719840566873335,11,308,post_monsoon,146.0,191.0,205.0,192.0,180.66666666666666,201.0,374.0
2018-11-05,374.0,20.2,62,0.0,9.4,3398.0,22207.47,6.535453207769276,11,309,post_monsoon,77.4,146.0,191.0,214.0,138.13333333333333,184.62857142857143,167.0
2018-11-06,167.0,20.0,50,0.0,13.2,3768.0,31253.82,8.29453821656051,11,310,post_monsoon,374.0,77.4,146.0,259.0,199.13333333333333,207.4857142857143,143.0
2018-11-07,143.0,19.1,40,0.0,9.1,5072.0,37474.76,7.388556782334385,11,311,post_monsoon,167.0,374.0,77.4,200.0,206.13333333333333,194.34285714285716,430.0
2018-11-08,430.0,20.1,49,0.0,4.3,5144.0,31860.87,6.193792768273717,11,312,post_monsoon,143.0,167.0,374.0,205.0,228.0,186.20000000000002,284.0
2018-11-09,284.0,20.4,60,0.0,5.6,2309.0,13859.8,6.002511909917713,11,313,post_monsoon,430.0,143.0,167.0,191.0,246.66666666666666,218.34285714285716,255.0
2018-11-10,255.0,20.8,63,0.0,4.7,1923.0,10737.65,5.583801352054082,11,314,post_monsoon,284.0,430.0,143.0,146.0,285.6666666666667,231.62857142857143,206.0
2018-11-11,206.0,21.8,61,0.0,4.8,1689.0,10327.7,6.114683244523387,11,315,post_monsoon,255.0,284.0,430.0,77.4,323.0,247.20000000000002,239.0
2018-11-12,239.0,21.5,68,0.0,6.0,1538.0,10881.06,7.074811443433029,11,316,post_monsoon,206.0,255.0,284.0,374.0,248.33333333333334,265.57142857142856,235.0
2018-11-13,235.0,22.1,69,0.1,6.7,1921.0,11520.59,5.997183758459136,11,317,post_monsoon,239.0,206.0,255.0,167.0,233.33333333333334,246.28571428571428,438.0
2018-11-14,438.0,21.5,72,1.1,7.3,1020.0,6893.74,6.75856862745098,11,318,post_monsoon,235.0,239.0,206.0,143.0,226.66666666666666,256.0,96.8
2018-11-15,96.8,20.7,72,0.6,9.4,1784.0,11956.81,6.702247757847533,11,319,post_monsoon,438.0,235.0,239.0,430.0,304.0,298.14285714285717,148.0
2018-11-16,148.0,19.1,61,0.0,14.5,1700.0,9914.28,5.8319294117647065,11,320,post_monsoon,96.8,438.0,235.0,284.0,256.59999999999997,250.54285714285714,125.0
2018-11-17,125.0,18.5,64,0.0,10.4,1292.0,9098.21,7.041958204334365,11,321,post_monsoon,148.0,96.8,438.0,255.0,227.6,231.11428571428573,136.0
2018-11-18,136.0,19.8,64,0.0,7.0,2012.0,12352.53,6.13942842942346,11,322,post_monsoon,125.0,148.0,96.8,206.0,123.26666666666667,212.54285714285717,285.0
2018-11-19,285.0,20.8,63,0.0,10.6,1028.0,6774.57,6.590048638132296,11,323,post_monsoon,136.0,125.0,148.0,239.0,136.33333333333334,202.54285714285717,197.0
2018-11-20,197.0,20.5,72,0.0,7.1,453.0,3087.87,6.816490066225166,11,324,post_monsoon,285.0,136.0,125.0,235.0,182.0,209.11428571428573,216.0
2018-11-21,216.0,19.7,62,0.0,10.0,737.0,4226.05,5.734124830393488,11,325,post_monsoon,197.0,285.0,136.0,438.0,206.0,203.6857142857143,101.0
2018-11-22,101.0,19.6,58,0.0,5.9,535.0,3853.91,7.203570093457944,11,326,post_monsoon,216.0,197.0,285.0,96.8,232.66666666666666,171.97142857142856,166.0
2018-11-23,166.0,19.3,57,0.0,12.9,640.0,4099.18,6.40496875,11,327,post_monsoon,101.0,216.0,197.0,148.0,171.33333333333334,172.57142857142858,96.8
2018-11-24,96.8,19.3,53,0.0,14.9,397.0,2465.46,6.210226700251889,11,328,post_monsoon,166.0,101.0,216.0,125.0,161.0,175.14285714285714,100.0
2018-11-25,100.0,17.8,60,0.0,8.1,219.0,1131.86,5.168310502283105,11,329,post_monsoon,96.8,166.0,101.0,136.0,121.26666666666667,171.1142857142857,620.0
2018-11-26,620.0,18.5,66,0.0,8.6,119.0,686.32,5.767394957983194,11,330,post_monsoon,100.0,96.8,166.0,285.0,120.93333333333334,165.97142857142856,138.0
2018-11-27,138.0,19.5,69,0.0,6.7,15.0,46.07,3.071333333333333,11,331,post_monsoon,620.0,100.0,96.8,197.0,272.26666666666665,213.82857142857145,145.0
2018-11-28,145.0,19.6,72,0.0,5.1,132.0,520.58,3.9437878787878793,11,332,post_monsoon,138.0,620.0,100.0,216.0,286.0,205.40000000000003,166.0
2018-11-29,166.0,18.6,72,0.0,8.5,141.0,598.69,4.246028368794327,11,333,post_monsoon,145.0,138.0,620.0,101.0,301.0,195.2571428571429,187.0
2018-11-30,187.0,18.3,69,0.0,9.6,105.0,458.19,4.363714285714286,11,334,post_monsoon,166.0,145.0,138.0,166.0,149.66666666666666,204.54285714285717,144.0
2018-12-01,144.0,17.4,67,0.0,9.0,52.0,252.81,4.861730769230769,12,335,winter,187.0,166.0,145.0,96.8,166.0,207.54285714285717,107.0
2018-12-02,107.0,17.8,58,0.0,5.3,57.0,213.15,3.7394736842105263,12,336,winter,144.0,187.0,166.0,100.0,165.66666666666666,214.28571428571428,165.0
2018-12-03,165.0,17.7,61,0.0,5.0,55.0,210.27,3.823090909090909,12,337,winter,107.0,144.0,187.0,620.0,146.0,215.28571428571428,168.0
2018-12-04,168.0,17.3,66,0.0,6.0,89.0,309.35,3.475842696629213,12,338,winter,165.0,107.0,144.0,138.0,138.66666666666666,150.28571428571428,154.0
2018-12-05,154.0,16.7,69,0.0,6.5,110.0,304.36,2.766909090909091,12,339,winter,168.0,165.0,107.0,145.0,146.66666666666666,154.57142857142858,178.0
2018-12-06,178.0,17.0,67,0.0,5.7,64.0,174.68,2.729375,12,340,winter,154.0,168.0,165.0,166.0,162.33333333333334,155.85714285714286,180.0
2018-12-07,180.0,15.9,70,0.0,9.7,53.0,163.68,3.0883018867924528,12,341,winter,178.0,154.0,168.0,187.0,166.66666666666666,157.57142857142858,202.0
2018-12-08,202.0,15.4,70,0.0,7.3,58.0,177.83,3.066034482758621,12,342,winter,180.0,178.0,154.0,144.0,170.66666666666666,156.57142857142858,186.0
2018-12-09,186.0,15.9,67,0.0,6.0,102.0,448.81,4.400098039215687,12,343,winter,202.0,180.0,178.0,107.0,186.66666666666666,164.85714285714286,238.0
2018-12-10,238.0,15.5,72,0.1,8.0,81.0,219.99,2.715925925925926,12,344,winter,186.0,202.0,180.0,165.0,189.33333333333334,176.14285714285714,247.0
2018-12-11,247.0,15.5,68,0.0,6.1,40.0,160.36,4.009,12,345,winter,238.0,186.0,202.0,168.0,208.66666666666666,186.57142857142858,192.0
2018-12-12,192.0,14.6,76,0.8,8.7,9.0,18.8,2.088888888888889,12,346,winter,247.0,238.0,186.0,154.0,223.66666666666666,197.85714285714286,84.0
2018-12-13,84.0,14.3,75,0.1,7.6,31.0,63.43,2.0461290322580643,12,347,winter,192.0,247.0,238.0,178.0,225.66666666666666,203.28571428571428,122.0
2018-12-14,122.0,14.0,70,0.0,8.6,95.0,293.91,3.09378947368421,12,348,winter,84.0,192.0,247.0,180.0,174.33333333333334,189.85714285714286,138.33333333333334
2018-12-15,138.33333333333334,13.8,68,0.0,10.8,147.0,414.33,2.8185714285714285,12,349,winter,122.0,84.0,192.0,202.0,132.66666666666666,181.57142857142858,154.66666666666666
2018-12-16,154.66666666666666,13.4,67,0.0,8.7,125.0,400.6,3.2048,12,350,winter,138.33333333333334,122.0,84.0,186.0,114.77777777777779,172.47619047619045,171.0
2018-12-17,171.0,13.0,69,0.0,8.4,57.0,148.27,2.6012280701754387,12,351,winter,154.66666666666666,138.33333333333334,122.0,238.0,138.33333333333334,168.0,211.0
2018-12-18,211.0,12.9,66,0.0,10.3,61.0,215.39,3.530983606557377,12,352,winter,171.0,154.66666666666666,138.33333333333334,247.0,154.66666666666666,158.42857142857142,230.0
2018-12-19,230.0,12.8,68,0.0,9.1,75.0,274.99,3.6665333333333336,12,353,winter,211.0,171.0,154.66666666666666,192.0,178.88888888888889,153.28571428571428,231.0
2018-12-20,231.0,12.4,68,0.0,7.3,169.0,577.22,3.4155029585798817,12,354,winter,230.0,211.0,171.0,84.0,204.0,158.71428571428572,261.0
2018-12-21,261.0,12.1,69,0.0,8.8,129.0,404.15,3.132945736434108,12,355,winter,231.0,230.0,211.0,122.0,224.0,179.71428571428572,320.0
2018-12-22,320.0,11.9,70,0.0,6.5,102.0,353.63,3.4669607843137253,12,356,winter,261.0,231.0,230.0,138.33333333333334,240.66666666666666,199.57142857142858,363.0
2018-12-23,363.0,12.3,70,0.0,7.9,65.0,506.56,7.793230769230769,12,357,winter,320.0,261.0,231.0,154.66666666666666,270.6666666666667,225.52380952380955,323.0
2018-12-24,323.0,13.2,66,0.0,7.3,98.0,397.37,4.054795918367347,12,358,winter,363.0,320.0,261.0,171.0,314.6666666666667,255.28571428571428,303.0
2018-12-25,303.0,12.2,66,0.0,11.0,104.0,383.8,3.690384615384616,12,359,winter,323.0,363.0,320.0,211.0,335.3333333333333,277.0,220.0
2018-12-26,220.0,11.9,63,0.0,8.0,131.0,466.43,3.560534351145038,12,360,winter,303.0,323.0,363.0,230.0,329.6666666666667,290.14285714285717,241.0
2018-12-27,241.0,12.1,63,0.0,6.6,76.0,249.06,3.2771052631578947,12,361,winter,220.0,303.0,323.0,231.0,282.0,288.7142857142857,247.0
2018-12-28,247.0,11.5,67,0.0,12.6,43.0,134.9,3.1372093023255814,12,362,winter,241.0,220.0,303.0,261.0,254.66666666666666,290.14285714285717,215.0
2018-12-29,215.0,11.2,64,0.0,9.9,76.0,302.62,3.981842105263158,12,363,winter,247.0,241.0,220.0,320.0,236.0,288.14285714285717,252.0
2018-12-30,252.0,13.2,61,0.0,4.8,100.0,363.76,3.6376,12,364,winter,215.0,247.0,241.0,363.0,234.33333333333334,273.14285714285717,323.0
2018-12-31,323.0,12.3,70,0.0,9.2,152.0,572.71,3.767828947368421,12,365,winter,252.0,215.0,247.0,323.0,238.0,257.2857142857143,273.0
2019-01-01,273.0,12.7,71,0.0,7.1,66.0,186.43,2.8246969696969697,1,1,winter,323.0,252.0,215.0,303.0,263.3333333333333,257.2857142857143,281.0
2019-01-02,281.0,14.1,71,0.0,6.9,45.0,160.34,3.563111111111111,1,2,winter,273.0,323.0,252.0,220.0,282.6666666666667,253.0,348.0
2019-01-03,348.0,13.4,70,0.0,9.9,34.0,137.74,4.051176470588236,1,3,winter,281.0,273.0,323.0,241.0,292.3333333333333,261.7142857142857,242.0
2019-01-04,242.0,12.6,70,0.0,7.5,18.0,71.67999999999999,3.9822222222222217,1,4,winter,348.0,281.0,273.0,247.0,300.6666666666667,277.0,228.0
2019-01-05,228.0,13.4,69,0.0,11.9,29.0,84.29,2.9065517241379317,1,5,winter,242.0,348.0,281.0,215.0,290.3333333333333,276.2857142857143,170.0
2019-01-06,170.0,13.0,77,2.3,8.7,25.0,79.74,3.1896,1,6,winter,228.0,242.0,348.0,252.0,272.6666666666667,278.14285714285717,180.0
2019-01-07,180.0,12.4,77,0.0,8.3,19.0,56.79,2.988947368421053,1,7,winter,170.0,228.0,242.0,323.0,213.33333333333334,266.42857142857144,179.0
2019-01-08,179.0,12.2,75,0.0,10.2,23.0,83.11,3.613478260869565,1,8,winter,180.0,170.0,228.0,273.0,192.66666666666666,246.0,139.0
2019-01-09,139.0,12.6,69,0.0,12.8,55.0,210.95,3.8354545454545454,1,9,winter,179.0,180.0,170.0,281.0,176.33333333333334,232.57142857142858,225.0
2019-01-10,225.0,12.7,66,0.0,8.7,53.0,196.56,3.708679245283019,1,10,winter,139.0,179.0,180.0,348.0,166.0,212.28571428571428,247.0
2019-01-11,247.0,12.9,68,0.0,6.9,102.0,311.0,3.049019607843137,1,11,winter,225.0,139.0,179.0,242.0,181.0,194.71428571428572,236.0
2019-01-12,236.0,13.9,67,0.0,5.9,34.0,130.27,3.831470588235295,1,12,winter,247.0,225.0,139.0,228.0,203.66666666666666,195.42857142857142,292.0
2019-01-13,292.0,14.5,72,0.0,7.5,22.0,53.99,2.454090909090909,1,13,winter,236.0,247.0,225.0,170.0,236.0,196.57142857142858,71.7
2019-01-14,71.7,12.5,58,0.0,15.0,57.0,262.58,4.6066666666666665,1,14,winter,292.0,236.0,247.0,180.0,258.3333333333333,214.0,112.0
2019-01-15,112.0,11.5,56,0.0,13.2,45.0,249.53,5.545111111111111,1,15,winter,71.7,292.0,236.0,179.0,199.9,198.52857142857144,238.0
2019-01-16,238.0,11.7,67,0.0,6.6,30.0,70.35,2.345,1,16,winter,112.0,71.7,292.0,139.0,158.56666666666666,188.95714285714286,304.0
2019-01-17,304.0,12.7,71,0.0,7.5,82.0,280.62,3.42219512195122,1,17,winter,238.0,112.0,71.7,225.0,140.56666666666666,203.1,223.0
2019-01-18,223.0,12.0,72,0.0,8.7,21.0,100.48,4.784761904761905,1,18,winter,304.0,238.0,112.0,247.0,218.0,214.3857142857143,223.0
2019-01-19,223.0,14.4,67,0.0,7.1,16.0,58.47,3.654375,1,19,winter,223.0,304.0,238.0,236.0,255.0,210.95714285714286,201.0
2019-01-20,201.0,17.8,67,0.0,5.0,17.0,86.39,5.081764705882353,1,20,winter,223.0,223.0,304.0,292.0,250.0,209.1,146.0
2019-01-21,146.0,16.2,80,6.5,14.8,4.0,52.89,13.2225,1,21,winter,201.0,223.0,223.0,71.7,215.66666666666666,196.1,44.9
2019-01-22,44.9,14.8,86,16.9,14.2,1.0,0.92,0.92,1,22,winter,146.0,201.0,223.0,112.0,190.0,206.71428571428572,225.0
2019-01-23,225.0,13.2,84,0.1,6.4,0.0,0.0,0.0,1,23,winter,44.9,146.0,201.0,238.0,130.63333333333333,197.1285714285714,133.0
2019-01-24,133.0,13.7,81,0.3,8.1,3.0,4.41,1.47,1,24,winter,225.0,44.9,146.0,304.0,138.63333333333333,195.27142857142854,76.3
2019-01-25,76.3,12.1,79,0.1,8.3,20.0,70.44,3.522,1,25,winter,133.0,225.0,44.9,223.0,134.29999999999998,170.84285714285713,104.0
2019-01-26,104.0,11.3,66,0.0,10.3,57.0,166.94,2.9287719298245616,1,26,winter,76.3,133.0,225.0,223.0,144.76666666666668,149.8857142857143,141.0
2019-01-27,141.0,10.1,66,0.0,11.7,60.0,207.38,3.4563333333333333,1,27,winter,104.0,76.3,133.0,201.0,104.43333333333334,132.88571428571427,112.0
2019-01-28,112.0,10.6,61,0.0,12.8,50.0,227.11,4.542199999999999,1,28,winter,141.0,104.0,76.3,146.0,107.10000000000001,124.31428571428572,127.0
2019-01-29,127.0,11.1,60,0.0,12.5,40.0,128.79,3.21975,1,29,winter,112.0,141.0,104.0,44.9,119.0,119.45714285714287,183.0
2019-01-30,183.0,11.5,68,0.0,9.4,2.0,3.42,1.71,1,30,winter,127.0,112.0,141.0,225.0,126.66666666666667,131.18571428571428,220.0
2019-01-31,220.0,13.0,69,0.6,11.4,13.0,46.45,3.5730769230769237,1,31,winter,183.0,127.0,112.0,133.0,140.66666666666666,125.18571428571428,173.0
2019-02-01,173.0,14.2,74,0.2,9.2,30.0,94.05,3.135,2,32,winter,220.0,183.0,127.0,76.3,176.66666666666666,137.6142857142857,196.0
2019-02-02,196.0,12.9,80,0.0,10.2,55.0,180.55,3.2827272727272727,2,33,winter,173.0,220.0,183.0,104.0,192.0,151.42857142857142,144.0
2019-02-03,144.0,12.6,81,0.0,8.7,35.0,121.51,3.471714285714286,2,34,winter,196.0,173.0,220.0,141.0,196.33333333333334,164.57142857142858,118.0
2019-02-04,118.0,14.2,73,0.0,6.6,25.0,69.03999999999999,2.7616,2,35,winter,144.0,196.0,173.0,112.0,171.0,165.0,171.0
2019-02-05,171.0,15.9,75,0.0,7.0,45.0,192.89,4.286444444444444,2,36,winter,118.0,144.0,196.0,127.0,152.66666666666666,165.85714285714286,510.0
2019-02-06,510.0,17.1,84,9.1,12.2,72.0,264.79,3.677638888888889,2,37,winter,171.0,118.0,144.0,183.0,144.33333333333334,172.14285714285714,1540.0
2019-02-07,1540.0,15.7,89,12.7,20.9,2.0,2.66,1.33,2,38,winter,510.0,171.0,118.0,220.0,266.3333333333333,218.85714285714286,1450.0
2019-02-08,1450.0,12.7,71,0.0,9.1,9.0,27.42,3.046666666666667,2,39,winter,1540.0,510.0,171.0,173.0,740.3333333333334,407.42857142857144,70.6
2019-02-09,70.6,12.5,68,0.0,13.0,26.0,79.51,3.058076923076923,2,40,winter,1450.0,1540.0,510.0,196.0,1166.6666666666667,589.8571428571429,152.0
2019-02-10,152.0,12.4,72,0.5,7.4,15.0,69.13,4.608666666666666,2,41,winter,70.6,1450.0,1540.0,144.0,1020.1999999999999,571.9428571428572,366.0
2019-02-11,366.0,13.2,73,0.0,6.5,23.0,87.66,3.811304347826087,2,42,winter,152.0,70.6,1450.0,118.0,557.5333333333333,573.0857142857143,354.5
2019-02-12,354.5,15.2,75,0.0,5.2,26.0,94.58,3.637692307692308,2,43,winter,366.0,152.0,70.6,171.0,196.20000000000002,608.5142857142857,343.0
2019-03-23,48.7,22.4,38,0.0,15.7,21.0,63.0,3.0,3,82,summer,34.8,118.0,71.1,13.666666666666666,74.63333333333333,57.457142857142856,57.4
2019-03-24,57.4,24.1,45,0.0,12.9,9.0,34.27,3.807777777777778,3,83,summer,48.7,34.8,118.0,29.33333333333333,67.16666666666667,62.461904761904755,64.4
2019-03-25,64.4,21.7,62,0.5,11.5,20.0,47.35,2.3675,3,84,summer,57.4,48.7,34.8,45.0,46.96666666666666,66.47142857142856,81.0
2019-03-26,81.0,22.3,57,0.0,11.2,38.0,88.66,2.333157894736842,3,85,summer,64.4,57.4,48.7,90.3,56.833333333333336,69.24285714285715,66.0
2019-03-27,66.0,23.6,52,0.0,9.5,33.0,127.85,3.874242424242425,3,86,summer,81.0,64.4,57.4,71.1,67.6,67.91428571428571,82.6
2019-03-28,82.6,26.0,52,0.0,8.2,15.0,52.63,3.508666666666667,3,87,summer,66.0,81.0,64.4,118.0,70.46666666666665,67.18571428571428,83.3
2019-03-29,83.3,27.9,50,0.0,7.0,14.0,50.33,3.595,3,88,summer,82.6,66.0,81.0,34.8,76.53333333333332,62.128571428571426,83.0
2019-03-30,83.0,27.0,54,0.0,7.4,24.0,55.51,2.3129166666666667,3,89,summer,83.3,82.6,66.0,48.7,77.3,69.05714285714285,53.8
2019-03-31,53.8,26.5,41,0.0,14.1,56.0,245.63,4.38625,3,90,summer,83.0,83.3,82.6,57.4,82.96666666666665,73.95714285714287,65.4
2019-04-01,65.4,25.5,33,0.0,13.7,38.0,109.97,2.8939473684210526,4,91,summer,53.8,83.0,83.3,64.4,73.36666666666666,73.44285714285715,64.2
2019-04-02,64.2,25.5,39,0.0,8.6,47.0,332.54,7.0753191489361695,4,92,summer,65.4,53.8,83.0,81.0,67.39999999999999,73.58571428571429,72.0
2019-04-03,72.0,26.3,39,0.0,9.4,27.0,108.8,4.029629629629629,4,93,summer,64.2,65.4,53.8,66.0,61.133333333333326,71.18571428571428,92.5
2019-04-04,92.5,28.0,40,0.0,8.2,22.0,98.84,4.492727272727273,4,94,summer,72.0,64.2,65.4,82.6,67.19999999999999,72.04285714285714,68.5
2019-04-05,68.5,29.4,41,0.0,7.1,27.0,124.72,4.619259259259259,4,95,summer,92.5,72.0,64.2,83.3,76.23333333333333,73.45714285714287,73.9
2019-04-06,73.9,28.8,47,0.0,9.3,23.0,48.01,2.087391304347826,4,96,summer,68.5,92.5,72.0,83.0,77.66666666666666,71.34285714285714,135.0
2019-04-07,135.0,28.2,54,0.0,10.1,12.0,75.09,6.2575,4,97,summer,73.9,68.5,92.5,53.8,78.3,70.04285714285714,71.4
2019-04-08,71.4,26.9,54,0.2,11.2,9.0,26.81,2.9788888888888887,4,98,summer,135.0,73.9,68.5,65.4,92.46666666666665,81.64285714285714,67.3
2019-04-09,67.3,28.4,47,0.0,8.1,20.0,80.91,4.0455,4,99,summer,71.4,135.0,73.9,64.2,93.43333333333332,82.5,88.1
2019-04-10,88.1,29.2,43,0.0,7.9,29.0,119.44,4.118620689655172,4,100,summer,67.3,71.4,135.0,72.0,91.23333333333333,82.94285714285715,58.4
2019-04-11,58.4,30.4,36,0.0,8.3,30.0,71.4,2.3800000000000003,4,101,summer,88.1,67.3,71.4,92.5,75.59999999999998,85.24285714285713,58.7
2019-04-12,58.7,29.6,36,0.0,10.0,13.0,50.32,3.870769230769231,4,102,summer,58.4,88.1,67.3,68.5,71.26666666666665,80.37142857142858,57.3
2019-04-13,57.3,29.9,38,0.0,12.0,15.0,43.370000000000005,2.8913333333333338,4,103,summer,58.7,58.4,88.1,73.9,68.39999999999999,78.97142857142856,48.7
2019-04-14,48.7,30.6,34,0.0,14.0,23.0,33.18,1.442608695652174,4,104,summer,57.3,58.7,58.4,135.0,58.133333333333326,76.60000000000001,48.9
2019-04-15,48.9,31.1,31,0.0,11.5,18.0,76.48,4.248888888888889,4,105,summer,48.7,57.3,58.7,71.4,54.899999999999984,64.27142857142857,62.9
2019-04-16,62.9,26.2,49,0.5,12.6,0.0,0.0,0.0,4,106,summer,48.9,48.7,57.3,67.3,51.633333333333326,61.057142857142864,18.9
2019-04-17,18.9,21.8,73,4.6,11.6,3.0,5.050000000000001,1.6833333333333336,4,107,summer,62.9,48.9,48.7,88.1,53.49999999999999,60.42857142857143,34.8
2019-04-18,34.8,22.5,67,0.1,5.6,11.0,18.95,1.7227272727272729,4,108,summer,18.9,62.9,48.9,58.4,43.56666666666666,50.54285714285714,77.0
2019-04-19,77.0,24.5,53,0.1,9.0,22.0,47.21,2.145909090909091,4,109,summer,34.8,18.9,62.9,58.7,38.86666666666665,47.17142857142857,92.5
2019-04-20,92.5,26.4,47,0.0,7.3,22.0,89.91,4.086818181818182,4,110,summer,77.0,34.8,18.9,57.3,43.566666666666656,49.785714285714285,81.7
2019-04-21,81.7,28.7,39,0.0,9.3,32.0,109.69,3.4278125,4,111,summer,92.5,77.0,34.8,48.7,68.09999999999998,54.81428571428571,97.8
2019-04-22,97.8,30.1,40,0.0,9.4,35.0,220.02,6.2862857142857145,4,112,summer,81.7,92.5,77.0,48.9,83.73333333333333,59.52857142857143,93.6
2019-04-23,93.6,32.1,34,0.0,8.5,33.0,114.98,3.4842424242424244,4,113,summer,97.8,81.7,92.5,62.9,90.66666666666667,66.5142857142857,157.0
2019-04-24,157.0,32.7,35,0.0,10.9,30.0,366.12,12.204,4,114,summer,93.6,97.8,81.7,18.9,91.03333333333332,70.9,87.3
2019-04-25,87.3,33.0,36,0.0,11.1,34.0,206.63,6.07735294117647,4,115,summer,157.0,93.6,97.8,34.8,116.13333333333333,90.62857142857142,77.8
2019-04-26,77.8,33.0,33,0.0,12.6,100.0,727.98,7.2798,4,116,summer,87.3,157.0,93.6,77.0,112.63333333333333,98.12857142857142,75.8
2019-04-27,75.8,33.5,22,0.0,18.9,383.0,7858.48,20.51822454308094,4,117,summer,77.8,87.3,157.0,92.5,107.36666666666666,98.24285714285715,98.6
2019-04-28,98.6,33.3,20,0.0,15.8,147.0,2571.56,17.49360544217687,4,118,summer,75.8,77.8,87.3,81.7,80.3,95.85714285714286,95.6
2019-04-29,95.6,33.6,19,0.0,10.5,178.0,1217.94,6.842359550561798,4,119,summer,98.6,75.8,77.8,97.8,84.06666666666665,98.27142857142857,88.6
2019-04-30,88.6,34.2,20,0.0,12.0,269.0,1936.06,7.19724907063197,4,120,summer,95.6,98.6,75.8,93.6,89.99999999999999,97.95714285714287,104.0
2019-05-01,104.0,33.0,25,0.0,8.9,234.0,1295.48,5.536239316239317,5,121,summer,88.6,95.6,98.6,157.0,94.26666666666665,97.24285714285713,80.5
2019-05-02,80.5,31.5,33,0.5,13.4,233.0,1762.44,7.56412017167382,5,122,summer,104.0,88.6,95.6,87.3,96.06666666666666,89.67142857142856,99.8
2019-05-03,99.8,31.0,33,0.0,9.7,177.0,1319.22,7.453220338983051,5,123,summer,80.5,104.0,88.6,77.8,91.03333333333332,88.7,87.8
2019-05-04,87.8,31.1,22,0.0,13.8,670.0,7559.87,11.283388059701492,5,124,summer,99.8,80.5,104.0,75.8,94.76666666666665,91.84285714285714,131.0
2019-05-05,131.0,31.1,19,0.0,14.1,1211.0,9874.42,8.153938893476466,5,125,summer,87.8,99.8,80.5,98.6,89.36666666666666,93.55714285714285,116.0
2019-05-06,116.0,32.2,21,0.0,10.8,1222.0,11200.23,9.16549099836334,5,126,summer,131.0,87.8,99.8,95.6,106.19999999999999,98.18571428571428,117.0
2019-05-07,117.0,32.3,20,0.0,13.3,1087.0,9846.36,9.058288868445263,5,127,summer,116.0,131.0,87.8,88.6,111.59999999999998,101.1,226.0
2019-05-08,226.0,34.0,18,0.0,13.5,1490.0,11754.13,7.888677852348993,5,128,summer,117.0,116.0,131.0,104.0,121.33333333333331,105.15714285714286,157.0
2019-05-09,157.0,34.2,19,0.0,17.1,1667.0,13361.61,8.015362927414518,5,129,summer,226.0,117.0,116.0,80.5,152.99999999999997,122.58571428571429,130.0
2019-05-10,130.0,34.6,20,0.0,16.8,2282.0,13722.69,6.013448729184926,5,130,summer,157.0,226.0,117.0,99.8,166.66666666666666,133.5142857142857,97.9
2019-05-11,97.9,32.3,29,0.0,13.1,940.0,4829.05,5.137287234042553,5,131,summer,130.0,157.0,226.0,87.8,171.0,137.82857142857142,227.0
2019-05-12,227.0,31.9,30,0.0,10.8,2824.0,17608.63,6.235350566572238,5,132,summer,97.9,130.0,157.0,131.0,128.29999999999998,139.27142857142857,247.0
2019-05-13,247.0,32.4,30,0.0,8.3,1906.0,15388.84,8.07389296956978,5,133,summer,227.0,97.9,130.0,116.0,151.63333333333333,152.9857142857143,49.1
2019-05-14,49.1,30.1,42,0.0,8.0,966.0,5945.12,6.154368530020704,5,134,summer,247.0,227.0,97.9,117.0,190.63333333333333,171.70000000000002,68.7
2019-05-15,68.7,30.3,45,0.1,7.3,460.0,2595.51,5.6424130434782604,5,135,summer,49.1,247.0,227.0,226.0,174.36666666666667,162.0,65.3
2019-05-16,65.3,30.2,46,0.0,8.9,985.0,4995.11,5.071177664974619,5,136,summer,68.7,49.1,247.0,157.0,121.59999999999998,139.52857142857144,74.7
2019-05-17,74.7,28.3,57,2.7,7.2,230.0,1504.79,6.542565217391304,5,137,summer,65.3,68.7,49.1,130.0,61.033333333333324,126.42857142857143,40.3
2019-05-18,40.3,27.4,60,0.2,11.9,2124.0,11527.68,5.427344632768362,5,138,summer,74.7,65.3,68.7,97.9,69.56666666666665,118.52857142857144,85.0
2019-05-19,85.0,30.1,43,0.0,10.8,1543.0,10560.83,6.844348671419313,5,139,summer,40.3,74.7,65.3,227.0,60.09999999999999,110.3,92.3
2019-05-20,92.3,31.9,34,0.0,11.1,3156.0,18780.14,5.950614702154626,5,140,summer,85.0,40.3,74.7,247.0,66.66666666666664,90.01428571428572,158.0
2019-05-21,158.0,32.6,31,0.0,10.6,3032.0,15779.43,5.204297493403694,5,141,summer,92.3,85.0,40.3,49.1,72.53333333333332,67.91428571428573,55.2
2019-05-22,55.2,32.8,35,0.0,9.9,942.0,5565.79,5.90848195329087,5,142,summer,158.0,92.3,85.0,68.7,111.76666666666665,83.47142857142856,82.6
2019-05-23,82.6,33.1,37,0.0,8.3,446.0,3364.28,7.54322869955157,5,143,summer,55.2,158.0,92.3,65.3,101.83333333333331,81.54285714285713,41.9
2019-05-24,41.9,30.8,45,0.0,12.4,214.0,984.42,4.600093457943925,5,144,summer,82.6,55.2,158.0,74.7,98.59999999999998,84.01428571428572,41.8
2019-05-25,41.8,31.1,39,0.0,15.3,1146.0,7034.13,6.137984293193718,5,145,summer,41.9,82.6,55.2,40.3,59.89999999999998,79.32857142857142,53.1
2019-05-26,53.1,31.6,34,0.0,11.5,1300.0,7106.44,5.466492307692308,5,146,summer,41.8,41.9,82.6,85.0,55.43333333333331,79.54285714285713,51.1
2019-05-27,51.1,33.7,27,0.0,12.0,1032.0,6786.26,6.575833333333334,5,147,summer,53.1,41.8,41.9,92.3,45.59999999999999,74.98571428571428,62.2
2019-05-28,62.2,33.5,20,0.0,12.4,608.0,4324.86,7.113256578947368,5,148,summer,51.1,53.1,41.8,158.0,48.66666666666665,69.1,60.8
2019-05-29,60.8,34.7,20,0.0,10.5,751.0,3870.83,5.154234354194408,5,149,summer,62.2,51.1,53.1,55.2,55.46666666666665,55.41428571428571,246.0
2019-05-30,246.0,35.6,21,0.0,9.0,705.0,4288.74,6.0833191489361695,5,150,summer,60.8,62.2,51.1,82.6,58.03333333333331,56.214285714285715,70.0
2019-05-31,70.0,36.8,20,0.0,10.8,572.0,3275.8,5.726923076923077,5,151,summer,246.0,60.8,62.2,41.9,122.99999999999999,79.55714285714285,83.0
2019-06-01,83.0,35.6,29,0.0,10.3,580.0,3275.41,5.647258620689655,6,152,summer,70.0,246.0,60.8,41.8,125.59999999999998,83.57142857142857,65.5
2019-06-02,65.5,35.5,40,0.0,13.8,195.0,1282.12,6.574974358974359,6,153,summer,83.0,70.0,246.0,53.1,132.99999999999997,89.45714285714287,59.6
2019-06-03,59.6,34.6,46,0.0,15.5,141.0,946.8,6.714893617021276,6,154,summer,65.5,83.0,70.0,51.1,72.83333333333331,91.22857142857143,53.0
2019-06-04,53.0,34.8,42,0.0,14.4,83.0,299.78000000000003,3.611807228915663,6,155,summer,59.6,65.5,83.0,62.2,69.36666666666665,92.44285714285715,61.9
2019-06-05,61.9,35.5,39,0.3,9.4,197.0,1094.49,5.555786802030457,6,156,summer,53.0,59.6,65.5,60.8,59.366666666666646,91.12857142857142,301.0
2019-06-06,301.0,35.6,37,0.5,11.2,230.0,1121.22,4.874869565217392,6,157,summer,61.9,53.0,59.6,246.0,58.16666666666665,91.28571428571429,47.9
2019-06-07,47.9,34.1,42,0.0,8.6,169.0,999.7,5.915384615384616,6,158,summer,301.0,61.9,53.0,70.0,138.63333333333333,99.14285714285714,44.7
2019-06-08,44.7,35.5,33,0.0,8.1,269.0,1224.52,4.552118959107807,6,159,summer,47.9,301.0,61.9,83.0,136.9333333333333,95.98571428571428,60.2
2019-06-09,60.2,36.9,24,0.0,8.1,396.0,1483.77,3.74689393939394,6,160,summer,44.7,47.9,301.0,65.5,131.20000000000002,90.51428571428572,53.2
2019-06-10,53.2,37.2,23,0.0,7.9,426.0,2326.62,5.461549295774647,6,161,summer,60.2,44.7,47.9,59.6,50.93333333333334,89.75714285714285,113.0
2019-06-11,113.0,37.4,23,0.0,10.4,242.0,1611.93,6.6608677685950415,6,162,summer,53.2,60.2,44.7,53.0,52.699999999999996,88.84285714285714,62.5
2019-06-12,62.5,34.6,44,2.2,11.6,24.0,66.85,2.7854166666666664,6,163,summer,113.0,53.2,60.2,61.9,75.46666666666667,97.41428571428571,44.1
2019-06-13,44.1,35.4,38,0.0,12.2,113.0,620.78,5.49362831858407,6,164,summer,62.5,113.0,53.2,301.0,76.23333333333333,97.5,41.8
2019-06-14,41.8,36.0,29,0.0,15.2,226.0,839.14,3.713008849557522,6,165,summer,44.1,62.5,113.0,47.9,73.2,60.800000000000004,71.1
2019-06-15,71.1,36.5,22,0.0,14.5,216.0,1115.82,5.165833333333333,6,166,summer,41.8,44.1,62.5,44.7,49.46666666666667,59.92857142857143,43.2
2019-06-16,43.2,33.8,43,0.0,20.4,144.0,439.46,3.051805555555555,6,167,summer,71.1,41.8,44.1,60.2,52.333333333333336,63.699999999999996,157.0
2019-06-17,157.0,33.5,47,0.0,19.0,124.0,735.05,5.927822580645161,6,168,summer,43.2,71.1,41.8,53.2,52.03333333333334,61.271428571428565,463.0
2019-06-18,463.0,30.5,55,0.5,8.7,69.0,179.12,2.5959420289855077,6,169,summer,157.0,43.2,71.1,113.0,90.43333333333334,76.10000000000001,25.0
2019-06-19,25.0,31.0,53,0.0,7.5,161.0,598.29,3.716086956521739,6,170,summer,463.0,157.0,43.2,62.5,221.0666666666667,126.10000000000001,38.3
2019-06-20,38.3,31.8,48,0.0,7.1,19.0,157.78,8.30421052631579,6,171,summer,25.0,463.0,157.0,44.1,215.0,120.74285714285715,64.1
2019-06-21,64.1,33.3,47,1.2,6.3,101.0,354.58,3.5106930693069307,6,172,summer,38.3,25.0,463.0,41.8,175.43333333333337,119.91428571428571,62.5
2019-06-22,62.5,34.7,38,0.0,8.9,143.0,589.2,4.12027972027972,6,173,summer,64.1,38.3,25.0,71.1,42.46666666666668,123.10000000000001,36.5
2019-06-23,36.5,34.0,49,0.0,14.3,130.0,613.5,4.719230769230769,6,174,summer,62.5,64.1,38.3,43.2,54.966666666666676,121.87142857142858,23.9
2019-06-24,23.9,31.5,60,0.6,10.5,8.0,29.21,3.65125,6,175,summer,36.5,62.5,64.1,157.0,54.36666666666668,120.91428571428571,53.3
2019-06-25,53.3,32.1,62,4.8,5.4,25.0,95.97,3.8388,6,176,summer,23.9,36.5,62.5,463.0,40.96666666666669,101.9,64.3
2019-06-26,64.3,34.8,48,0.6,8.6,180.0,735.93,4.0885,6,177,summer,53.3,23.9,36.5,25.0,37.90000000000001,43.37142857142857,55.7
2019-06-27,55.7,34.6,40,0.0,11.8,113.0,435.06,3.850088495575221,6,178,summer,64.3,53.3,23.9,38.3,47.166666666666686,48.98571428571428,58.2
2019-06-28,58.2,35.5,38,0.0,13.3,137.0,505.44,3.689343065693431,6,179,summer,55.7,64.3,53.3,64.1,57.76666666666669,51.47142857142857,57.0
2019-06-29,57.0,36.3,36,0.0,12.9,161.0,656.77,4.079316770186336,6,180,summer,58.2,55.7,64.3,62.5,59.40000000000003,50.628571428571426,68.6
2019-06-30,68.6,36.8,35,0.0,11.7,111.0,417.24,3.758918918918919,6,181,summer,57.0,58.2,55.7,36.5,56.96666666666669,49.84285714285714,281.0
2019-07-01,281.0,36.0,42,0.0,6.8,56.0,214.07,3.8226785714285714,7,182,monsoon,68.6,57.0,58.2,23.9,61.26666666666669,54.42857142857143,62.7
2019-07-02,62.7,35.7,46,0.0,9.1,142.0,493.77,3.477253521126761,7,183,monsoon,281.0,68.6,57.0,53.3,135.53333333333336,91.15714285714284,33.6
2019-07-03,33.6,33.7,56,1.6,11.5,59.0,362.34,6.141355932203389,7,184,monsoon,62.7,281.0,68.6,64.3,137.43333333333337,92.5,31.8
2019-07-04,31.8,33.0,60,6.6,10.4,86.0,323.44,3.76093023255814,7,185,monsoon,33.6,62.7,281.0,55.7,125.7666666666667,88.11428571428573,45.5
2019-07-05,45.5,31.0,72,3.7,5.9,104.0,326.2,3.136538461538461,7,186,monsoon,31.8,33.6,62.7,58.2,42.70000000000002,84.7,32.1
2019-07-06,32.1,31.0,69,0.3,7.9,4.0,6.98,1.745,7,187,monsoon,45.5,31.8,33.6,57.0,36.96666666666669,82.88571428571427,34.3
2019-07-07,34.3,31.1,69,2.1,4.6,48.0,179.45,3.7385416666666655,7,188,monsoon,32.1,45.5,31.8,68.6,36.46666666666669,79.32857142857142,50.0
2019-07-08,50.0,31.9,68,4.0,5.3,7.0,32.03,4.575714285714286,7,189,monsoon,34.3,32.1,45.5,281.0,37.30000000000002,74.42857142857143,44.7
2019-07-09,44.7,30.7,72,4.9,8.7,13.0,53.32,4.101538461538461,7,190,monsoon,50.0,34.3,32.1,62.7,38.80000000000002,41.42857142857143,74.5
2019-07-10,74.5,31.0,74,7.1,9.1,30.0,120.05,4.001666666666667,7,191,monsoon,44.7,50.0,34.3,33.6,43.00000000000002,38.857142857142854,76.1
2019-07-11,76.1,33.4,57,0.0,15.2,2.0,4.86,2.43,7,192,monsoon,74.5,44.7,50.0,31.8,56.40000000000001,44.699999999999996,57.0
2019-07-12,57.0,33.4,51,0.5,13.6,5.0,15.96,3.192,7,193,monsoon,76.1,74.5,44.7,45.5,65.10000000000001,51.028571428571425,60.9
2019-07-13,60.9,34.1,47,0.0,19.6,1.0,5.3,5.3,7,194,monsoon,57.0,76.1,74.5,32.1,69.20000000000002,52.67142857142857,65.5
2019-07-14,65.5,32.9,52,0.0,15.9,0.0,0.0,0.0,7,195,monsoon,60.9,57.0,76.1,34.3,64.66666666666669,56.785714285714285,42.7
2019-07-15,42.7,29.7,72,4.4,10.0,4.0,13.01,3.2525,7,196,monsoon,65.5,60.9,57.0,50.0,61.133333333333354,61.24285714285715,83.0
2019-07-16,83.0,26.6,89,20.6,9.2,1.0,1.62,1.62,7,197,monsoon,42.7,65.5,60.9,44.7,56.366666666666696,60.2,34.5
2019-07-17,34.5,27.2,85,14.8,6.8,4.0,11.42,2.855,7,198,monsoon,83.0,42.7,65.5,74.5,63.73333333333335,65.67142857142858,28.7
2019-07-18,28.7,27.5,82,12.8,5.0,6.0,19.32,3.22,7,199,monsoon,34.5,83.0,42.7,76.1,53.40000000000001,59.95714285714286,58.0
2019-07-19,58.0,29.4,79,6.7,4.6,2.0,6.44,3.22,7,200,monsoon,28.7,34.5,83.0,57.0,48.73333333333335,53.18571428571429,43.7
2019-07-20,43.7,30.0,80,12.5,6.7,12.0,36.08,3.0066666666666664,7,201,monsoon,58.0,28.7,34.5,60.9,40.40000000000002,53.32857142857143,43.6
2019-07-21,43.6,29.7,81,11.1,7.8,30.0,105.3,3.51,7,202,monsoon,43.7,58.0,28.7,65.5,43.46666666666669,50.871428571428574,51.5
2019-07-22,51.5,30.4,80,6.1,6.3,3.0,28.79,9.596666666666666,7,203,monsoon,43.6,43.7,58.0,42.7,48.43333333333336,47.74285714285715,65.0
2019-07-23,65.0,31.6,77,4.6,6.2,12.0,63.36,5.28,7,204,monsoon,51.5,43.6,43.7,83.0,46.26666666666669,49.0,60.0
2019-07-24,60.0,31.5,74,6.8,9.2,4.0,24.0,6.0,7,205,monsoon,65.0,51.5,43.6,34.5,53.366666666666696,46.42857142857143,20.8
2019-07-25,20.8,27.6,86,10.9,6.6,0.0,0.0,0.0,7,206,monsoon,60.0,65.0,51.5,28.7,58.83333333333335,50.07142857142857,29.5
2019-07-26,29.5,27.2,87,26.9,10.4,0.0,0.0,0.0,7,207,monsoon,20.8,60.0,65.0,58.0,48.60000000000002,48.94285714285714,23.3
2019-07-27,23.3,26.6,90,6.0,13.5,0.0,0.0,0.0,7,208,monsoon,29.5,20.8,60.0,43.7,36.76666666666669,44.871428571428574,19.3
2019-07-28,19.3,28.1,86,7.3,14.2,0.0,0.0,0.0,7,209,monsoon,23.3,29.5,20.8,43.6,24.53333333333336,41.95714285714286,18.3
2019-07-29,18.3,29.2,79,1.3,14.4,1.0,0.22,0.22,7,210,monsoon,19.3,23.3,29.5,51.5,24.03333333333336,38.48571428571428,25.0
2019-07-30,25.0,28.9,78,0.8,12.4,4.0,20.95,5.2375,7,211,monsoon,18.3,19.3,23.3,65.0,20.300000000000026,33.74285714285714,26.1
2019-07-31,26.1,29.0,78,0.5,9.7,4.0,15.38,3.845,7,212,monsoon,25.0,18.3,19.3,60.0,20.866666666666692,28.02857142857143,29.5
2019-08-01,29.5,29.3,82,2.1,9.2,0.0,0.0,0.0,8,213,monsoon,26.1,25.0,18.3,20.8,23.133333333333354,23.185714285714287,32.8
2019-08-02,32.8,28.7,85,12.9,7.1,0.0,0.0,0.0,8,214,monsoon,29.5,26.1,25.0,29.5,26.866666666666692,24.428571428571427,35.3
2019-08-03,35.3,28.3,88,6.8,8.2,2.0,3.33,1.665,8,215,monsoon,32.8,29.5,26.1,23.3,29.466666666666686,24.9,50.5
2019-08-04,50.5,28.9,87,4.2,4.3,8.0,21.28,2.66,8,216,monsoon,35.3,32.8,29.5,19.3,32.53333333333335,26.614285714285717,48.6
2019-08-05,48.6,29.2,86,18.5,5.7,8.0,42.22,5.2775,8,217,monsoon,50.5,35.3,32.8,18.3,39.53333333333335,31.071428571428573,28.0
2019-08-06,28.0,27.9,89,20.7,8.6,14.0,53.14,3.795714285714286,8,218,monsoon,48.6,50.5,35.3,25.0,44.80000000000002,35.4,30.8
2019-08-07,30.8,28.2,88,7.0,5.6,0.0,0.0,0.0,8,219,monsoon,28.0,48.6,50.5,26.1,42.366666666666696,35.82857142857143,22.0
2019-08-08,22.0,30.1,78,0.5,9.2,2.0,12.55,6.275,8,220,monsoon,30.8,28.0,48.6,29.5,35.800000000000026,36.5,13.0
2019-08-09,13.0,29.3,75,0.8,21.4,3.0,7.26,2.42,8,221,monsoon,22.0,30.8,28.0,32.8,26.933333333333355,35.42857142857143,14.4
2019-08-10,14.4,28.8,80,1.7,18.8,3.0,8.45,2.8166666666666664,8,222,monsoon,13.0,22.0,30.8,35.3,21.933333333333355,32.6,25.7
2019-08-11,25.7,29.5,79,0.3,7.9,7.0,35.239999999999995,5.034285714285714,8,223,monsoon,14.4,13.0,22.0,50.5,16.466666666666693,29.61428571428571,19.5
2019-08-12,19.5,29.3,80,7.6,9.3,1.0,1.03,1.03,8,224,monsoon,25.7,14.4,13.0,48.6,17.70000000000002,26.071428571428573,21.3
2019-08-13,21.3,29.1,84,20.1,9.0,5.0,28.57,5.714,8,225,monsoon,19.5,25.7,14.4,28.0,19.86666666666669,21.914285714285715,30.2
2019-08-14,30.2,28.3,88,2.8,4.0,0.0,0.0,0.0,8,226,monsoon,21.3,19.5,25.7,30.8,22.16666666666669,20.957142857142856,29.9
2019-08-15,29.9,29.0,82,11.2,14.0,0.0,0.0,0.0,8,227,monsoon,30.2,21.3,19.5,22.0,23.66666666666669,20.87142857142857,16.7
2019-08-16,16.7,27.9,84,9.4,17.3,0.0,0.0,0.0,8,228,monsoon,29.9,30.2,21.3,13.0,27.133333333333354,22.0,9.91
2019-08-17,9.91,26.1,90,8.4,20.7,1.0,2.46,2.46,8,229,monsoon,16.7,29.9,30.2,14.4,25.600000000000023,22.52857142857143,14.0
2019-08-18,14.0,26.8,87,31.0,10.1,4.0,13.14,3.285,8,230,monsoon,9.91,16.7,29.9,25.7,18.836666666666687,21.887142857142855,36.1
2019-08-19,36.1,28.0,84,1.3,5.0,5.0,33.45,6.69,8,231,monsoon,14.0,9.91,16.7,19.5,13.53666666666669,20.215714285714284,45.6
2019-08-20,45.6,28.5,82,0.8,9.6,9.0,45.8,5.088888888888889,8,232,monsoon,36.1,14.0,9.91,21.3,20.003333333333355,22.587142857142858,44.7
2019-08-21,44.7,29.3,78,0.0,9.9,26.0,148.0,5.6923076923076925,8,233,monsoon,45.6,36.1,14.0,30.2,31.900000000000023,26.05857142857143,47.9
2019-08-22,47.9,28.6,84,0.8,6.3,47.0,195.38,4.157021276595745,8,234,monsoon,44.7,45.6,36.1,29.9,42.133333333333354,28.130000000000003,54.2
2019-08-23,54.2,29.2,82,4.0,3.5,13.0,42.09,3.237692307692307,8,235,monsoon,47.9,44.7,45.6,16.7,46.066666666666684,30.701428571428572,68.0
2019-08-24,68.0,29.1,83,3.9,5.8,13.0,69.5,5.346153846153846,8,236,monsoon,54.2,47.9,44.7,9.91,48.93333333333336,36.05857142857143,43.2
2019-08-25,43.2,27.5,88,12.9,8.2,10.0,44.32,4.432,8,237,monsoon,68.0,54.2,47.9,14.0,56.70000000000002,44.357142857142854,18.4
2019-08-26,18.4,28.8,83,0.6,8.6,3.0,9.37,3.123333333333333,8,238,monsoon,43.2,68.0,54.2,36.1,55.133333333333354,48.528571428571425,38.2
2019-08-27,38.2,29.8,80,0.1,6.3,12.0,48.78,4.065,8,239,monsoon,18.4,43.2,68.0,45.6,43.20000000000002,46.00000000000001,37.0
2019-08-28,37.0,30.4,78,0.4,8.4,11.0,36.67,3.333636363636364,8,240,monsoon,38.2,18.4,43.2,44.7,33.26666666666669,44.94285714285714,32.0
2019-08-29,32.0,30.1,80,1.0,9.1,13.0,56.94,4.38,8,241,monsoon,37.0,38.2,18.4,47.9,31.200000000000017,43.84285714285715,33.3
2019-08-30,33.3,30.1,81,0.9,5.1,6.0,18.51,3.0850000000000004,8,242,monsoon,32.0,37.0,38.2,54.2,35.73333333333335,41.57142857142857,42.3
2019-08-31,42.3,30.5,78,6.4,5.4,2.0,6.12,3.06,8,243,monsoon,33.3,32.0,37.0,68.0,34.10000000000002,38.58571428571429,30.2
2019-09-01,30.2,28.6,86,4.7,10.0,6.0,15.55,2.591666666666667,9,244,monsoon,42.3,33.3,32.0,43.2,35.86666666666668,34.91428571428572,46.3
2019-09-02,46.3,29.5,83,1.3,4.2,12.0,26.47,2.205833333333333,9,245,monsoon,30.2,42.3,33.3,18.4,35.26666666666669,33.05714285714286,67.1
2019-09-03,67.1,30.2,80,5.5,5.1,6.0,26.54,4.423333333333333,9,246,monsoon,46.3,30.2,42.3,38.2,39.600000000000016,37.042857142857144,74.6
2019-09-04,74.6,29.0,85,7.8,8.9,5.0,27.02,5.404,9,247,monsoon,67.1,46.3,30.2,37.0,47.86666666666668,41.17142857142857,30.5
2019-09-05,30.5,29.4,82,0.6,7.8,8.0,34.25,4.28125,9,248,monsoon,74.6,67.1,46.3,32.0,62.666666666666686,46.54285714285714,28.5
2019-09-06,28.5,29.7,81,0.4,7.8,15.0,50.36,3.357333333333333,9,249,monsoon,30.5,74.6,67.1,33.3,57.40000000000001,46.32857142857142,28.3
2019-09-07,28.3,28.8,85,2.1,9.1,14.0,43.38,3.0985714285714288,9,250,monsoon,28.5,30.5,74.6,42.3,44.53333333333335,45.64285714285713,32.7
2019-09-08,32.7,29.1,83,0.2,6.3,6.0,22.11,3.685,9,251,monsoon,28.3,28.5,30.5,30.2,29.10000000000002,43.642857142857146,51.4
2019-09-09,51.4,30.1,78,0.1,4.9,17.0,84.5,4.970588235294118,9,252,monsoon,32.7,28.3,28.5,46.3,29.833333333333353,43.99999999999999,52.8
2019-09-10,52.8,30.6,74,0.0,5.5,14.0,88.09,6.292142857142857,9,253,monsoon,51.4,32.7,28.3,67.1,37.46666666666669,44.728571428571435,72.6
2019-09-11,72.6,31.2,73,0.4,5.8,9.0,54.82,6.091111111111111,9,254,monsoon,52.8,51.4,32.7,74.6,45.633333333333354,42.685714285714276,55.4
2019-09-12,55.4,30.2,79,0.6,13.4,18.0,71.64,3.98,9,255,monsoon,72.6,52.8,51.4,30.5,58.93333333333336,42.4,31.0
2019-09-13,31.0,29.8,77,0.6,10.8,21.0,66.83,3.182380952380952,9,256,monsoon,55.4,72.6,52.8,28.5,60.26666666666668,45.957142857142856,25.7
2019-09-14,25.7,28.7,79,0.7,12.1,16.0,75.2,4.7,9,257,monsoon,31.0,55.4,72.6,28.3,53.00000000000002,46.31428571428571,35.8
2019-09-15,35.8,28.1,83,5.2,8.3,23.0,146.78,6.381739130434783,9,258,monsoon,25.7,31.0,55.4,32.7,37.36666666666669,45.94285714285714,55.2
2019-09-16,55.2,29.3,81,0.4,5.4,14.0,62.03,4.430714285714286,9,259,monsoon,35.8,25.7,31.0,51.4,30.833333333333353,46.385714285714286,57.0
2019-09-17,57.0,29.2,80,2.0,7.8,55.0,289.32,5.260363636363636,9,260,monsoon,55.2,35.8,25.7,52.8,38.90000000000003,46.92857142857143,33.1
2019-09-18,33.1,28.5,80,3.0,11.2,82.0,338.15,4.123780487804877,9,261,monsoon,57.0,55.2,35.8,72.6,49.33333333333335,47.52857142857143,20.0
2019-09-19,20.0,26.9,80,1.0,12.7,17.0,55.37,3.257058823529412,9,262,monsoon,33.1,57.0,55.2,55.4,48.43333333333336,41.885714285714286,29.8
2019-09-20,29.8,27.0,83,7.7,7.0,18.0,107.42,5.967777777777778,9,263,monsoon,20.0,33.1,57.0,31.0,36.700000000000024,36.82857142857143,34.6
2019-09-21,34.6,27.8,80,0.7,6.1,55.0,259.36,4.715636363636364,9,264,monsoon,29.8,20.0,33.1,25.7,27.633333333333354,36.65714285714285,22.9
2019-09-22,22.9,27.1,83,13.9,8.7,74.0,476.04,6.432972972972974,9,265,monsoon,34.6,29.8,20.0,35.8,28.133333333333354,37.92857142857143,30.9
2019-09-23,30.9,26.7,81,2.0,8.0,111.0,458.39,4.129639639639639,9,266,monsoon,22.9,34.6,29.8,55.2,29.100000000000023,36.08571428571428,32.7
2019-09-24,32.7,27.0,80,2.9,8.6,136.0,714.1,5.250735294117647,9,267,monsoon,30.9,22.9,34.6,57.0,29.466666666666686,32.614285714285714,29.8
2019-09-25,29.8,27.2,81,3.6,11.3,54.0,268.83,4.978333333333333,9,268,monsoon,32.7,30.9,22.9,33.1,28.833333333333353,29.142857142857142,17.0
2019-09-26,17.0,27.6,76,1.9,15.9,26.0,123.03,4.731923076923077,9,269,monsoon,29.8,32.7,30.9,20.0,31.133333333333354,28.671428571428574,11.6
2019-09-27,11.6,26.6,78,0.5,13.0,29.0,137.17000000000002,4.73,9,270,monsoon,17.0,29.8,32.7,29.8,26.500000000000025,28.242857142857144,17.1
2019-09-28,17.1,25.5,83,4.6,12.8,54.0,302.05,5.593518518518518,9,271,monsoon,11.6,17.0,29.8,34.6,19.466666666666686,25.642857142857142,13.6
2019-09-29,13.6,25.0,84,2.0,11.7,8.0,17.689999999999998,2.21125,9,272,monsoon,17.1,11.6,17.0,22.9,15.233333333333354,23.142857142857142,27.7
2019-09-30,27.7,25.3,83,6.0,7.9,11.0,36.26,3.2963636363636364,9,273,monsoon,13.6,17.1,11.6,30.9,14.100000000000021,21.814285714285713,29.4
2019-10-01,29.4,25.1,85,4.5,7.5,7.0,14.16,2.0228571428571427,10,274,post_monsoon,27.7,13.6,17.1,32.7,19.466666666666686,21.357142857142858,36.4
2019-10-02,36.4,26.5,80,0.2,5.3,42.0,151.82,3.6147619047619046,10,275,post_monsoon,29.4,27.7,13.6,29.8,23.566666666666688,20.885714285714283,50.2
2019-10-03,50.2,27.5,73,0.0,4.5,60.0,229.48,3.8246666666666655,10,276,post_monsoon,36.4,29.4,27.7,17.0,31.166666666666686,21.82857142857143,45.7
2019-10-04,45.7,26.1,72,4.9,8.2,47.0,160.31,3.4108510638297878,10,277,post_monsoon,50.2,36.4,29.4,11.6,38.66666666666669,26.571428571428573,35.6
2019-10-05,35.6,26.1,66,0.0,10.4,67.0,251.93,3.7601492537313432,10,278,post_monsoon,45.7,50.2,36.4,17.1,44.10000000000002,31.442857142857147,53.9
2019-10-06,53.9,26.4,62,0.0,8.2,34.0,106.97,3.146176470588235,10,279,post_monsoon,35.6,45.7,50.2,13.6,43.83333333333335,34.08571428571428,54.7
2019-10-07,54.7,26.3,62,0.0,10.9,69.0,293.86,4.258840579710145,10,280,post_monsoon,53.9,35.6,45.7,27.7,45.06666666666669,39.84285714285714,39.4
2019-10-08,39.4,26.4,57,0.0,7.0,198.0,1043.25,5.268939393939394,10,281,post_monsoon,54.7,53.9,35.6,29.4,48.066666666666684,43.699999999999996,73.2
2019-10-09,73.2,25.5,61,0.0,6.3,347.0,1524.45,4.393227665706052,10,282,post_monsoon,39.4,54.7,53.9,36.4,49.33333333333335,45.12857142857143,84.4
2019-10-10,84.4,26.4,59,0.0,5.9,404.0,1722.07,4.262549504950495,10,283,post_monsoon,73.2,39.4,54.7,50.2,55.76666666666669,50.385714285714286,129.0
2019-10-11,129.0,26.6,54,0.0,5.7,270.0,1374.48,5.0906666666666665,10,284,post_monsoon,84.4,73.2,39.4,45.7,65.6666666666667,55.271428571428565,59.0
2019-10-12,59.0,27.3,57,0.0,6.6,229.0,978.51,4.272969432314411,10,285,post_monsoon,129.0,84.4,73.2,35.6,95.53333333333336,67.17142857142858,59.0
2019-10-13,59.0,27.7,52,0.0,6.8,359.0,1736.22,4.836267409470752,10,286,post_monsoon,59.0,129.0,84.4,53.9,90.80000000000003,70.51428571428572,59.0
2019-10-14,59.0,27.0,58,0.0,7.5,423.0,2284.46,5.400614657210402,10,287,post_monsoon,59.0,59.0,129.0,54.7,82.33333333333336,71.24285714285715,101.0
2019-10-15,101.0,27.1,62,0.0,6.2,690.0,2934.07,4.252275362318841,10,288,post_monsoon,59.0,59.0,59.0,39.4,59.0,71.85714285714286,133.0
2019-10-16,133.0,27.6,58,0.0,6.3,435.0,2267.66,5.213011494252873,10,289,post_monsoon,101.0,59.0,59.0,73.2,73.00000000000001,80.65714285714286,108.0
2019-10-17,108.0,27.0,61,0.0,7.4,300.0,1505.95,5.019833333333334,10,290,post_monsoon,133.0,101.0,59.0,84.4,97.66666666666669,89.2,83.0
2019-10-18,83.0,26.4,65,2.7,8.9,164.0,803.02,4.896463414634146,10,291,post_monsoon,108.0,133.0,101.0,129.0,114.00000000000001,92.57142857142857,74.5
2019-10-19,74.5,25.5,67,2.5,5.8,629.0,3379.58,5.372941176470588,10,292,post_monsoon,83.0,108.0,133.0,59.0,108.00000000000001,86.0,95.1
2019-10-20,95.1,25.7,49,0.0,9.3,1165.0,5975.47,5.129158798283262,10,293,post_monsoon,74.5,83.0,108.0,59.0,88.50000000000001,88.21428571428571,109.0
2019-10-21,109.0,25.0,51,0.0,10.8,1176.0,6909.72,5.875612244897959,10,294,post_monsoon,95.1,74.5,83.0,59.0,84.20000000000002,93.37142857142858,89.3
2019-10-22,89.3,24.4,48,0.0,12.0,808.0,5178.5,6.409034653465347,10,295,post_monsoon,109.0,95.1,74.5,101.0,92.86666666666667,100.51428571428572,101.0
2019-10-23,101.0,24.4,54,0.0,8.5,1022.0,5837.45,5.71179060665362,10,296,post_monsoon,89.3,109.0,95.1,133.0,97.80000000000001,98.84285714285714,138.0
2019-10-24,138.0,24.2,65,0.0,6.7,1248.0,8644.1,6.92636217948718,10,297,post_monsoon,101.0,89.3,109.0,108.0,99.7666666666667,94.27142857142857,115.0
2019-10-25,115.0,24.4,63,0.0,7.2,2004.0,12397.55,6.186402195608782,10,298,post_monsoon,138.0,101.0,89.3,83.0,109.43333333333335,98.55714285714286,125.0
2019-10-26,125.0,24.5,61,0.0,6.2,2720.0,15631.05,5.746709558823529,10,299,post_monsoon,115.0,138.0,101.0,74.5,118.00000000000001,103.12857142857145,170.0
2019-10-27,170.0,24.5,58,0.0,9.2,2585.0,17760.75,6.870696324951644,10,300,post_monsoon,125.0,115.0,138.0,95.1,126.00000000000001,110.34285714285716,256.0
2019-10-28,256.0,24.1,59,0.0,7.5,2408.0,15929.83,6.615377906976744,10,301,post_monsoon,170.0,125.0,115.0,109.0,136.66666666666669,121.04285714285713,265.0
2019-10-29,265.0,24.4,65,0.0,5.6,1631.0,12461.22,7.640232985898222,10,302,post_monsoon,256.0,170.0,125.0,89.3,183.66666666666666,142.04285714285714,241.0
2019-10-30,241.0,25.4,64,0.0,7.7,3423.0,27881.49,8.145337423312883,10,303,post_monsoon,265.0,256.0,170.0,101.0,230.33333333333334,167.14285714285714,286.0
2019-10-31,286.0,24.3,66,0.0,7.9,10.0,13.08,1.308,10,304,post_monsoon,241.0,265.0,256.0,138.0,254.0,187.14285714285714,389.0
2019-11-01,389.0,24.8,65,0.0,6.7,402.0,2315.28,5.759402985074628,11,305,post_monsoon,286.0,241.0,265.0,115.0,264.0,208.28571428571428,328.0
2019-11-02,328.0,24.4,69,0.2,9.3,20.0,70.61,3.5305,11,306,post_monsoon,389.0,286.0,241.0,125.0,305.3333333333333,247.42857142857142,525.0
2019-11-03,525.0,23.8,71,0.0,9.1,3010.0,16389.65,5.445066445182725,11,307,post_monsoon,328.0,389.0,286.0,170.0,334.3333333333333,276.42857142857144,263.0
2019-11-04,263.0,23.7,63,0.0,12.6,5263.0,40201.82,7.638574957248718,11,308,post_monsoon,525.0,328.0,389.0,256.0,414.0,327.14285714285717,209.0
2019-11-05,209.0,22.9,57,0.0,12.5,5769.0,38598.36,6.69065002600104,11,309,post_monsoon,263.0,525.0,328.0,265.0,372.0,328.14285714285717,88.2
2019-11-06,88.2,23.3,59,0.0,7.8,4574.0,36892.21,8.065634018364669,11,310,post_monsoon,209.0,263.0,525.0,241.0,332.3333333333333,320.14285714285717,197.0
2019-11-07,197.0,22.1,71,1.4,9.7,170.0,1265.66,7.445058823529412,11,311,post_monsoon,88.2,209.0,263.0,286.0,186.73333333333335,298.3142857142857,152.0
2019-11-08,152.0,21.9,74,0.8,7.1,522.0,3212.54,6.154291187739464,11,312,post_monsoon,197.0,88.2,209.0,389.0,164.73333333333332,285.6,193.0
2019-11-09,193.0,21.8,60,0.0,11.2,1993.0,16686.59,8.372599096838936,11,313,post_monsoon,152.0,197.0,88.2,328.0,145.73333333333332,251.74285714285716,162.0
2019-11-10,162.0,20.8,60,0.0,9.5,2914.0,20668.38,7.092786547700755,11,314,post_monsoon,193.0,152.0,197.0,525.0,180.66666666666666,232.45714285714286,246.0
2019-11-11,246.0,20.3,59,0.0,8.4,840.0,4973.79,5.921178571428571,11,315,post_monsoon,162.0,193.0,152.0,263.0,169.0,180.6,380.0
2019-11-12,380.0,19.6,62,0.0,8.2,676.0,3818.15,5.648150887573965,11,316,post_monsoon,246.0,162.0,193.0,209.0,200.33333333333334,178.17142857142858,408.0
2019-11-13,408.0,20.7,67,0.0,7.0,26.0,126.91,4.881153846153846,11,317,post_monsoon,380.0,246.0,162.0,88.2,262.6666666666667,202.6,401.0
2019-11-14,401.0,21.4,69,0.0,6.6,3.0,3.7,1.2333333333333334,11,318,post_monsoon,408.0,380.0,246.0,197.0,344.6666666666667,248.28571428571428,460.0
2019-11-15,460.0,21.0,72,0.0,9.0,185.0,947.72,5.122810810810811,11,319,post_monsoon,401.0,408.0,380.0,152.0,396.3333333333333,277.42857142857144,189.0
2019-11-16,189.0,21.9,64,0.0,14.0,135.0,638.52,4.729777777777778,11,320,post_monsoon,460.0,401.0,408.0,193.0,423.0,321.42857142857144,101.0
2019-11-17,101.0,21.7,61,0.0,18.4,636.0,3564.67,5.604827044025157,11,321,post_monsoon,189.0,460.0,401.0,162.0,350.0,320.85714285714283,100.0
2019-11-18,100.0,19.9,64,0.0,12.6,725.0,4903.87,6.763958620689655,11,322,post_monsoon,101.0,189.0,460.0,246.0,250.0,312.14285714285717,119.0
2019-11-19,119.0,19.4,66,0.0,9.3,1588.0,10371.32,6.531057934508816,11,323,post_monsoon,100.0,101.0,189.0,380.0,130.0,291.2857142857143,139.0
2019-11-20,139.0,19.1,65,0.0,5.8,958.0,8280.62,8.64365344467641,11,324,post_monsoon,119.0,100.0,101.0,408.0,106.66666666666667,254.0,199.0
2019-11-21,199.0,19.6,67,0.0,7.1,224.0,1031.95,4.606919642857143,11,325,post_monsoon,139.0,119.0,100.0,401.0,119.33333333333333,215.57142857142858,176.0
2019-11-22,176.0,20.6,65,0.0,6.6,39.0,190.69,4.88948717948718,11,326,post_monsoon,199.0,139.0,119.0,460.0,152.33333333333334,186.71428571428572,130.0
2019-11-23,130.0,20.6,62,0.0,10.6,286.0,2284.09,7.986328671328672,11,327,post_monsoon,176.0,199.0,139.0,189.0,171.33333333333334,146.14285714285714,108.0
2019-11-24,108.0,20.7,64,0.0,11.1,531.0,3507.52,6.605499058380414,11,328,post_monsoon,130.0,176.0,199.0,101.0,168.33333333333334,137.71428571428572,114.0
2019-11-25,114.0,20.0,67,0.0,6.6,382.0,2488.57,6.514581151832461,11,329,post_monsoon,108.0,130.0,176.0,100.0,138.0,138.71428571428572,100.0
2019-11-26,100.0,20.1,67,0.9,9.5,38.0,131.0,3.4473684210526314,11,330,post_monsoon,114.0,108.0,130.0,119.0,117.33333333333333,140.71428571428572,60.9
2019-11-27,60.9,19.7,68,0.0,7.1,52.0,194.98,3.749615384615384,11,331,post_monsoon,100.0,114.0,108.0,139.0,107.33333333333333,138.0,31.5
2019-11-28,31.5,18.3,83,22.1,13.4,18.0,96.51,5.361666666666667,11,332,post_monsoon,60.9,100.0,114.0,199.0,91.63333333333333,126.84285714285714,54.8
2019-11-29,54.8,17.7,82,0.0,6.1,58.0,277.98,4.792758620689655,11,333,post_monsoon,31.5,60.9,100.0,176.0,64.13333333333334,102.91428571428573,106.0
2019-11-30,106.0,17.0,78,0.0,8.8,123.0,723.99,5.886097560975609,11,334,post_monsoon,54.8,31.5,60.9,130.0,49.06666666666666,85.60000000000001,129.0
2019-12-01,129.0,15.5,74,0.0,8.5,224.0,1186.64,5.2975,12,335,winter,106.0,54.8,31.5,108.0,64.1,82.17142857142858,132.0
2019-12-02,132.0,15.4,70,0.0,9.8,252.0,968.02,3.8413492063492063,12,336,winter,129.0,106.0,54.8,114.0,96.59999999999998,85.17142857142858,129.0
2019-12-03,129.0,15.1,66,0.0,10.8,175.0,918.37,5.247828571428571,12,337,winter,132.0,129.0,106.0,100.0,122.33333333333333,87.74285714285715,128.0
2019-12-04,128.0,15.3,72,0.0,6.4,77.0,367.1,4.767532467532468,12,338,winter,129.0,132.0,129.0,60.9,130.0,91.88571428571429,243.0
2019-12-05,243.0,15.4,74,0.0,6.6,59.0,320.76,5.436610169491526,12,339,winter,128.0,129.0,132.0,31.5,129.66666666666666,101.47142857142856,254.0
2019-12-06,254.0,15.4,82,0.0,6.5,117.0,533.95,4.563675213675214,12,340,winter,243.0,128.0,129.0,54.8,166.66666666666666,131.68571428571428,227.0
2019-12-07,227.0,16.0,79,0.0,5.7,192.0,656.22,3.4178125,12,341,winter,254.0,243.0,128.0,106.0,208.33333333333334,160.14285714285714,230.0
2019-12-08,230.0,15.7,79,0.0,6.9,201.0,752.8,3.745273631840796,12,342,winter,227.0,254.0,243.0,129.0,241.33333333333334,177.42857142857142,239.0
2019-12-09,239.0,15.3,73,0.0,6.2,50.0,156.42,3.1284,12,343,winter,230.0,227.0,254.0,132.0,237.0,191.85714285714286,203.0
2019-12-10,203.0,15.1,70,0.0,7.4,81.0,319.27,3.9416049382716047,12,344,winter,239.0,230.0,227.0,129.0,232.0,207.14285714285714,255.0
2019-12-11,255.0,15.7,71,0.0,6.1,3.0,8.59,2.8633333333333333,12,345,winter,203.0,239.0,230.0,128.0,224.0,217.71428571428572,263.0
2019-12-12,263.0,15.6,78,5.9,13.3,1.0,2.05,2.05,12,346,winter,255.0,203.0,239.0,243.0,232.33333333333334,235.85714285714286,105.0
2019-12-13,105.0,15.1,87,3.7,12.3,3.0,3.13,1.0433333333333332,12,347,winter,263.0,255.0,203.0,254.0,240.33333333333334,238.71428571428572,85.1
2019-12-14,85.1,13.0,85,0.0,5.0,3.0,3.2,1.0666666666666669,12,348,winter,105.0,263.0,255.0,227.0,207.66666666666666,217.42857142857142,99.6
2019-12-15,99.6,13.2,80,0.0,8.1,6.0,13.73,2.2883333333333336,12,349,winter,85.1,105.0,263.0,230.0,151.03333333333333,197.15714285714284,101.0
2019-12-16,101.0,12.4,80,0.0,10.2,3.0,20.06,6.686666666666667,12,350,winter,99.6,85.1,105.0,239.0,96.56666666666666,178.5285714285714,102.0
2019-12-17,102.0,11.8,80,0.0,10.1,11.0,33.06,3.005454545454546,12,351,winter,101.0,99.6,85.1,203.0,95.23333333333333,158.8142857142857,149.0
2019-12-18,149.0,11.9,78,0.0,9.4,26.0,75.45,2.901923076923077,12,352,winter,102.0,101.0,99.6,255.0,100.86666666666667,144.38571428571427,280.0
2019-12-19,280.0,11.5,80,0.0,5.4,1.0,4.41,4.41,12,353,winter,149.0,102.0,101.0,263.0,117.33333333333333,129.24285714285716,335.0
2019-12-20,335.0,13.0,79,0.0,5.1,10.0,30.2,3.02,12,354,winter,280.0,149.0,102.0,105.0,177.0,131.67142857142858,282.0
2019-12-21,282.0,13.4,81,0.2,6.2,12.0,28.5,2.375,12,355,winter,335.0,280.0,149.0,85.1,254.66666666666666,164.52857142857144,157.0
2019-12-22,157.0,12.5,84,0.0,10.1,24.0,98.12,4.088333333333334,12,356,winter,282.0,335.0,280.0,99.6,299.0,192.65714285714284,192.0
2019-12-23,192.0,11.8,82,0.0,10.5,31.0,99.9,3.2225806451612904,12,357,winter,157.0,282.0,335.0,101.0,258.0,200.85714285714286,293.0
2019-12-24,293.0,9.6,90,0.0,6.2,98.0,293.39,2.993775510204081,12,358,winter,192.0,157.0,282.0,102.0,210.33333333333334,213.85714285714286,181.0
2019-12-25,181.0,8.7,87,0.0,9.7,3.0,15.900000000000002,5.300000000000001,12,359,winter,293.0,192.0,157.0,149.0,214.0,241.14285714285714,219.0
2019-12-26,219.0,8.4,84,0.0,11.2,5.0,13.48,2.696,12,360,winter,181.0,293.0,192.0,280.0,222.0,245.71428571428572,242.0
2019-12-27,242.0,7.3,88,0.0,7.2,27.0,99.03,3.667777777777778,12,361,winter,219.0,181.0,293.0,335.0,231.0,237.0,297.0
2019-12-28,297.0,6.7,90,0.0,6.5,21.0,82.95,3.95,12,362,winter,242.0,219.0,181.0,282.0,214.0,223.71428571428572,368.0
2019-12-29,368.0,7.3,86,0.0,5.2,93.0,284.0,3.053763440860215,12,363,winter,297.0,242.0,219.0,157.0,252.66666666666666,225.85714285714286,354.0
2019-12-30,354.0,6.9,89,0.0,6.8,0.0,0.0,0.0,12,364,winter,368.0,297.0,242.0,192.0,302.3333333333333,256.0,228.0
2019-12-31,228.0,7.6,78,0.0,6.8,26.0,85.09,3.272692307692308,12,365,winter,354.0,368.0,297.0,293.0,339.6666666666667,279.14285714285717,311.0
2020-01-01,311.0,10.0,79,0.0,8.1,5.0,8.97,1.794,1,1,winter,228.0,354.0,368.0,181.0,316.6666666666667,269.85714285714283,287.0
2020-01-02,287.0,12.9,79,0.0,8.6,34.0,104.64,3.0776470588235294,1,2,winter,311.0,228.0,354.0,219.0,297.6666666666667,288.42857142857144,228.0
2020-01-03,228.0,14.0,78,0.1,6.5,75.0,237.68,3.1690666666666667,1,3,winter,287.0,311.0,228.0,242.0,275.3333333333333,298.14285714285717,206.0
2020-01-04,206.0,13.4,82,0.5,5.4,56.0,181.91,3.248392857142857,1,4,winter,228.0,287.0,311.0,297.0,275.3333333333333,296.14285714285717,160.0
2020-01-05,160.0,13.3,74,0.0,9.1,23.0,123.74,5.38,1,5,winter,206.0,228.0,287.0,368.0,240.33333333333334,283.14285714285717,150.0
2020-01-06,150.0,13.5,76,0.0,6.7,0.0,0.0,0.0,1,6,winter,160.0,206.0,228.0,354.0,198.0,253.42857142857142,123.0
2020-01-07,123.0,14.0,83,2.1,9.8,4.0,128.91,32.2275,1,7,winter,150.0,160.0,206.0,228.0,172.0,224.28571428571428,104.0
2020-01-08,104.0,12.8,92,17.5,9.2,8.0,11.95,1.49375,1,8,winter,123.0,150.0,160.0,311.0,144.33333333333334,209.28571428571428,106.0
2020-01-09,106.0,10.5,78,0.0,12.0,3.0,11.52,3.84,1,9,winter,104.0,123.0,150.0,287.0,125.66666666666667,179.71428571428572,142.0
2020-01-10,142.0,10.1,77,0.0,11.7,10.0,19.47,1.947,1,10,winter,106.0,104.0,123.0,228.0,111.0,153.85714285714286,157.0
2020-01-11,157.0,10.3,77,0.0,9.3,22.0,58.120000000000005,2.641818181818182,1,11,winter,142.0,106.0,104.0,206.0,117.33333333333333,141.57142857142858,193.0
2020-01-12,193.0,11.8,78,0.0,8.4,17.0,63.23,3.719411764705882,1,12,winter,157.0,142.0,106.0,160.0,135.0,134.57142857142858,221.0
2020-01-13,221.0,14.6,83,16.6,10.5,6.0,11.08,1.846666666666667,1,13,winter,193.0,157.0,142.0,150.0,164.0,139.28571428571428,116.0
2020-01-14,116.0,14.0,86,0.3,8.6,17.0,40.64,2.3905882352941177,1,14,winter,221.0,193.0,157.0,123.0,190.33333333333334,149.42857142857142,112.0
2020-01-15,112.0,12.4,83,0.0,8.6,8.0,38.93,4.86625,1,15,winter,116.0,221.0,193.0,104.0,176.66666666666666,148.42857142857142,152.0
2020-01-16,152.0,12.4,90,11.1,7.7,0.0,0.0,0.0,1,16,winter,112.0,116.0,221.0,106.0,149.66666666666666,149.57142857142858,111.0
2020-01-17,111.0,13.0,88,0.6,7.6,1.0,3.66,3.66,1,17,winter,152.0,112.0,116.0,142.0,126.66666666666667,156.14285714285714,135.0
2020-01-18,135.0,12.5,89,0.2,6.3,12.0,36.01,3.000833333333333,1,18,winter,111.0,152.0,112.0,157.0,125.0,151.71428571428572,136.0
2020-01-19,136.0,11.7,82,0.0,9.3,33.0,100.78,3.053939393939394,1,19,winter,135.0,111.0,152.0,193.0,132.66666666666666,148.57142857142858,158.0
2020-01-20,158.0,12.1,84,0.0,8.2,21.0,105.02,5.000952380952381,1,20,winter,136.0,135.0,111.0,221.0,127.33333333333333,140.42857142857142,206.0
2020-01-21,206.0,12.9,86,0.0,5.8,6.0,17.23,2.8716666666666666,1,21,winter,158.0,136.0,135.0,116.0,143.0,131.42857142857142,220.0
2020-01-22,220.0,12.5,82,0.0,10.1,39.0,166.68,4.273846153846154,1,22,winter,206.0,158.0,136.0,112.0,166.66666666666666,144.28571428571428,68.3
2020-01-23,68.3,12.5,66,0.0,17.9,57.0,174.25,3.057017543859649,1,23,winter,220.0,206.0,158.0,152.0,194.66666666666666,159.71428571428572,77.2
2020-01-24,77.2,12.8,60,0.0,17.7,129.0,470.57,3.647829457364341,1,24,winter,68.3,220.0,206.0,111.0,164.76666666666668,147.75714285714284,123.0
2020-01-25,123.0,11.8,74,0.0,7.7,59.0,221.29,3.750677966101695,1,25,winter,77.2,68.3,220.0,135.0,121.83333333333333,142.92857142857142,193.0
2020-01-26,193.0,13.6,79,0.0,7.0,61.0,245.95,4.031967213114754,1,26,winter,123.0,77.2,68.3,136.0,89.5,141.21428571428572,199.0
2020-01-27,199.0,14.0,77,0.4,8.2,12.0,45.09,3.7575,1,27,winter,193.0,123.0,77.2,158.0,131.06666666666666,149.35714285714286,113.0
2020-01-28,113.0,14.2,83,16.0,13.2,6.0,7.38,1.23,1,28,winter,199.0,193.0,123.0,206.0,171.66666666666666,155.21428571428572,75.8
2020-01-29,75.8,13.3,82,0.5,6.6,17.0,181.08,10.651764705882352,1,29,winter,113.0,199.0,193.0,220.0,168.33333333333334,141.92857142857142,96.0
2020-01-30,96.0,12.6,77,0.0,11.2,40.0,136.99,3.4247500000000004,1,30,winter,75.8,113.0,199.0,68.3,129.26666666666668,121.32857142857142,95.3
2020-01-31,95.3,12.1,74,0.0,9.3,15.0,46.57,3.1046666666666667,1,31,winter,96.0,75.8,113.0,77.2,94.93333333333334,125.28571428571429,101.0
2020-02-01,101.0,12.3,74,0.0,7.7,23.0,66.16,2.8765217391304345,2,32,winter,95.3,96.0,75.8,123.0,89.03333333333335,127.87142857142858,134.0
2020-02-02,134.0,11.7,76,0.0,10.1,63.0,194.89,3.093492063492063,2,33,winter,101.0,95.3,96.0,193.0,97.43333333333332,124.72857142857143,126.0
2020-02-03,126.0,12.0,74,0.0,8.3,74.0,246.05,3.325,2,34,winter,134.0,101.0,95.3,199.0,110.09999999999998,116.3,167.0
2020-02-04,167.0,13.0,74,0.0,8.1,54.0,146.99,2.7220370370370373,2,35,winter,126.0,134.0,101.0,113.0,120.33333333333333,105.87142857142858,137.0
2020-02-05,137.0,12.9,74,0.0,10.3,61.0,262.99,4.311311475409836,2,36,winter,167.0,126.0,134.0,75.8,142.33333333333334,113.58571428571429,110.0
2020-02-06,110.0,11.7,75,0.0,8.2,65.0,304.19,4.679846153846154,2,37,winter,137.0,167.0,126.0,96.0,143.33333333333334,122.32857142857144,149.0
2020-02-07,149.0,12.7,71,0.1,6.7,48.0,183.77,3.8285416666666663,2,38,winter,110.0,137.0,167.0,95.3,138.0,124.32857142857144,142.0
2020-02-08,142.0,12.4,75,0.0,8.5,78.0,335.1,4.296153846153847,2,39,winter,149.0,110.0,137.0,101.0,132.0,132.0,162.0
2020-02-09,162.0,12.8,75,0.0,8.0,142.0,501.65,3.5327464788732392,2,40,winter,142.0,149.0,110.0,134.0,133.66666666666666,137.85714285714286,180.0
2020-02-10,180.0,13.2,73,0.0,9.1,106.0,448.79,4.233867924528302,2,41,winter,162.0,142.0,149.0,126.0,151.0,141.85714285714286,162.0
2020-02-11,162.0,13.5,73,0.0,8.6,37.0,134.36,3.631351351351351,2,42,winter,180.0,162.0,142.0,167.0,161.33333333333334,149.57142857142858,194.0
2020-02-12,194.0,15.9,68,0.0,13.2,84.0,407.7,4.853571428571429,2,43,winter,162.0,180.0,162.0,137.0,168.0,148.85714285714286,99.7
2020-02-13,99.7,19.2,57,0.0,18.9,78.0,442.13,5.668333333333333,2,44,winter,194.0,162.0,180.0,110.0,178.66666666666666,157.0,70.3
2020-02-14,70.3,18.5,51,0.0,21.6,106.0,419.18,3.9545283018867927,2,45,winter,99.7,194.0,162.0,149.0,151.9,155.52857142857144,82.2
2020-02-15,82.2,17.5,47,0.0,16.4,146.0,598.23,4.0974657534246575,2,46,winter,70.3,99.7,194.0,142.0,121.33333333333333,144.28571428571428,118.0
2020-02-16,118.0,17.1,60,0.0,10.2,77.0,304.84,3.958961038961039,2,47,winter,82.2,70.3,99.7,162.0,84.06666666666666,135.74285714285713,157.0
2020-02-17,157.0,17.5,56,0.0,10.8,93.0,341.42,3.671182795698925,2,48,winter,118.0,82.2,70.3,180.0,90.16666666666667,129.45714285714286,133.0
2020-02-18,133.0,17.0,48,0.0,13.4,100.0,364.29,3.6429,2,49,winter,157.0,118.0,82.2,162.0,119.06666666666666,126.17142857142858,120.0
2020-02-19,120.0,18.2,54,0.0,14.9,40.0,295.6,7.390000000000001,2,50,winter,133.0,157.0,118.0,194.0,136.0,122.02857142857144,101.0
2020-02-20,101.0,20.0,62,2.1,20.1,85.0,326.89,3.845764705882353,2,51,winter,120.0,133.0,157.0,99.7,136.66666666666666,111.45714285714287,54.2
2020-02-21,54.2,16.2,84,13.4,18.2,13.0,33.64,2.587692307692308,2,52,winter,101.0,120.0,133.0,70.3,118.0,111.64285714285714,64.5
2020-02-22,64.5,17.8,79,0.7,8.8,32.0,147.68,4.615,2,53,winter,54.2,101.0,120.0,82.2,91.73333333333333,109.34285714285714,98.4
2020-02-23,98.4,17.5,82,2.6,7.2,39.0,200.28,5.135384615384615,2,54,winter,64.5,54.2,101.0,118.0,73.23333333333333,106.81428571428572,63.9
2020-02-24,63.9,17.6,78,0.1,8.0,49.0,243.49,4.969183673469388,2,55,winter,98.4,64.5,54.2,157.0,72.36666666666667,104.01428571428572,152.0
2020-02-25,152.0,18.0,74,0.0,9.2,75.0,268.09,3.574533333333333,2,56,winter,63.9,98.4,64.5,133.0,75.60000000000001,90.71428571428571,133.0
2020-02-26,133.0,18.6,74,0.0,6.6,94.0,332.69,3.539255319148936,2,57,winter,152.0,63.9,98.4,120.0,104.76666666666667,93.42857142857143,102.0
2020-02-27,102.0,19.1,76,0.0,8.1,35.0,135.58,3.873714285714286,2,58,winter,133.0,152.0,63.9,101.0,116.3,95.28571428571429,85.2
2020-02-28,85.2,20.3,74,0.0,15.8,19.0,38.04,2.002105263157895,2,59,winter,102.0,133.0,152.0,54.2,129.0,95.42857142857143,58.0
2020-02-29,58.0,18.7,82,9.1,14.8,9.0,28.88,3.2088888888888887,2,60,winter,85.2,102.0,133.0,64.5,106.73333333333333,99.85714285714286,36.6
2020-03-01,36.6,19.1,80,0.0,8.6,17.0,32.65,1.9205882352941173,3,61,summer,58.0,85.2,102.0,98.4,81.73333333333333,98.92857142857143,82.5
2020-03-02,82.5,19.7,78,0.2,6.2,64.0,315.59,4.93109375,3,62,summer,36.6,58.0,85.2,63.9,59.93333333333334,90.1,67.7
2020-03-03,67.7,19.6,70,0.0,7.8,56.0,234.08,4.180000000000001,3,63,summer,82.5,36.6,58.0,152.0,59.03333333333334,92.75714285714285,70.6
2020-03-04,70.6,19.2,72,1.0,8.6,47.0,200.51,4.2661702127659575,3,64,summer,67.7,82.5,36.6,133.0,62.26666666666667,80.71428571428571,27.6
2020-03-05,27.6,18.2,79,13.0,13.9,9.0,36.78,4.086666666666667,3,65,summer,70.6,67.7,82.5,102.0,73.60000000000001,71.8,19.7
2020-03-06,19.7,16.4,86,23.3,18.2,2.0,1.55,0.775,3,66,summer,27.6,70.6,67.7,85.2,55.300000000000004,61.17142857142857,42.0
2020-03-07,42.0,15.9,85,1.7,10.7,5.0,3.57,0.714,3,67,summer,19.7,27.6,70.6,58.0,39.300000000000004,51.814285714285724,87.5
2020-03-08,87.5,16.5,79,0.0,7.2,15.0,25.49,1.6993333333333334,3,68,summer,42.0,19.7,27.6,36.6,29.76666666666667,49.52857142857143,45.2
2020-03-09,45.2,17.0,67,0.0,14.0,23.0,110.34,4.797391304347826,3,69,summer,87.5,42.0,19.7,82.5,49.73333333333334,56.800000000000004,85.2
2020-03-10,85.2,17.1,68,0.0,6.4,51.0,183.54,3.5988235294117645,3,70,summer,45.2,87.5,42.0,67.7,58.23333333333335,51.471428571428575,54.7
2020-03-11,54.7,18.7,74,2.6,14.3,5.0,13.74,2.748,3,71,summer,85.2,45.2,87.5,70.6,72.63333333333334,53.971428571428575,52.1
2020-03-12,52.1,19.6,67,0.0,13.2,12.0,41.9,3.4916666666666667,3,72,summer,54.7,85.2,45.2,27.6,61.70000000000001,51.699999999999996,59.3
2020-03-13,59.3,18.7,65,10.0,8.3,8.0,21.94,2.7425,3,73,summer,52.1,54.7,85.2,19.7,64.00000000000001,55.2,38.1
2020-03-14,38.1,16.4,82,4.2,10.2,4.0,5.38,1.345,3,74,summer,59.3,52.1,54.7,42.0,55.366666666666674,60.857142857142854,58.9
2020-03-15,58.9,16.3,78,0.1,5.5,19.0,54.93,2.8910526315789475,3,75,summer,38.1,59.3,52.1,87.5,49.833333333333336,60.3,68.6
2020-03-16,68.6,18.0,75,0.0,9.6,15.0,36.24,2.416,3,76,summer,58.9,38.1,59.3,45.2,52.1,56.21428571428572,70.0
2020-03-17,70.0,18.9,71,0.0,10.7,57.0,174.67,3.0643859649122804,3,77,summer,68.6,58.9,38.1,85.2,55.199999999999996,59.55714285714286,65.3
2020-03-18,65.3,20.4,67,0.0,11.0,61.0,189.75,3.110655737704918,3,78,summer,70.0,68.6,58.9,54.7,65.83333333333333,57.385714285714286,81.2
2020-03-19,81.2,20.8,71,0.2,7.7,33.0,152.51,4.621515151515151,3,79,summer,65.3,70.0,68.6,52.1,67.96666666666665,58.9,91.9
2020-03-20,91.9,21.2,69,0.4,8.1,33.0,106.59,3.23,3,80,summer,81.2,65.3,70.0,59.3,72.16666666666667,63.05714285714286,66.7
2020-03-21,66.7,21.7,70,1.6,5.3,15.0,38.23,2.548666666666666,3,81,summer,91.9,81.2,65.3,38.1,79.46666666666667,67.71428571428571,69.4
2020-03-22,69.4,22.0,68,0.0,8.1,31.0,201.2,6.490322580645161,3,82,summer,66.7,91.9,81.2,58.9,79.93333333333334,71.8,60.0
2020-03-23,60.0,22.5,61,0.0,5.6,31.0,99.87,3.2216129032258065,3,83,summer,69.4,66.7,91.9,68.6,76.0,73.3,45.9
2020-03-24,45.9,23.6,64,0.7,7.4,11.0,42.13,3.83,3,84,summer,60.0,69.4,66.7,70.0,65.36666666666667,72.07142857142857,29.6
2020-03-25,29.6,23.8,62,0.0,10.1,6.0,18.67,3.1116666666666664,3,85,summer,45.9,60.0,69.4,65.3,58.43333333333334,68.62857142857143,42.2
2020-03-26,42.2,23.5,61,0.0,12.7,0.0,0.0,0.0,3,86,summer,29.6,45.9,60.0,81.2,45.166666666666664,63.528571428571425,25.2
2020-03-27,25.2,21.4,74,6.0,10.7,0.0,0.0,0.0,3,87,summer,42.2,29.6,45.9,91.9,39.233333333333334,57.95714285714286,18.1
2020-03-28,18.1,21.3,69,0.1,10.5,6.0,15.55,2.591666666666667,3,88,summer,25.2,42.2,29.6,66.7,32.333333333333336,48.42857142857144,24.5
2020-03-29,24.5,21.9,59,0.0,14.5,21.0,75.48,3.5942857142857143,3,89,summer,18.1,25.2,42.2,69.4,28.5,41.48571428571428,36.6
2020-03-30,36.6,21.9,55,0.0,12.1,12.0,47.98,3.998333333333333,3,90,summer,24.5,18.1,25.2,60.0,22.599999999999998,35.07142857142858,31.5
2020-03-31,31.5,22.7,56,0.1,11.4,10.0,48.95,4.895,3,91,summer,36.6,24.5,18.1,45.9,26.400000000000002,31.728571428571428,30.4
2020-04-01,30.4,23.9,56,0.0,7.4,11.0,44.3,4.027272727272727,4,92,summer,31.5,36.6,24.5,29.6,30.86666666666667,29.671428571428574,23.9
2020-04-02,23.9,23.3,53,0.0,14.7,23.0,75.44,3.28,4,93,summer,30.4,31.5,36.6,42.2,32.833333333333336,29.78571428571429,36.6
2020-04-03,36.6,22.4,44,0.0,12.0,33.0,110.14,3.3375757575757574,4,94,summer,23.9,30.4,31.5,25.2,28.599999999999998,27.17142857142857,37.4
2020-04-04,37.4,23.2,48,0.0,11.8,22.0,87.39,3.972272727272727,4,95,summer,36.6,23.9,30.4,18.1,30.3,28.800000000000004,44.0
2020-04-05,44.0,24.0,53,0.0,9.0,16.0,49.51,3.094375,4,96,summer,37.4,36.6,23.9,24.5,32.63333333333333,31.557142857142853,51.0
2020-04-06,51.0,26.2,46,0.0,10.0,15.0,60.440000000000005,4.029333333333334,4,97,summer,44.0,37.4,36.6,36.6,39.333333333333336,34.34285714285714,33.1
2020-04-07,33.1,25.0,46,0.4,13.7,7.0,11.61,1.6585714285714286,4,98,summer,51.0,44.0,37.4,31.5,44.13333333333333,36.4,33.2
2020-04-08,33.2,24.9,46,0.0,11.9,22.0,96.44,4.383636363636364,4,99,summer,33.1,51.0,44.0,30.4,42.699999999999996,36.628571428571426,35.8
2020-04-09,35.8,24.4,46,0.0,10.6,8.0,33.28,4.16,4,100,summer,33.2,33.1,51.0,23.9,39.1,37.028571428571425,59.9
2020-04-10,59.9,25.7,47,0.0,8.4,19.0,78.28999999999999,4.120526315789474,4,101,summer,35.8,33.2,33.1,36.6,34.03333333333334,38.728571428571435,44.8
2020-04-11,44.8,27.7,42,0.0,8.1,13.0,49.83,3.833076923076923,4,102,summer,59.9,35.8,33.2,37.4,42.96666666666667,42.05714285714286,41.8
2020-04-12,41.8,28.0,42,0.0,11.3,8.0,22.54,2.8175,4,103,summer,44.8,59.9,35.8,44.0,46.833333333333336,43.114285714285714,60.6
2020-04-13,60.6,29.3,41,0.0,10.9,22.0,123.71,5.623181818181819,4,104,summer,41.8,44.8,59.9,51.0,48.833333333333336,42.800000000000004,45.0
2020-04-14,45.0,30.1,41,0.0,8.7,16.0,41.98,2.62375,4,105,summer,60.6,41.8,44.8,33.1,49.06666666666666,44.17142857142857,49.6
2020-04-15,49.6,30.4,38,0.0,10.2,15.0,49.21,3.280666666666667,4,106,summer,45.0,60.6,41.8,33.2,49.13333333333333,45.87142857142857,65.1
2020-04-16,65.1,30.3,36,0.0,10.2,6.0,15.55,2.5916666666666663,4,107,summer,49.6,45.0,60.6,35.8,51.73333333333333,48.214285714285715,23.7
2020-04-17,23.7,29.6,34,0.0,12.7,9.0,56.77,6.307777777777778,4,108,summer,65.1,49.6,45.0,59.9,53.23333333333333,52.39999999999999,27.8
2020-04-18,27.8,29.0,38,0.0,13.8,10.0,44.18,4.418,4,109,summer,23.7,65.1,49.6,44.8,46.133333333333326,47.228571428571435,32.6
2020-04-19,32.6,27.9,43,0.0,9.8,11.0,22.86,2.078181818181818,4,110,summer,27.8,23.7,65.1,41.8,38.86666666666667,44.800000000000004,38.1
2020-04-20,38.1,26.8,45,0.4,7.6,11.0,53.95,4.904545454545455,4,111,summer,32.6,27.8,23.7,60.6,28.03333333333333,43.48571428571428,33.7
2020-04-21,33.7,26.1,51,0.0,8.4,23.0,98.11,4.265652173913043,4,112,summer,38.1,32.6,27.8,45.0,32.833333333333336,40.271428571428565,49.7
2020-04-22,49.7,27.5,41,0.0,7.8,27.0,132.1,4.892592592592592,4,113,summer,33.7,38.1,32.6,49.6,34.800000000000004,38.65714285714286,47.7
2020-04-23,47.7,28.9,38,0.0,10.1,17.0,50.67,2.980588235294117,4,114,summer,49.7,33.7,38.1,65.1,40.50000000000001,38.67142857142857,52.5
2020-04-24,52.5,28.9,41,0.0,7.0,72.0,357.64,4.967222222222222,4,115,summer,47.7,49.7,33.7,23.7,43.70000000000001,36.18571428571429,46.9
2020-04-25,46.9,28.5,43,0.5,8.1,47.0,263.99,5.616808510638298,4,116,summer,52.5,47.7,49.7,27.8,49.96666666666667,40.300000000000004,41.3
2020-04-26,41.3,26.9,58,1.0,14.5,60.0,234.1,3.9016666666666655,4,117,summer,46.9,52.5,47.7,32.6,49.03333333333333,43.028571428571425,27.3
2020-04-27,27.3,25.4,69,2.8,16.4,59.0,257.09,4.357457627118643,4,118,summer,41.3,46.9,52.5,38.1,46.9,44.271428571428565,36.9
2020-04-28,36.9,26.4,64,0.2,9.0,83.0,400.36,4.823614457831326,4,119,summer,27.3,41.3,46.9,33.7,38.5,42.728571428571435,53.2
2020-04-29,53.2,28.6,55,0.0,7.2,176.0,975.78,5.544204545454545,4,120,summer,36.9,27.3,41.3,49.7,35.166666666666664,43.185714285714276,52.0
2020-04-30,52.0,29.4,51,0.2,10.8,75.0,465.95,6.212666666666666,4,121,summer,53.2,36.9,27.3,47.7,39.13333333333333,43.685714285714276,56.6
2020-05-01,56.6,30.5,54,0.0,10.7,215.0,1086.84,5.05506976744186,5,122,summer,52.0,53.2,36.9,52.5,47.36666666666667,44.300000000000004,35.8
2020-05-02,35.8,29.3,57,0.9,18.4,85.0,390.88,4.598588235294118,5,123,summer,56.6,52.0,53.2,46.9,53.93333333333334,44.885714285714286,33.7
2020-05-03,33.7,27.7,64,21.8,13.7,44.0,210.56,4.785454545454545,5,124,summer,35.8,56.6,52.0,41.3,48.13333333333333,43.300000000000004,26.5
2020-05-04,26.5,27.2,66,0.0,7.0,138.0,580.67,4.207753623188405,5,125,summer,33.7,35.8,56.6,27.3,42.03333333333333,42.214285714285715,44.1
2020-05-05,44.1,28.8,50,0.0,7.7,182.0,1111.71,6.108296703296704,5,126,summer,26.5,33.7,35.8,36.9,32.0,42.1,53.6
2020-05-06,53.6,28.6,45,0.0,7.5,216.0,905.67,4.192916666666666,5,127,summer,44.1,26.5,33.7,53.2,34.76666666666667,43.12857142857143,30.2
2020-05-07,30.2,28.6,44,0.0,10.3,1597.0,7159.86,4.483318722604884,5,128,summer,53.6,44.1,26.5,52.0,41.4,43.18571428571429,44.3
2020-05-08,44.3,30.7,40,0.0,9.4,1547.0,8148.31,5.267168713639302,5,129,summer,30.2,53.6,44.1,56.6,42.63333333333333,40.07142857142857,54.7
2020-05-09,54.7,31.6,41,0.0,9.9,1441.0,10462.51,7.26058986814712,5,130,summer,44.3,30.2,53.6,35.8,42.70000000000001,38.31428571428571,43.9
2020-05-10,43.9,29.6,54,0.8,13.2,321.0,1836.4,5.720872274143303,5,131,summer,54.7,44.3,30.2,33.7,43.06666666666666,41.01428571428572,44.4
2020-05-11,44.4,29.1,57,0.3,11.2,756.0,4436.69,5.868637566137566,5,132,summer,43.9,54.7,44.3,26.5,47.63333333333333,42.471428571428575,42.6
2020-05-12,42.6,29.4,55,0.0,10.0,1575.0,7273.34,4.617993650793651,5,133,summer,44.4,43.9,54.7,44.1,47.666666666666664,45.028571428571425,64.4
2020-05-13,64.4,29.7,55,0.3,7.7,921.0,3775.63,4.099489685124865,5,134,summer,42.6,44.4,43.9,53.6,43.63333333333333,44.81428571428571,44.6
2020-05-14,44.6,30.5,53,0.0,7.3,785.0,4931.93,6.282713375796178,5,135,summer,64.4,42.6,44.4,30.2,50.46666666666667,46.357142857142854,54.1
2020-05-15,54.1,31.4,41,0.0,12.2,1168.0,7431.78,6.3628253424657535,5,136,summer,44.6,64.4,42.6,44.3,50.53333333333334,48.41428571428571,74.8
2020-05-16,74.8,31.5,33,0.0,12.4,1577.0,12865.04,8.157920101458465,5,137,summer,54.1,44.6,64.4,54.7,54.366666666666674,49.814285714285724,89.9
2020-05-17,89.9,31.8,32,0.0,8.8,1866.0,14281.77,7.653681672025724,5,138,summer,74.8,54.1,44.6,43.9,57.833333333333336,52.685714285714276,88.8
2020-05-18,88.8,31.4,30,0.0,10.2,3626.0,20902.72,5.764677330391616,5,139,summer,89.9,74.8,54.1,44.4,72.93333333333334,59.25714285714286,92.6
2020-05-19,92.6,32.1,22,0.0,7.8,1599.0,12723.45,7.957129455909945,5,140,summer,88.8,89.9,74.8,42.6,84.5,65.60000000000001,58.0
2020-05-20,58.0,30.8,26,0.0,12.7,923.0,8252.58,8.941040086673889,5,141,summer,92.6,88.8,89.9,64.4,90.43333333333334,72.74285714285715,42.8
2020-05-21,42.8,32.2,26,0.0,13.7,380.0,3911.59,10.293657894736842,5,142,summer,58.0,92.6,88.8,44.6,79.8,71.82857142857142,68.6
2020-05-22,68.6,34.0,26,0.0,6.4,640.0,5374.3,8.397343750000001,5,143,summer,42.8,58.0,92.6,54.1,64.46666666666668,71.57142857142857,60.1
2020-05-23,60.1,34.6,28,0.0,8.8,1025.0,5678.95,5.540439024390244,5,144,summer,68.6,42.8,58.0,74.8,56.46666666666667,73.64285714285714,46.5
2020-05-24,46.5,35.6,25,0.0,12.6,555.0,3386.3,6.101441441441442,5,145,summer,60.1,68.6,42.8,89.9,57.166666666666664,71.54285714285714,61.0
2020-05-25,61.0,35.7,22,0.0,12.8,318.0,2983.71,9.382735849056605,5,146,summer,46.5,60.1,68.6,88.8,58.4,65.34285714285714,57.5
2020-05-26,57.5,36.9,19,0.0,11.0,223.0,1665.29,7.467668161434977,5,147,summer,61.0,46.5,60.1,92.6,55.866666666666674,61.37142857142857,43.8
2020-05-27,43.8,36.5,21,0.0,9.9,183.0,1569.44,8.576174863387978,5,148,summer,57.5,61.0,46.5,58.0,55.00000000000001,56.357142857142854,37.1
2020-05-28,37.1,33.0,41,0.1,19.6,119.0,527.18,4.430084033613445,5,149,summer,43.8,57.5,61.0,42.8,54.1,54.32857142857143,23.5
2020-05-29,23.5,30.1,58,4.2,20.7,3.0,8.66,2.8866666666666667,5,150,summer,37.1,43.8,57.5,68.6,46.13333333333335,53.51428571428572,23.3
2020-05-30,23.3,28.2,61,5.4,12.1,21.0,87.99,4.19,5,151,summer,23.5,37.1,43.8,60.1,34.800000000000004,47.07142857142857,20.9
2020-05-31,20.9,26.8,69,0.2,7.6,15.0,69.38,4.625333333333333,5,152,summer,23.3,23.5,37.1,46.5,27.966666666666672,41.81428571428571,37.2
2020-06-01,37.2,27.8,67,0.0,6.5,23.0,92.45,4.019565217391304,6,153,summer,20.9,23.3,23.5,61.0,22.566666666666674,38.15714285714286,42.1
2020-06-02,42.1,29.0,62,0.0,6.5,32.0,167.76,5.2425,6,154,summer,37.2,20.9,23.3,57.5,27.13333333333334,34.75714285714286,47.3
2020-06-03,47.3,29.9,58,0.0,6.2,35.0,148.44,4.241142857142857,6,155,summer,42.1,37.2,20.9,43.8,33.400000000000006,32.55714285714286,65.8
2020-06-04,65.8,29.6,57,0.0,7.1,51.0,291.18,5.709411764705883,6,156,summer,47.3,42.1,37.2,37.1,42.20000000000001,33.05714285714286,34.4
2020-06-05,34.4,29.0,60,0.0,8.2,62.0,311.28000000000003,5.020645161290323,6,157,summer,65.8,47.3,42.1,23.5,51.73333333333333,37.15714285714286,27.2
2020-06-06,27.2,29.5,58,0.0,7.6,6.0,11.84,1.9733333333333332,6,158,summer,34.4,65.8,47.3,23.3,49.166666666666664,38.714285714285715,27.0
2020-06-07,27.0,30.6,59,1.2,8.4,11.0,42.81,3.891818181818182,6,159,summer,27.2,34.4,65.8,20.9,42.46666666666666,39.271428571428565,39.0
2020-06-08,39.0,30.8,60,0.1,6.9,24.0,80.36,3.348333333333333,6,160,summer,27.0,27.2,34.4,37.2,29.533333333333335,40.142857142857146,57.2
2020-06-09,57.2,33.0,51,0.0,6.5,19.0,66.76,3.513684210526316,6,161,summer,39.0,27.0,27.2,42.1,31.066666666666674,40.39999999999999,48.3
2020-06-10,48.3,33.7,52,0.0,7.5,51.0,141.45,2.773529411764706,6,162,summer,57.2,39.0,27.0,47.3,41.06666666666667,42.55714285714286,45.0
2020-06-11,45.0,33.5,53,0.0,6.4,21.0,58.52,2.786666666666666,6,163,summer,48.3,57.2,39.0,65.8,48.166666666666664,42.699999999999996,61.1
2020-06-12,61.1,33.8,52,0.0,9.0,51.0,173.79,3.407647058823529,6,164,summer,45.0,48.3,57.2,34.4,50.166666666666664,39.728571428571435,46.2
2020-06-13,46.2,33.6,55,0.0,9.0,38.0,149.14,3.924736842105263,6,165,summer,61.1,45.0,48.3,27.2,51.46666666666667,43.542857142857144,61.8
2020-06-14,61.8,33.6,56,0.0,8.6,75.0,277.67,3.702266666666667,6,166,summer,46.2,61.1,45.0,27.0,50.76666666666667,46.25714285714286,47.0
2020-06-15,47.0,34.3,47,0.0,8.7,101.0,401.54,3.975643564356436,6,167,summer,61.8,46.2,61.1,39.0,56.366666666666674,51.228571428571435,38.3
2020-06-16,38.3,33.8,48,0.1,9.4,57.0,327.2,5.740350877192983,6,168,summer,47.0,61.8,46.2,57.2,51.666666666666664,52.371428571428574,27.2
2020-06-17,27.2,33.9,52,0.0,11.5,76.0,447.5,5.8881578947368425,6,169,summer,38.3,47.0,61.8,48.3,49.03333333333333,49.67142857142857,35.8
2020-06-18,35.8,34.6,50,0.0,10.1,114.0,392.14,3.439824561403509,6,170,summer,27.2,38.3,47.0,45.0,37.50000000000001,46.65714285714286,61.2
2020-06-19,61.2,34.9,53,0.0,11.2,46.0,163.64,3.5573913043478265,6,171,summer,35.8,27.2,38.3,61.1,33.766666666666666,45.34285714285714,36.0
2020-06-20,36.0,33.7,54,1.2,12.0,95.0,349.57,3.679684210526316,6,172,summer,61.2,35.8,27.2,46.2,41.400000000000006,45.357142857142854,39.5
2020-06-21,39.5,33.4,54,0.0,9.0,149.0,486.71,3.2665100671140936,6,173,summer,36.0,61.2,35.8,61.8,44.333333333333336,43.89999999999999,40.4
2020-06-22,40.4,31.9,61,1.0,7.2,11.0,37.45,3.4045454545454548,6,174,summer,39.5,36.0,61.2,47.0,45.56666666666667,40.714285714285715,26.4
2020-06-23,26.4,31.5,64,2.0,14.3,109.0,512.27,4.699724770642201,6,175,summer,40.4,39.5,36.0,38.3,38.63333333333333,39.771428571428565,28.4
2020-06-24,28.4,30.3,72,3.1,11.7,48.0,181.11,3.773125,6,176,summer,26.4,40.4,39.5,27.2,35.43333333333334,38.07142857142857,32.2
2020-06-25,32.2,31.9,66,0.0,5.5,3.0,6.87,2.29,6,177,summer,28.4,26.4,40.4,35.8,31.733333333333334,38.24285714285714,40.5
2020-06-26,40.5,32.4,65,1.4,10.0,14.0,43.45,3.1035714285714286,6,178,summer,32.2,28.4,26.4,61.2,29.0,37.72857142857142,37.0
2020-06-27,37.0,33.7,57,0.1,13.6,9.0,22.88,2.542222222222222,6,179,summer,40.5,32.2,28.4,36.0,33.7,34.77142857142857,56.1
2020-06-28,56.1,35.0,51,0.2,13.9,65.0,319.18,4.910461538461538,6,180,summer,37.0,40.5,32.2,39.5,36.56666666666667,34.91428571428572,37.2
2020-06-29,37.2,34.4,54,0.5,12.8,0.0,0.0,0.0,6,181,summer,56.1,37.0,40.5,40.4,44.53333333333333,37.285714285714285,36.7
2020-06-30,36.7,32.2,63,0.0,12.2,34.0,133.01,3.9120588235294114,6,182,summer,37.2,56.1,37.0,26.4,43.43333333333334,36.82857142857143,49.0
2020-07-01,49.0,33.4,59,0.0,8.4,65.0,216.87,3.3364615384615384,7,183,monsoon,36.7,37.2,56.1,28.4,43.333333333333336,38.300000000000004,57.4
2020-07-02,57.4,35.1,53,0.1,8.2,95.0,345.23,3.634,7,184,monsoon,49.0,36.7,37.2,32.2,40.96666666666667,41.24285714285715,60.3
2020-07-03,60.3,35.0,56,0.0,12.4,89.0,395.55,4.444382022471911,7,185,monsoon,57.4,49.0,36.7,40.5,47.70000000000001,44.84285714285715,42.4
2020-07-04,42.4,33.1,64,0.0,14.5,90.0,402.91,4.476777777777778,7,186,monsoon,60.3,57.4,49.0,37.0,55.56666666666666,47.67142857142858,27.5
2020-07-05,27.5,29.9,70,4.1,11.6,2.0,1.16,0.58,7,187,monsoon,42.4,60.3,57.4,56.1,53.36666666666667,48.44285714285714,40.2
2020-07-06,40.2,30.6,70,0.3,10.8,13.0,45.38,3.490769230769231,7,188,monsoon,27.5,42.4,60.3,37.2,43.4,44.357142857142854,11.1
2020-07-07,11.1,29.3,74,1.5,15.1,56.0,274.27,4.897678571428571,7,189,monsoon,40.2,27.5,42.4,36.7,36.70000000000001,44.785714285714285,21.1
2020-07-08,21.1,28.8,82,5.4,12.5,4.0,18.45,4.6125,7,190,monsoon,11.1,40.2,27.5,49.0,26.26666666666667,41.128571428571426,27.5
2020-07-09,27.5,30.2,78,2.2,8.2,19.0,92.39,4.862631578947369,7,191,monsoon,21.1,11.1,40.2,57.4,24.133333333333336,37.142857142857146,21.8
2020-07-10,21.8,32.7,63,1.6,10.6,18.0,75.85,4.213888888888889,7,192,monsoon,27.5,21.1,11.1,60.3,19.900000000000002,32.871428571428574,17.2
2020-07-11,17.2,31.9,64,0.9,12.0,27.0,95.55,3.5388888888888888,7,193,monsoon,21.8,27.5,21.1,42.4,23.46666666666667,27.371428571428574,18.5
2020-07-12,18.5,31.7,66,0.5,7.9,12.0,25.64,2.1366666666666667,7,194,monsoon,17.2,21.8,27.5,27.5,22.166666666666668,23.771428571428572,27.7
2020-07-13,27.7,31.9,65,0.1,8.3,6.0,12.6,2.1,7,195,monsoon,18.5,17.2,21.8,40.2,19.166666666666668,22.485714285714288,36.4
2020-07-14,36.4,33.2,60,0.0,7.5,6.0,17.5,2.9166666666666665,7,196,monsoon,27.7,18.5,17.2,11.1,21.133333333333336,20.7,38.4
2020-07-15,38.4,31.9,68,0.1,14.9,7.0,23.65,3.378571428571429,7,197,monsoon,36.4,27.7,18.5,21.1,27.53333333333333,24.314285714285713,27.7
2020-07-16,27.7,30.7,73,4.6,14.2,0.0,0.0,0.0,7,198,monsoon,38.4,36.4,27.7,27.5,34.166666666666664,26.78571428571428,42.2
2020-07-17,42.2,31.1,74,10.8,11.5,16.0,74.24000000000001,4.640000000000001,7,199,monsoon,27.7,38.4,36.4,21.8,34.166666666666664,26.814285714285717,38.6
2020-07-18,38.6,31.6,74,2.5,10.5,6.0,14.02,2.3366666666666664,7,200,monsoon,42.2,27.7,38.4,17.2,36.1,29.728571428571428,21.2
2020-07-19,21.2,30.5,80,14.1,9.5,7.0,27.86,3.98,7,201,monsoon,38.6,42.2,27.7,18.5,36.166666666666664,32.785714285714285,16.8
2020-07-20,16.8,29.3,79,15.3,11.3,2.0,7.26,3.63,7,202,monsoon,21.2,38.6,42.2,27.7,34.00000000000001,33.17142857142857,20.1
2020-07-21,20.1,28.2,82,13.5,7.3,1.0,0.87,0.87,7,203,monsoon,16.8,21.2,38.6,36.4,25.533333333333342,31.61428571428571,15.4
2020-07-22,15.4,27.2,86,14.4,8.3,5.0,17.09,3.418,7,204,monsoon,20.1,16.8,21.2,38.4,19.36666666666667,29.285714285714285,30.3
2020-07-23,30.3,28.5,79,0.2,6.3,9.0,17.44,1.9377777777777776,7,205,monsoon,15.4,20.1,16.8,27.7,17.43333333333334,26.0,35.7
2020-07-24,35.7,28.8,78,1.6,8.4,7.0,13.85,1.9785714285714284,7,206,monsoon,30.3,15.4,20.1,42.2,21.933333333333337,26.37142857142857,27.7
2020-07-25,27.7,28.8,82,1.9,10.1,1.0,3.2,3.2,7,207,monsoon,35.7,30.3,15.4,38.6,27.13333333333334,25.442857142857147,34.0
2020-07-26,34.0,29.9,80,2.6,6.2,2.0,4.3,2.15,7,208,monsoon,27.7,35.7,30.3,21.2,31.233333333333338,23.88571428571429,28.7
2020-07-27,28.7,31.0,75,2.7,9.9,6.0,33.71,5.618333333333333,7,209,monsoon,34.0,27.7,35.7,16.8,32.466666666666676,25.714285714285715,21.6
2020-07-28,21.6,31.8,67,0.4,13.3,34.0,121.27,3.5667647058823526,7,210,monsoon,28.7,34.0,27.7,20.1,30.13333333333334,27.414285714285715,21.4
2020-07-29,21.4,30.5,72,0.1,10.3,1.0,5.23,5.23,7,211,monsoon,21.6,28.7,34.0,15.4,28.100000000000005,27.628571428571433,14.4
2020-07-30,14.4,28.9,79,3.9,7.8,1.0,4.39,4.39,7,212,monsoon,21.4,21.6,28.7,30.3,23.900000000000006,28.485714285714288,30.5
2020-07-31,30.5,29.2,84,8.5,6.8,1.0,3.09,3.09,7,213,monsoon,14.4,21.4,21.6,35.7,19.133333333333336,26.214285714285715,26.933333333333334
2020-08-01,26.933333333333334,29.4,84,5.6,5.6,4.0,14.59,3.6475,8,214,monsoon,30.5,14.4,21.4,27.7,22.100000000000005,25.47142857142857,23.366666666666667
2020-08-02,23.366666666666667,31.1,75,0.2,8.8,1.0,0.71,0.71,8,215,monsoon,26.933333333333334,30.5,14.4,34.0,23.944444444444454,25.36190476190476,19.8
2020-08-03,19.8,31.7,72,1.3,8.7,5.0,8.33,1.666,8,216,monsoon,23.366666666666667,26.933333333333334,30.5,28.7,26.933333333333337,23.842857142857145,21.4
2020-08-04,21.4,31.7,73,0.9,8.3,3.0,9.18,3.06,8,217,monsoon,19.8,23.366666666666667,26.933333333333334,21.6,23.366666666666674,22.571428571428573,35.8
2020-08-05,35.8,30.5,79,2.1,10.7,0.0,0.0,0.0,8,218,monsoon,21.4,19.8,23.366666666666667,21.4,21.522222222222226,22.54285714285714,9.11
2020-08-06,9.11,30.9,71,0.1,23.0,3.0,10.18,3.393333333333333,8,219,monsoon,35.8,21.4,19.8,14.4,25.66666666666667,24.6,22.2
2020-08-07,22.2,29.9,76,0.9,16.6,13.0,62.55,4.811538461538461,8,220,monsoon,9.11,35.8,21.4,30.5,22.103333333333335,23.844285714285714,45.8
2020-08-08,45.8,30.8,78,3.3,3.9,23.0,113.45,4.932608695652174,8,221,monsoon,22.2,9.11,35.8,26.933333333333334,22.370000000000005,22.65857142857143,20.6
2020-08-09,20.6,29.8,83,22.8,5.6,2.0,6.92,3.46,8,222,monsoon,45.8,22.2,9.11,23.366666666666667,25.703333333333337,25.353809523809524,25.0
2020-08-10,25.0,28.8,87,2.4,9.1,4.0,28.07,7.0175,8,223,monsoon,20.6,45.8,22.2,19.8,29.533333333333342,24.958571428571425,35.7
2020-08-11,35.7,28.9,87,15.8,6.2,3.0,13.28,4.426666666666667,8,224,monsoon,25.0,20.6,45.8,21.4,30.46666666666667,25.70142857142857,21.1
2020-08-12,21.1,29.8,83,3.4,11.1,5.0,24.8,4.96,8,225,monsoon,35.7,25.0,20.6,35.8,27.100000000000005,27.744285714285716,12.1
2020-08-13,12.1,26.6,95,84.6,8.1,21.0,73.11,3.4814285714285718,8,226,monsoon,21.1,35.7,25.0,9.11,27.26666666666667,25.64428571428571,16.9
2020-08-14,16.9,27.6,89,5.0,12.6,3.0,4.18,1.393333333333333,8,227,monsoon,12.1,21.1,35.7,22.2,22.966666666666672,26.071428571428573,27.0
2020-08-15,27.0,28.9,86,2.6,11.0,14.0,63.09,4.506428571428572,8,228,monsoon,16.9,12.1,21.1,45.8,16.700000000000006,25.314285714285713,18.1
2020-08-16,18.1,28.7,87,6.2,9.3,2.0,3.89,1.945,8,229,monsoon,27.0,16.9,12.1,20.6,18.66666666666667,22.62857142857143,25.3
2020-08-17,25.3,29.1,86,2.1,9.1,2.0,6.69,3.345,8,230,monsoon,18.1,27.0,16.9,25.0,20.66666666666667,22.271428571428572,23.0
2020-08-18,23.0,29.8,84,9.7,5.3,7.0,28.48,4.0685714285714285,8,231,monsoon,25.3,18.1,27.0,35.7,23.466666666666672,22.314285714285717,16.9
2020-08-19,16.9,27.1,92,16.7,7.0,0.0,0.0,0.0,8,232,monsoon,23.0,25.3,18.1,21.1,22.13333333333334,20.5,18.4
2020-08-20,18.4,26.5,93,8.8,8.1,0.0,0.0,0.0,8,233,monsoon,16.9,23.0,25.3,12.1,21.733333333333338,19.900000000000002,16.1
2020-08-21,16.1,28.6,79,0.2,13.3,2.0,1.08,0.54,8,234,monsoon,18.4,16.9,23.0,16.9,19.433333333333337,20.8,14.9
2020-08-22,14.9,28.6,75,0.1,18.1,2.0,3.74,1.87,8,235,monsoon,16.1,18.4,16.9,27.0,17.13333333333334,20.685714285714287,16.5
2020-08-23,16.5,28.1,81,2.0,17.3,9.0,37.94,4.215555555555556,8,236,monsoon,14.9,16.1,18.4,18.1,16.466666666666672,18.957142857142856,11.4
2020-08-24,11.4,27.7,82,0.8,15.5,17.0,52.54,3.0905882352941174,8,237,monsoon,16.5,14.9,16.1,25.3,15.833333333333337,18.72857142857143,15.2
2020-08-25,15.2,28.5,80,0.9,10.7,8.0,43.29,5.41125,8,238,monsoon,11.4,16.5,14.9,23.0,14.266666666666673,16.742857142857144,12.5
2020-08-26,12.5,29.0,79,0.9,7.5,2.0,11.22,5.609999999999999,8,239,monsoon,15.2,11.4,16.5,16.9,14.366666666666672,15.628571428571428,14.3
2020-08-27,14.3,28.7,80,1.1,6.7,0.0,0.0,0.0,8,240,monsoon,12.5,15.2,11.4,18.4,13.033333333333339,15.0,22.1
2020-08-28,22.1,28.5,84,2.8,5.6,3.0,2.81,0.9366666666666666,8,241,monsoon,14.3,12.5,15.2,16.1,14.000000000000007,14.414285714285715,26.8
2020-08-29,26.8,28.5,83,1.8,7.2,12.0,24.29,2.0241666666666664,8,242,monsoon,22.1,14.3,12.5,14.9,16.300000000000008,15.271428571428572,12.7
2020-08-30,12.7,27.9,79,2.4,20.2,6.0,54.8,9.133333333333336,8,243,monsoon,26.8,22.1,14.3,16.5,21.066666666666674,16.97142857142857,7.44
2020-08-31,7.44,27.9,77,1.5,16.2,2.0,4.449999999999999,2.225,8,244,monsoon,12.7,26.8,22.1,11.4,20.533333333333342,16.428571428571427,14.8
2020-09-01,14.8,28.5,75,1.3,9.5,0.0,0.0,0.0,9,245,monsoon,7.44,12.7,26.8,15.2,15.646666666666674,15.862857142857141,16.7
2020-09-02,16.7,28.8,76,0.8,6.6,1.0,2.78,2.78,9,246,monsoon,14.8,7.44,12.7,12.5,11.646666666666675,15.805714285714288,30.3
2020-09-03,30.3,28.5,83,5.4,10.4,4.0,29.9,7.475,9,247,monsoon,16.7,14.8,7.44,14.3,12.98000000000001,16.405714285714286,39.6
2020-09-04,39.6,28.9,81,2.5,10.0,6.0,14.75,2.458333333333333,9,248,monsoon,30.3,16.7,14.8,22.1,20.60000000000001,18.69142857142857,17.0
2020-09-05,17.0,28.3,85,9.6,4.9,1.0,0.59,0.59,9,249,monsoon,39.6,30.3,16.7,26.8,28.866666666666674,21.19142857142857,23.8
2020-09-06,23.8,28.2,86,5.3,5.5,6.0,12.77,2.1283333333333334,9,250,monsoon,17.0,39.6,30.3,12.7,28.966666666666672,19.791428571428575,45.0
2020-09-07,45.0,28.7,83,4.5,4.5,8.0,12.47,1.55875,9,251,monsoon,23.8,17.0,39.6,7.44,26.800000000000008,21.37714285714286,28.2
2020-09-08,28.2,29.3,79,0.4,5.4,6.0,7.92,1.32,9,252,monsoon,45.0,23.8,17.0,14.8,28.600000000000005,26.74285714285714,49.6
2020-09-09,49.6,29.8,74,0.0,6.9,15.0,44.95,2.996666666666667,9,253,monsoon,28.2,45.0,23.8,16.7,32.333333333333336,28.657142857142855,50.8
2020-09-10,50.8,29.8,72,0.0,8.6,13.0,28.74,2.210769230769231,9,254,monsoon,49.6,28.2,45.0,30.3,40.93333333333334,33.357142857142854,56.8
2020-09-11,56.8,30.2,69,0.0,6.8,16.0,76.43,4.776875,9,255,monsoon,50.8,49.6,28.2,39.6,42.866666666666674,36.285714285714285,52.2
2020-09-12,52.2,30.2,70,0.0,6.2,18.0,78.27,4.348333333333333,9,256,monsoon,56.8,50.8,49.6,17.0,52.4,38.74285714285714,59.9
2020-09-13,59.9,30.0,73,0.0,6.0,33.0,187.49,5.681515151515152,9,257,monsoon,52.2,56.8,50.8,23.8,53.26666666666667,43.771428571428565,67.9
2020-09-14,67.9,29.8,77,0.6,5.3,25.0,132.15,5.2860000000000005,9,258,monsoon,59.9,52.2,56.8,45.0,56.300000000000004,48.92857142857143,57.2
2020-09-15,57.2,30.8,69,0.0,5.3,11.0,87.18,7.925454545454546,9,259,monsoon,67.9,59.9,52.2,28.2,60.0,52.199999999999996,60.3
2020-09-16,60.3,31.4,65,0.0,7.0,8.0,36.57,4.57125,9,260,monsoon,57.2,67.9,59.9,49.6,61.666666666666664,56.34285714285714,41.1
2020-09-17,41.1,31.7,61,0.0,10.3,35.0,227.8,6.508571428571429,9,261,monsoon,60.3,57.2,67.9,50.8,61.800000000000004,57.87142857142857,37.3
2020-09-18,37.3,32.1,58,0.0,9.8,60.0,319.49,5.324833333333333,9,262,monsoon,41.1,60.3,57.2,56.8,52.86666666666667,56.48571428571429,51.7
2020-09-19,51.7,31.4,63,0.0,6.1,81.0,453.67,5.600864197530864,9,263,monsoon,37.3,41.1,60.3,52.2,46.23333333333333,53.699999999999996,59.5
2020-09-20,59.5,30.7,67,0.0,8.5,155.0,762.79,4.921225806451613,9,264,monsoon,51.7,37.3,41.1,59.9,43.36666666666667,53.62857142857143,58.8
2020-09-21,58.8,30.8,62,0.0,7.0,95.0,565.86,5.956421052631579,9,265,monsoon,59.5,51.7,37.3,67.9,49.5,53.57142857142857,29.3
2020-09-22,29.3,30.2,73,5.7,8.3,72.0,447.89,6.220694444444444,9,266,monsoon,58.8,59.5,51.7,57.2,56.666666666666664,52.271428571428565,22.9
2020-09-23,22.9,29.5,73,2.3,8.5,91.0,547.7,6.01868131868132,9,267,monsoon,29.3,58.8,59.5,60.3,49.199999999999996,48.285714285714285,32.4
2020-09-24,32.4,29.6,70,0.0,7.5,151.0,869.75,5.759933774834437,9,268,monsoon,22.9,29.3,58.8,41.1,37.0,42.94285714285714,50.7
2020-09-25,50.7,30.6,59,0.0,11.5,286.0,1655.91,5.7898951048951055,9,269,monsoon,32.4,22.9,29.3,37.3,28.2,41.699999999999996,53.3
2020-09-26,53.3,29.2,56,0.0,9.7,211.0,1084.89,5.141658767772513,9,270,monsoon,50.7,32.4,22.9,51.7,35.333333333333336,43.614285714285714,32.1
2020-09-27,32.1,28.9,58,0.0,8.9,124.0,702.4399999999999,5.664838709677419,9,271,monsoon,53.3,50.7,32.4,59.5,45.46666666666667,43.84285714285714,66.3
2020-09-28,66.3,28.5,57,0.0,10.1,89.0,460.37,5.172696629213483,9,272,monsoon,32.1,53.3,50.7,58.8,45.366666666666674,39.92857142857143,64.9
2020-09-29,64.9,28.0,55,0.0,10.8,154.0,901.14,5.851558441558441,9,273,monsoon,66.3,32.1,53.3,29.3,50.56666666666666,41.0,54.6
2020-09-30,54.6,27.9,51,0.0,12.2,285.0,1580.0,5.543859649122807,9,274,monsoon,64.9,66.3,32.1,22.9,54.43333333333334,46.08571428571429,56.1
2020-10-01,56.1,28.3,52,0.0,10.5,327.0,1705.87,5.216727828746178,10,275,post_monsoon,54.6,64.9,66.3,32.4,61.93333333333334,50.614285714285714,66.3
2020-10-02,66.3,27.9,59,0.0,8.0,336.0,1900.37,5.655863095238095,10,276,post_monsoon,56.1,54.6,64.9,50.7,58.53333333333334,54.0,75.8
2020-10-03,75.8,27.3,56,0.0,8.5,224.0,1187.41,5.300937500000001,10,277,post_monsoon,66.3,56.1,54.6,53.3,59.0,56.228571428571435,78.8
2020-10-04,78.8,26.4,52,0.0,8.6,368.0,1727.69,4.694809782608695,10,278,post_monsoon,75.8,66.3,56.1,32.1,66.06666666666666,59.44285714285714,67.0
2020-10-05,67.0,26.7,50,0.0,10.9,308.0,1599.57,5.193409090909091,10,279,post_monsoon,78.8,75.8,66.3,66.3,73.63333333333333,66.11428571428571,67.9
2020-10-06,67.9,26.7,52,0.0,10.6,448.0,2046.4,4.567857142857143,10,280,post_monsoon,67.0,78.8,75.8,64.9,73.86666666666666,66.21428571428571,82.4
2020-10-07,82.4,26.8,57,0.0,7.3,416.0,2447.06,5.882355769230769,10,281,post_monsoon,67.9,67.0,78.8,54.6,71.23333333333333,66.64285714285714,74.2
2020-10-08,74.2,26.9,56,0.0,7.0,329.0,2285.39,6.946474164133738,10,282,post_monsoon,82.4,67.9,67.0,56.1,72.43333333333334,70.61428571428571,82.2
2020-10-09,82.2,27.0,56,0.0,5.7,295.0,1462.69,4.958271186440678,10,283,post_monsoon,74.2,82.4,67.9,66.3,74.83333333333333,73.2,92.4
2020-10-10,92.4,27.3,55,0.0,6.9,523.0,3153.28,6.029216061185469,10,284,post_monsoon,82.2,74.2,82.4,75.8,79.60000000000001,75.47142857142858,90.0
2020-10-11,90.0,27.5,53,0.0,7.3,880.0,4492.43,5.105034090909092,10,285,post_monsoon,92.4,82.2,74.2,78.8,82.93333333333334,77.84285714285716,110.0
2020-10-12,110.0,27.3,60,0.0,6.3,682.0,3259.22,4.77891495601173,10,286,post_monsoon,90.0,92.4,82.2,67.0,88.2,79.44285714285715,116.0
2020-10-13,116.0,27.4,62,0.0,8.1,461.0,2746.26,5.957180043383948,10,287,post_monsoon,110.0,90.0,92.4,67.9,97.46666666666665,85.58571428571429,112.0
2020-10-14,112.0,27.6,66,0.0,7.1,685.0,3791.88,5.535591240875912,10,288,post_monsoon,116.0,110.0,90.0,82.4,105.33333333333333,92.45714285714287,132.0
2020-10-15,132.0,27.3,56,0.0,7.9,856.0,5320.92,6.216028037383178,10,289,post_monsoon,112.0,116.0,110.0,74.2,112.66666666666667,96.68571428571428,95.3
2020-10-16,95.3,25.6,47,0.0,6.8,1084.0,6424.23,5.926411439114391,10,290,post_monsoon,132.0,112.0,116.0,82.2,120.0,104.94285714285715,119.0
2020-10-17,119.0,27.0,43,0.0,5.8,1611.0,8711.49,5.407504655493482,10,291,post_monsoon,95.3,132.0,112.0,92.4,113.10000000000001,106.8142857142857,108.0
2020-10-18,108.0,26.1,39,0.0,8.9,1352.0,8881.32,6.569023668639053,10,292,post_monsoon,119.0,95.3,132.0,90.0,115.43333333333334,110.61428571428571,106.0
2020-10-19,106.0,25.3,36,0.0,9.1,879.0,5127.84,5.833720136518772,10,293,post_monsoon,108.0,119.0,95.3,110.0,107.43333333333334,113.18571428571428,97.8
2020-10-20,97.8,24.9,36,0.0,8.9,1255.0,6838.75,5.449203187250996,10,294,post_monsoon,106.0,108.0,119.0,116.0,111.0,112.61428571428571,91.7
2020-10-21,91.7,25.4,42,0.0,7.3,1386.0,9119.03,6.579386724386725,10,295,post_monsoon,97.8,106.0,108.0,112.0,103.93333333333332,110.01428571428572,141.0
2020-10-22,141.0,26.2,42,0.0,6.5,1893.0,10601.35,5.600290544109878,10,296,post_monsoon,91.7,97.8,106.0,132.0,98.5,107.11428571428571,193.0
2020-10-23,193.0,25.4,44,0.0,7.3,1359.0,8526.21,6.273885209713024,10,297,post_monsoon,141.0,91.7,97.8,95.3,110.16666666666667,108.39999999999999,161.0
2020-10-24,161.0,24.9,43,0.0,7.7,997.0,6736.11,6.756379137412236,10,298,post_monsoon,193.0,141.0,91.7,119.0,141.9,122.35714285714286,163.0
2020-10-25,163.0,25.6,42,0.0,6.6,1771.0,11345.37,6.406194240542067,10,299,post_monsoon,161.0,193.0,141.0,108.0,165.0,128.35714285714286,185.0
2020-10-26,185.0,25.1,42,0.0,7.2,1998.0,15865.09,7.940485485485485,10,300,post_monsoon,163.0,161.0,193.0,106.0,172.33333333333334,136.21428571428572,166.0
2020-10-27,166.0,23.1,35,0.0,11.0,2867.0,20255.48,7.065043599581444,10,301,post_monsoon,185.0,163.0,161.0,97.8,169.66666666666666,147.5,160.0
2020-10-28,160.0,23.1,39,0.0,7.0,2822.0,18075.43,6.405184266477676,10,302,post_monsoon,166.0,185.0,163.0,91.7,171.33333333333334,157.24285714285716,223.0
2020-10-29,223.0,23.9,45,0.0,5.5,1720.0,11627.37,6.760098837209303,10,303,post_monsoon,160.0,166.0,185.0,141.0,170.33333333333334,167.0,223.0
2020-10-30,223.0,22.4,46,0.0,9.0,3507.0,25751.18,7.342794411177644,10,304,post_monsoon,223.0,160.0,166.0,193.0,183.0,178.71428571428572,266.0
2020-10-31,266.0,21.9,40,0.0,10.7,4072.0,34179.56,8.393801571709233,10,305,post_monsoon,223.0,223.0,160.0,161.0,202.0,183.0,242.0
2020-11-01,242.0,21.4,30,0.0,10.7,3942.0,34929.13,8.860763571790969,11,306,post_monsoon,266.0,223.0,223.0,163.0,237.33333333333334,198.0,135.0
2020-11-02,135.0,21.9,29,0.0,10.1,3968.0,26555.31,6.692366431451613,11,307,post_monsoon,242.0,266.0,223.0,185.0,243.66666666666666,209.28571428571428,156.0
2020-11-03,156.0,21.9,32,0.0,7.3,2752.0,22659.1,8.233684593023256,11,308,post_monsoon,135.0,242.0,266.0,166.0,214.33333333333334,202.14285714285714,354.0
2020-11-04,354.0,21.4,39,0.0,9.2,4230.0,33984.96,8.0342695035461,11,309,post_monsoon,156.0,135.0,242.0,160.0,177.66666666666666,200.71428571428572,273.0
2020-11-05,273.0,22.6,40,0.0,8.0,5540.0,37095.01,6.695850180505415,11,310,post_monsoon,354.0,156.0,135.0,223.0,215.0,228.42857142857142,224.0
2020-11-06,224.0,21.9,41,0.0,8.6,4680.0,37723.43,8.060561965811965,11,311,post_monsoon,273.0,354.0,156.0,223.0,261.0,235.57142857142858,320.0
2020-11-07,320.0,21.4,42,0.0,10.3,5886.0,42414.62,7.206017669045193,11,312,post_monsoon,224.0,273.0,354.0,266.0,283.6666666666667,235.71428571428572,307.0
2020-11-08,307.0,21.5,45,0.0,5.6,3782.0,27537.3,7.281147540983606,11,313,post_monsoon,320.0,224.0,273.0,242.0,272.3333333333333,243.42857142857142,549.0
2020-11-09,549.0,20.9,52,0.0,7.1,1701.0,12733.55,7.485920047031158,11,314,post_monsoon,307.0,320.0,224.0,135.0,283.6666666666667,252.71428571428572,487.0
2020-11-10,487.0,21.1,57,0.0,6.0,3811.0,26635.64,6.9891472054578845,11,315,post_monsoon,549.0,307.0,320.0,156.0,392.0,311.85714285714283,120.0
2020-11-11,120.0,20.6,62,0.0,7.7,2861.0,22748.92,7.951387626703949,11,316,post_monsoon,487.0,549.0,307.0,354.0,447.6666666666667,359.14285714285717,159.0
2020-11-12,159.0,21.0,58,0.0,5.9,2304.0,15087.42,6.548359375,11,317,post_monsoon,120.0,487.0,549.0,273.0,385.3333333333333,325.7142857142857,161.0
2020-11-13,161.0,21.0,53,0.0,5.1,2167.0,13026.71,6.011402861098293,11,318,post_monsoon,159.0,120.0,487.0,224.0,255.33333333333334,309.42857142857144,360.0
2020-11-14,360.0,20.4,55,0.0,6.1,469.0,2582.84,5.507121535181237,11,319,post_monsoon,161.0,159.0,120.0,320.0,146.66666666666666,300.42857142857144,306.0
2020-11-15,306.0,21.1,61,4.2,14.2,148.0,738.69,4.991148648648649,11,320,post_monsoon,360.0,161.0,159.0,307.0,226.66666666666666,306.14285714285717,93.9
2020-11-16,93.9,19.5,79,8.2,9.7,39.0,185.06,4.745128205128205,11,321,post_monsoon,306.0,360.0,161.0,549.0,275.6666666666667,306.0,80.2
2020-11-17,80.2,18.7,74,0.0,8.3,431.0,2522.78,5.853317865429235,11,322,post_monsoon,93.9,306.0,360.0,487.0,253.29999999999998,240.9857142857143,112.0
2020-11-18,112.0,17.8,68,0.0,7.0,942.0,5456.49,5.7924522292993625,11,323,post_monsoon,80.2,93.9,306.0,120.0,160.03333333333333,182.87142857142857,127.0
2020-11-19,127.0,17.2,63,0.0,6.7,590.0,3864.57,6.550118644067797,11,324,post_monsoon,112.0,80.2,93.9,159.0,95.36666666666667,181.72857142857143,135.0
2020-11-20,135.0,16.5,58,0.0,11.2,776.0,4985.65,6.424806701030928,11,325,post_monsoon,127.0,112.0,80.2,161.0,106.39999999999999,177.15714285714284,130.0
2020-11-21,130.0,16.3,52,0.0,14.1,865.0,5187.89,5.997560693641619,11,326,post_monsoon,135.0,127.0,112.0,360.0,124.66666666666667,173.44285714285712,138.0
2020-11-22,138.0,15.8,53,0.0,9.9,60.0,327.61,5.460166666666667,11,327,post_monsoon,130.0,135.0,127.0,306.0,130.66666666666666,140.5857142857143,147.0
2020-11-23,147.0,15.8,58,0.0,5.8,203.0,1109.65,5.466256157635469,11,328,post_monsoon,138.0,130.0,135.0,93.9,134.33333333333334,116.58571428571429,235.0
2020-11-24,235.0,16.1,62,0.0,7.2,57.0,274.33,4.812807017543859,11,329,post_monsoon,147.0,138.0,130.0,80.2,138.33333333333334,124.17142857142858,272.0
2020-11-25,272.0,17.0,64,0.0,9.0,3.0,7.24,2.4133333333333336,11,330,post_monsoon,235.0,147.0,138.0,112.0,173.33333333333334,146.28571428571428,167.0
2020-11-26,167.0,17.3,69,0.7,7.7,71.0,216.55,3.0500000000000003,11,331,post_monsoon,272.0,235.0,147.0,127.0,218.0,169.14285714285714,81.2
2020-11-27,81.2,17.3,67,0.0,12.2,224.0,1145.69,5.1146875000000005,11,332,post_monsoon,167.0,272.0,235.0,135.0,224.66666666666666,174.85714285714286,118.0
2020-11-28,118.0,16.4,63,0.0,11.4,327.0,1444.78,4.4182874617737005,11,333,post_monsoon,81.2,167.0,272.0,130.0,173.4,167.17142857142858,118.0
2020-11-29,118.0,15.6,64,0.0,8.7,238.0,1077.06,4.525462184873949,11,334,post_monsoon,118.0,81.2,167.0,138.0,122.06666666666666,165.45714285714286,163.0
2020-11-30,163.0,16.2,65,0.0,7.5,116.0,455.41,3.925948275862069,11,335,post_monsoon,118.0,118.0,81.2,147.0,105.73333333333333,162.6,215.0
2020-12-01,215.0,16.6,69,0.0,7.7,135.0,661.58,4.900592592592593,12,336,winter,163.0,118.0,118.0,235.0,133.0,164.8857142857143,216.0
2020-12-02,216.0,17.7,67,0.0,10.1,123.0,540.31,4.392764227642276,12,337,winter,215.0,163.0,118.0,272.0,165.33333333333334,162.02857142857144,214.0
2020-12-03,214.0,18.5,64,0.0,6.3,173.0,731.37,4.22757225433526,12,338,winter,216.0,215.0,163.0,167.0,198.0,154.02857142857144,232.0
2020-12-04,232.0,18.6,64,0.0,7.5,202.0,706.15,3.495792079207921,12,339,winter,214.0,216.0,215.0,81.2,215.0,160.74285714285716,254.0
2020-12-05,254.0,18.9,68,0.0,10.2,148.0,534.16,3.609189189189189,12,340,winter,232.0,214.0,216.0,118.0,220.66666666666666,182.28571428571428,224.0
2020-12-06,224.0,19.0,71,0.0,6.9,83.0,286.34,3.4498795180722888,12,341,winter,254.0,232.0,214.0,118.0,233.33333333333334,201.71428571428572,299.0
2020-12-07,299.0,18.4,74,0.0,9.4,71.0,252.34,3.554084507042253,12,342,winter,224.0,254.0,232.0,163.0,236.66666666666666,216.85714285714286,195.0
2020-12-08,195.0,18.2,73,0.0,6.8,122.0,537.82,4.408360655737705,12,343,winter,299.0,224.0,254.0,215.0,259.0,236.28571428571428,181.0
2020-12-09,181.0,19.4,67,0.0,5.7,93.0,339.01,3.645268817204301,12,344,winter,195.0,299.0,224.0,216.0,239.33333333333334,233.42857142857142,128.0
2020-12-10,128.0,18.7,68,0.0,7.7,147.0,514.79,3.501972789115646,12,345,winter,181.0,195.0,299.0,214.0,225.0,228.42857142857142,146.0
2020-12-11,146.0,18.9,70,0.2,6.8,30.0,83.53,2.784333333333333,12,346,winter,128.0,181.0,195.0,232.0,168.0,216.14285714285714,116.25
2020-12-12,116.25,17.9,82,0.9,6.3,4.0,6.54,1.635,12,347,winter,146.0,128.0,181.0,254.0,151.66666666666666,203.85714285714286,86.5
2020-12-13,86.5,15.1,68,0.0,11.0,29.0,84.99,2.9306896551724138,12,348,winter,116.25,146.0,128.0,224.0,130.08333333333334,184.17857142857142,87.0
2020-12-14,87.0,12.6,71,0.0,9.7,57.0,172.24,3.0217543859649125,12,349,winter,86.5,116.25,146.0,299.0,116.25,164.53571428571428,128.0
2020-12-15,128.0,11.3,72,0.0,8.7,199.0,629.95,3.1655778894472366,12,350,winter,87.0,86.5,116.25,195.0,96.58333333333333,134.25,130.0
2020-12-16,130.0,11.5,70,0.0,10.5,59.0,238.01,4.034067796610169,12,351,winter,128.0,87.0,86.5,181.0,100.5,124.67857142857143,148.0
2020-12-17,148.0,10.2,65,0.0,13.9,80.0,275.82,3.44775,12,352,winter,130.0,128.0,87.0,128.0,115.0,117.39285714285714,134.0
2020-12-18,134.0,11.0,58,0.0,14.0,125.0,523.07,4.18456,12,353,winter,148.0,130.0,128.0,146.0,135.33333333333334,120.25,197.0
2020-12-19,197.0,12.2,59,0.0,13.1,171.0,684.99,4.005789473684211,12,354,winter,134.0,148.0,130.0,116.25,137.33333333333334,118.53571428571429,183.0
2020-12-20,183.0,13.4,61,0.0,12.4,167.0,481.47,2.883053892215569,12,355,winter,197.0,134.0,148.0,86.5,159.66666666666666,130.07142857142858,181.0
2020-12-21,181.0,13.2,70,0.0,9.0,97.0,326.03,3.3611340206185565,12,356,winter,183.0,197.0,134.0,87.0,171.33333333333334,143.85714285714286,293.0
2020-12-22,293.0,14.1,71,0.0,6.9,124.0,349.54,2.8188709677419355,12,357,winter,181.0,183.0,197.0,128.0,187.0,157.28571428571428,349.0
2020-12-23,349.0,14.0,72,0.0,6.4,137.0,541.61,3.9533576642335766,12,358,winter,293.0,181.0,183.0,130.0,219.0,180.85714285714286,335.0
2020-12-24,335.0,13.8,67,0.0,8.6,130.0,587.64,4.520307692307692,12,359,winter,349.0,293.0,181.0,148.0,274.3333333333333,212.14285714285714,212.0
2020-12-25,212.0,13.3,65,0.0,9.3,196.0,597.12,3.046530612244898,12,360,winter,335.0,349.0,293.0,134.0,325.6666666666667,238.85714285714286,205.0
2020-12-26,205.0,12.8,71,0.0,9.7,193.0,627.33,3.250414507772021,12,361,winter,212.0,335.0,349.0,197.0,298.6666666666667,250.0,270.0
2020-12-27,270.0,14.9,64,0.2,10.0,103.0,427.65,4.151941747572815,12,362,winter,205.0,212.0,335.0,183.0,250.66666666666666,251.14285714285714,96.5
2020-12-28,96.5,12.0,53,0.0,10.7,30.0,67.39,2.2463333333333333,12,363,winter,270.0,205.0,212.0,181.0,229.0,263.57142857142856,128.0
2020-12-29,128.0,10.3,67,0.0,11.3,59.0,331.19,5.613389830508474,12,364,winter,96.5,270.0,205.0,293.0,190.5,251.5,168.0
2020-12-30,168.0,9.7,76,0.0,10.3,85.0,295.91,3.4812941176470598,12,365,winter,128.0,96.5,270.0,349.0,164.83333333333334,227.92857142857142,253.0
2020-12-31,253.0,9.7,79,0.0,9.1,86.0,336.46,3.912325581395349,12,366,winter,168.0,128.0,96.5,335.0,130.83333333333334,202.07142857142858,392.0
2021-01-01,392.0,10.5,75,0.0,5.7,95.0,358.45,3.773157894736842,1,1,winter,253.0,168.0,128.0,212.0,183.0,190.35714285714286,401.0
2021-01-02,401.0,13.7,72,4.5,9.6,3.0,12.75,4.25,1,2,winter,392.0,253.0,168.0,205.0,271.0,216.07142857142858,125.0
2021-01-03,125.0,16.0,83,8.1,15.1,14.0,53.99,3.856428571428572,1,3,winter,401.0,392.0,253.0,270.0,348.6666666666667,244.07142857142858,85.8
2021-01-04,85.8,16.6,88,5.6,9.9,33.0,170.65,5.171212121212122,1,4,winter,125.0,401.0,392.0,96.5,306.0,223.35714285714286,68.2
2021-01-05,68.2,17.5,84,2.8,10.7,3.0,3.6,1.2,1,5,winter,85.8,125.0,401.0,128.0,203.9333333333333,221.82857142857142,129.0
2021-01-06,129.0,17.5,86,2.7,8.0,1.0,0.58,0.58,1,6,winter,68.2,85.8,125.0,168.0,93.0,213.28571428571428,128.0
2021-01-07,128.0,14.9,85,0.0,9.1,4.0,5.91,1.4775,1,7,winter,129.0,68.2,85.8,253.0,94.33333333333333,207.71428571428572,159.0
2021-01-08,159.0,13.4,85,0.0,6.3,17.0,74.72,4.395294117647059,1,8,winter,128.0,129.0,68.2,392.0,108.39999999999999,189.85714285714286,163.0
2021-01-09,163.0,14.9,81,0.0,12.1,12.0,37.98,3.165,1,9,winter,159.0,128.0,129.0,401.0,138.66666666666666,156.57142857142858,145.0
2021-01-10,145.0,12.3,74,0.0,14.0,27.0,60.16,2.2281481481481484,1,10,winter,163.0,159.0,128.0,125.0,150.0,122.57142857142857,135.0
2021-01-11,135.0,11.6,80,0.0,14.1,98.0,226.28,2.308979591836734,1,11,winter,145.0,163.0,159.0,85.8,155.66666666666666,125.42857142857143,197.0
2021-01-12,197.0,11.4,77,0.0,11.3,35.0,111.0,3.1714285714285717,1,12,winter,135.0,145.0,163.0,68.2,147.66666666666666,132.45714285714286,250.0
2021-01-13,250.0,10.9,77,0.0,10.7,51.0,188.26,3.691372549019608,1,13,winter,197.0,135.0,145.0,129.0,159.0,150.85714285714286,423.0
2021-01-14,423.0,11.3,79,0.0,6.7,34.0,145.91,4.291470588235294,1,14,winter,250.0,197.0,135.0,128.0,194.0,168.14285714285714,410.0
2021-01-15,410.0,12.3,82,0.0,4.9,82.0,370.57,4.519146341463415,1,15,winter,423.0,250.0,197.0,159.0,290.0,210.28571428571428,291.0
2021-01-16,291.0,10.3,86,0.0,7.8,79.0,251.76,3.1868354430379746,1,16,winter,410.0,423.0,250.0,163.0,361.0,246.14285714285714,254.0
2021-01-17,254.0,11.4,83,0.0,11.4,42.0,163.77,3.8992857142857145,1,17,winter,291.0,410.0,423.0,145.0,374.6666666666667,264.42857142857144,223.0
2021-01-18,223.0,13.4,86,3.0,10.5,18.0,46.1,2.561111111111112,1,18,winter,254.0,291.0,410.0,135.0,318.3333333333333,280.0,297.0
2021-01-19,297.0,14.6,85,0.0,10.0,73.0,232.4,3.1835616438356165,1,19,winter,223.0,254.0,291.0,197.0,256.0,292.57142857142856,147.0
2021-01-20,147.0,14.2,83,0.0,14.9,76.0,278.95,3.670394736842105,1,20,winter,297.0,223.0,254.0,250.0,258.0,306.85714285714283,147.0
2021-01-21,147.0,13.7,76,0.0,14.4,156.0,643.09,4.122371794871795,1,21,winter,147.0,297.0,223.0,423.0,222.33333333333334,292.14285714285717,223.0
2021-01-22,223.0,13.4,76,0.0,9.7,27.0,84.03,3.1122222222222224,1,22,winter,147.0,147.0,297.0,410.0,197.0,252.71428571428572,185.0
2021-01-23,185.0,14.2,77,0.0,13.1,41.0,218.92,5.339512195121951,1,23,winter,223.0,147.0,147.0,291.0,172.33333333333334,226.0,240.0
2021-01-24,240.0,13.1,79,0.0,9.8,34.0,140.99,4.146764705882354,1,24,winter,185.0,223.0,147.0,254.0,185.0,210.85714285714286,182.0
2021-01-25,182.0,11.5,79,0.0,8.3,55.0,257.82,4.687636363636363,1,25,winter,240.0,185.0,223.0,223.0,216.0,208.85714285714286,175.0
2021-01-26,175.0,11.7,77,0.0,9.6,164.0,559.05,3.408841463414634,1,26,winter,182.0,240.0,185.0,297.0,202.33333333333334,203.0,183.0
2021-01-27,183.0,11.7,73,0.0,10.5,179.0,606.2,3.38659217877095,1,27,winter,175.0,182.0,240.0,147.0,199.0,185.57142857142858,258.0
2021-01-28,258.0,10.8,75,0.0,8.6,117.0,402.93,3.443846153846154,1,28,winter,183.0,175.0,182.0,147.0,180.0,190.71428571428572,206.0
2021-01-29,206.0,11.7,72,0.0,10.8,97.0,466.2,4.806185567010309,1,29,winter,258.0,183.0,175.0,223.0,205.33333333333334,206.57142857142858,152.0
2021-01-30,152.0,12.0,67,0.0,12.0,105.0,425.21,4.049619047619047,1,30,winter,206.0,258.0,183.0,185.0,215.66666666666666,204.14285714285714,114.0
2021-01-31,114.0,12.5,66,0.0,7.6,209.0,962.52,4.605358851674641,1,31,winter,152.0,206.0,258.0,240.0,205.33333333333334,199.42857142857142,308.0
2021-02-01,308.0,14.3,72,0.0,7.4,225.0,737.01,3.2756,2,32,winter,114.0,152.0,206.0,182.0,157.33333333333334,181.42857142857142,213.0
2021-02-02,213.0,15.1,72,0.0,6.5,121.0,560.61,4.633140495867769,2,33,winter,308.0,114.0,152.0,175.0,191.33333333333334,199.42857142857142,179.0
2021-02-03,179.0,17.2,72,0.1,12.4,55.0,292.18,5.312363636363637,2,34,winter,213.0,308.0,114.0,183.0,211.66666666666666,204.85714285714286,155.0
2021-02-04,155.0,15.6,80,11.0,9.9,19.0,76.61,4.032105263157895,2,35,winter,179.0,213.0,308.0,258.0,233.33333333333334,204.28571428571428,73.7
2021-02-05,73.7,13.4,83,0.0,8.8,42.0,141.89,3.378333333333333,2,36,winter,155.0,179.0,213.0,206.0,182.33333333333334,189.57142857142858,119.0
2021-02-06,119.0,13.9,73,0.0,11.6,129.0,416.78,3.2308527131782943,2,37,winter,73.7,155.0,179.0,152.0,135.9,170.67142857142858,137.0
2021-02-07,137.0,14.7,70,0.0,12.8,120.0,612.63,5.10525,2,38,winter,119.0,73.7,155.0,114.0,115.89999999999999,165.95714285714286,183.0
2021-02-08,183.0,15.0,75,0.0,8.3,59.0,217.69,3.689661016949152,2,39,winter,137.0,119.0,73.7,308.0,109.89999999999999,169.2428571428571,195.0
2021-02-09,195.0,16.6,71,0.0,9.2,71.0,402.25,5.665492957746479,2,40,winter,183.0,137.0,119.0,213.0,146.33333333333334,151.38571428571427,141.0
2021-02-10,141.0,17.7,72,0.0,7.3,90.0,424.62,4.718,2,41,winter,195.0,183.0,137.0,179.0,171.66666666666666,148.8142857142857,188.0
2021-02-11,188.0,17.0,75,0.0,7.5,199.0,749.38,3.7657286432160806,2,42,winter,141.0,195.0,183.0,155.0,173.0,143.38571428571427,229.0
2021-02-12,229.0,17.2,77,0.0,7.0,92.0,391.19,4.252065217391304,2,43,winter,188.0,141.0,195.0,73.7,174.66666666666666,148.1,169.0
2021-02-13,169.0,16.9,78,0.0,6.1,23.0,71.49,3.108260869565217,2,44,winter,229.0,188.0,141.0,119.0,186.0,170.28571428571428,191.0
2021-02-14,191.0,18.2,71,0.0,5.9,52.0,198.89,3.824807692307692,2,45,winter,169.0,229.0,188.0,137.0,195.33333333333334,177.42857142857142,199.0
2021-02-15,199.0,18.9,68,0.0,6.7,80.0,336.7,4.20875,2,46,winter,191.0,169.0,229.0,183.0,196.33333333333334,185.14285714285714,175.0
2021-02-16,175.0,18.8,70,0.0,7.1,140.0,679.71,4.855071428571429,2,47,winter,199.0,191.0,169.0,195.0,186.33333333333334,187.42857142857142,157.0
2021-02-17,157.0,18.1,71,0.0,7.4,166.0,539.62,3.250722891566265,2,48,winter,175.0,199.0,191.0,141.0,188.33333333333334,184.57142857142858,136.0
2021-02-18,136.0,18.3,71,0.0,6.9,95.0,445.4,4.688421052631579,2,49,winter,157.0,175.0,199.0,188.0,177.0,186.85714285714286,182.0
2021-02-19,182.0,17.9,74,0.0,7.9,80.0,325.42,4.06775,2,50,winter,136.0,157.0,175.0,229.0,156.0,179.42857142857142,154.66666666666666
2021-02-20,154.66666666666666,18.0,69,0.0,8.9,96.0,469.54,4.891041666666667,2,51,winter,182.0,136.0,157.0,169.0,158.33333333333334,172.71428571428572,127.33333333333334
2021-02-21,127.33333333333334,18.7,66,0.0,10.6,130.0,391.16,3.008923076923077,2,52,winter,154.66666666666666,182.0,136.0,191.0,157.55555555555554,170.66666666666669,100.0
2021-02-22,100.0,19.5,66,0.0,10.7,170.0,715.57,4.209235294117647,2,53,winter,127.33333333333334,154.66666666666666,182.0,199.0,154.66666666666666,161.57142857142858,81.1
2021-02-23,81.1,21.5,56,0.0,8.1,168.0,675.99,4.02375,2,54,winter,100.0,127.33333333333334,154.66666666666666,175.0,127.33333333333333,147.42857142857142,92.6
2021-02-24,92.6,22.0,58,0.0,8.2,184.0,689.6,3.747826086956522,2,55,winter,81.1,100.0,127.33333333333334,157.0,102.81111111111112,134.0142857142857,147.0
2021-02-25,147.0,22.5,59,0.0,9.5,128.0,965.94,7.54640625,2,56,winter,92.6,81.1,100.0,136.0,91.23333333333333,124.81428571428572,159.0
2021-02-26,159.0,23.2,56,0.0,11.1,152.0,1063.0,6.993421052631579,2,57,winter,147.0,92.6,81.1,182.0,106.89999999999999,126.38571428571429,55.0
2021-02-27,55.0,24.1,42,0.0,10.7,85.0,561.88,6.610352941176471,2,58,winter,159.0,147.0,92.6,154.66666666666666,132.86666666666667,123.10000000000001,47.7
2021-02-28,47.7,22.2,49,0.0,8.8,150.0,717.17,4.781133333333333,2,59,winter,55.0,159.0,147.0,127.33333333333334,120.33333333333333,108.86190476190475,71.1
2021-03-01,71.1,20.4,46,0.0,12.7,122.0,410.0,3.360655737704918,3,60,summer,47.7,55.0,159.0,100.0,87.23333333333333,97.48571428571428,65.9
2021-03-02,65.9,20.7,40,0.0,17.8,187.0,1042.01,5.572245989304813,3,61,summer,71.1,47.7,55.0,81.1,57.93333333333334,93.35714285714286,91.3
2021-03-03,91.3,22.3,39,0.0,12.4,152.0,561.56,3.694473684210526,3,62,summer,65.9,71.1,47.7,92.6,61.56666666666666,91.18571428571428,106.0
2021-03-04,106.0,23.7,44,0.0,5.6,250.0,785.56,3.14224,3,63,summer,91.3,65.9,71.1,147.0,76.10000000000001,91.0,98.2
2021-03-05,98.2,22.6,45,0.0,15.1,325.0,1298.29,3.9947384615384616,3,64,summer,106.0,91.3,65.9,159.0,87.73333333333333,85.14285714285714,109.0
2021-03-06,109.0,22.6,43,0.0,12.4,143.0,849.5,5.940559440559441,3,65,summer,98.2,106.0,91.3,55.0,98.5,76.45714285714287,101.0
2021-03-07,101.0,24.8,42,0.0,10.8,14.0,44.96,3.2114285714285717,3,66,summer,109.0,98.2,106.0,47.7,104.39999999999999,84.17142857142858,107.0
2021-03-08,107.0,24.7,50,0.0,14.9,32.0,79.56,2.48625,3,67,summer,101.0,109.0,98.2,71.1,102.73333333333333,91.78571428571429,145.0
2021-03-09,145.0,24.7,59,0.2,7.2,70.0,332.11,4.744428571428571,3,68,summer,107.0,101.0,109.0,65.9,105.66666666666667,96.91428571428573,74.8
2021-03-10,74.8,23.9,61,0.1,8.0,92.0,228.89,2.487934782608696,3,69,summer,145.0,107.0,101.0,91.3,117.66666666666667,108.21428571428571,111.0
2021-03-11,111.0,24.8,53,0.0,7.9,139.0,497.81,3.58136690647482,3,70,summer,74.8,145.0,107.0,106.0,108.93333333333334,105.85714285714286,60.9
2021-03-12,60.9,23.4,54,0.7,10.5,13.0,23.73,1.8253846153846156,3,71,summer,111.0,74.8,145.0,98.2,110.26666666666667,106.57142857142857,80.7
2021-03-13,80.7,23.3,61,0.0,6.8,116.0,332.07,2.862672413793103,3,72,summer,60.9,111.0,74.8,109.0,82.23333333333333,101.24285714285713,102.0
2021-03-14,102.0,23.2,50,0.0,10.5,135.0,647.23,4.794296296296296,3,73,summer,80.7,60.9,111.0,101.0,84.2,97.2,91.1
2021-03-15,91.1,24.1,51,0.0,11.4,114.0,333.79,2.927982456140351,3,74,summer,102.0,80.7,60.9,107.0,81.2,97.34285714285714,122.0
2021-03-16,122.0,24.4,47,0.0,11.4,132.0,485.34,3.6768181818181818,3,75,summer,91.1,102.0,80.7,145.0,91.26666666666667,95.07142857142857,110.0
2021-03-17,110.0,25.1,42,0.0,9.5,122.0,483.04,3.9593442622950814,3,76,summer,122.0,91.1,102.0,74.8,105.03333333333335,91.78571428571429,109.0
2021-03-18,109.0,24.8,47,0.0,7.8,72.0,400.45,5.561805555555555,3,77,summer,110.0,122.0,91.1,111.0,107.7,96.81428571428572,96.6
2021-03-19,96.6,24.7,51,0.0,8.4,303.0,1228.98,4.0560396039603965,3,78,summer,109.0,110.0,122.0,60.9,113.66666666666667,96.52857142857144,114.0
2021-03-20,114.0,24.9,44,0.0,11.5,250.0,1067.08,4.26832,3,79,summer,96.6,109.0,110.0,80.7,105.2,101.62857142857142,97.5
2021-03-21,97.5,25.8,42,0.0,9.7,174.0,650.6899999999999,3.739597701149425,3,80,summer,114.0,96.6,109.0,102.0,106.53333333333335,106.38571428571427,73.1
2021-03-22,73.1,25.0,48,0.0,11.6,14.0,68.83,4.916428571428571,3,81,summer,97.5,114.0,96.6,91.1,102.7,105.74285714285713,71.1
2021-03-23,71.1,24.7,49,0.5,11.1,36.0,83.8,2.327777777777777,3,82,summer,73.1,97.5,114.0,122.0,94.86666666666667,103.17142857142856,58.6
2021-03-24,58.6,24.4,44,0.0,9.8,123.0,609.2,4.952845528455285,3,83,summer,71.1,73.1,97.5,110.0,80.56666666666666,95.9,48.3
2021-03-25,48.3,23.5,40,0.0,16.2,206.0,858.29,4.166456310679611,3,84,summer,58.6,71.1,73.1,109.0,67.6,88.55714285714285,76.2
2021-03-26,76.2,23.6,46,0.0,13.8,300.0,1034.91,3.4497000000000004,3,85,summer,48.3,58.6,71.1,96.6,59.333333333333336,79.88571428571427,79.4
2021-03-27,79.4,25.6,45,0.0,7.8,188.0,605.32,3.219787234042553,3,86,summer,76.2,48.3,58.6,114.0,61.03333333333333,76.97142857142856,74.6
2021-03-28,74.6,27.9,43,0.0,7.2,117.0,421.91,3.606068376068377,3,87,summer,79.4,76.2,48.3,97.5,67.96666666666667,72.02857142857142,84.3
2021-03-29,84.3,29.3,37,0.0,8.7,133.0,414.16,3.113984962406015,3,88,summer,74.6,79.4,76.2,73.1,76.73333333333333,68.75714285714285,80.0
2021-03-30,80.0,30.2,30,0.0,19.2,285.0,1216.21,4.26740350877193,3,89,summer,84.3,74.6,79.4,71.1,79.43333333333334,70.35714285714286,61.2
2021-03-31,61.2,27.6,23,0.0,20.7,760.0,2863.35,3.767565789473684,3,90,summer,80.0,84.3,74.6,58.6,79.63333333333333,71.62857142857142,39.2
2021-04-01,39.2,26.1,16,0.0,21.3,768.0,3090.09,4.0235546875,4,91,summer,61.2,80.0,84.3,48.3,75.16666666666667,72.0,62.3
2021-04-02,62.3,25.3,17,0.0,12.2,905.0,3631.73,4.012961325966851,4,92,summer,39.2,61.2,80.0,76.2,60.133333333333326,70.7,33.9
2021-04-03,33.9,25.2,19,0.0,8.8,1207.0,5510.79,4.565691797845899,4,93,summer,62.3,39.2,61.2,79.4,54.23333333333333,68.71428571428571,59.2
2021-04-04,59.2,26.6,22,0.0,10.9,712.0,3672.57,5.15810393258427,4,94,summer,33.9,62.3,39.2,74.6,45.13333333333333,62.214285714285715,76.9
2021-04-05,76.9,29.4,26,0.0,10.4,241.0,654.92,2.717510373443983,4,95,summer,59.2,33.9,62.3,84.3,51.800000000000004,60.01428571428572,124.0
2021-04-06,124.0,30.1,29,0.0,10.0,19.0,85.99000000000001,4.525789473684211,4,96,summer,76.9,59.2,33.9,80.0,56.666666666666664,58.957142857142856,65.0
2021-04-07,65.0,28.7,31,0.0,11.5,97.0,312.98,3.22659793814433,4,97,summer,124.0,76.9,59.2,61.2,86.7,65.24285714285715,47.4
2021-04-08,47.4,27.1,25,0.0,11.5,108.0,446.27,4.132129629629629,4,98,summer,65.0,124.0,76.9,39.2,88.63333333333334,65.78571428571429,79.4
2021-04-09,79.4,26.9,21,0.0,11.1,238.0,963.98,4.050336134453781,4,99,summer,47.4,65.0,124.0,62.3,78.8,66.95714285714286,72.5
2021-04-10,72.5,28.2,18,0.0,11.3,449.0,1776.31,3.956146993318485,4,100,summer,79.4,47.4,65.0,33.9,63.93333333333334,69.4,69.3
2021-04-11,69.3,29.1,20,0.0,10.1,584.0,2403.48,4.11554794520548,4,101,summer,72.5,79.4,47.4,59.2,66.43333333333334,74.91428571428573,112.0
2021-04-12,112.0,29.9,19,0.0,9.5,396.0,1664.16,4.202424242424243,4,102,summer,69.3,72.5,79.4,76.9,73.73333333333333,76.35714285714286,96.8
2021-04-13,96.8,30.3,22,0.0,12.3,270.0,919.7,3.4062962962962966,4,103,summer,112.0,69.3,72.5,124.0,84.60000000000001,81.37142857142858,64.9
2021-04-14,64.9,30.6,22,0.0,13.5,243.0,1375.5,5.660493827160494,4,104,summer,96.8,112.0,69.3,65.0,92.7,77.48571428571428,79.5
2021-04-15,79.5,31.0,19,0.0,10.8,355.0,1103.2,3.107605633802817,4,105,summer,64.9,96.8,112.0,47.4,91.23333333333333,77.47142857142856,66.8
2021-04-16,66.8,29.4,33,2.6,10.7,182.0,1279.17,7.028406593406594,4,106,summer,79.5,64.9,96.8,79.4,80.39999999999999,82.05714285714286,36.2
2021-04-17,36.2,27.5,44,0.0,10.1,69.0,227.34,3.294782608695652,4,107,summer,66.8,79.5,64.9,72.5,70.39999999999999,80.25714285714285,49.7
2021-04-18,49.7,28.9,29,0.0,8.4,189.0,1035.24,5.477460317460317,4,108,summer,36.2,66.8,79.5,69.3,60.833333333333336,75.07142857142857,66.7
2021-04-19,66.7,29.5,29,0.0,11.2,238.0,1246.02,5.235378151260504,4,109,summer,49.7,36.2,66.8,112.0,50.9,72.27142857142857,57.3
2021-04-20,57.3,27.7,29,0.0,15.4,9.0,25.24,2.8044444444444445,4,110,summer,66.7,49.7,36.2,96.8,50.866666666666674,65.8,38.3
2021-04-21,38.3,26.2,41,0.0,13.5,115.0,532.5,4.630434782608695,4,111,summer,57.3,66.7,49.7,64.9,57.9,60.15714285714286,41.1
2021-04-22,41.1,26.5,43,0.0,8.7,102.0,418.63,4.10421568627451,4,112,summer,38.3,57.3,66.7,79.5,54.1,56.357142857142854,40.6
2021-04-23,40.6,27.7,35,0.0,17.5,87.0,387.02,4.448505747126436,4,113,summer,41.1,38.3,57.3,66.8,45.56666666666666,50.871428571428574,30.2
2021-04-24,30.2,26.5,36,0.0,13.0,495.0,2479.95,5.01,4,114,summer,40.6,41.1,38.3,36.2,40.0,47.128571428571426,52.5
2021-04-25,52.5,28.7,27,0.0,13.8,497.0,3164.19,6.366579476861167,4,115,summer,30.2,40.6,41.1,49.7,37.300000000000004,46.271428571428565,74.8
2021-04-26,74.8,30.0,24,0.0,9.3,540.0,5179.15,9.591018518518515,4,116,summer,52.5,30.2,40.6,66.7,41.1,46.67142857142858,97.1
2021-04-27,97.1,32.8,22,0.0,9.7,653.0,5055.23,7.741546707503828,4,117,summer,74.8,52.5,30.2,57.3,52.5,47.82857142857142,173.0
2021-04-28,173.0,33.8,19,0.0,10.8,825.0,7196.54,8.723078787878787,4,118,summer,97.1,74.8,52.5,38.3,74.8,53.51428571428572,149.0
2021-04-29,149.0,33.3,21,0.0,11.1,1050.0,7390.52,7.0385904761904765,4,119,summer,173.0,97.1,74.8,41.1,114.96666666666665,72.75714285714285,110.0
2021-04-30,110.0,32.2,28,0.0,9.3,630.0,3469.57,5.507253968253969,4,120,summer,149.0,173.0,97.1,40.6,139.7,88.17142857142858,96.8
2021-05-01,96.8,32.2,30,0.0,9.1,1197.0,8233.3,6.878279030910609,5,121,summer,110.0,149.0,173.0,30.2,144.0,98.08571428571427,77.3
2021-05-02,77.3,31.9,30,0.0,7.9,1479.0,8781.52,5.937471264367816,5,122,summer,96.8,110.0,149.0,52.5,118.60000000000001,107.60000000000001,120.0
2021-05-03,120.0,31.7,31,0.0,8.3,514.0,3714.63,7.226906614785992,5,123,summer,77.3,96.8,110.0,74.8,94.7,111.14285714285714,62.8
2021-05-04,62.8,32.8,30,0.0,9.7,317.0,2347.56,7.405552050473186,5,124,summer,120.0,77.3,96.8,97.1,98.03333333333335,117.6,63.5
2021-05-05,63.5,31.5,39,0.3,12.8,1368.0,6491.77,4.7454459064327486,5,125,summer,62.8,120.0,77.3,173.0,86.69999999999999,112.70000000000002,61.4
2021-05-06,61.4,29.3,53,6.1,14.4,246.0,1509.37,6.135650406504064,5,126,summer,63.5,62.8,120.0,149.0,82.10000000000001,97.05714285714286,56.2
2021-05-07,56.2,28.3,56,4.1,8.3,1884.0,12381.63,6.571990445859872,5,127,summer,61.4,63.5,62.8,110.0,62.56666666666666,84.54285714285716,52.0
2021-05-08,52.0,31.1,39,0.0,7.3,1343.0,10690.54,7.960193596425912,5,128,summer,56.2,61.4,63.5,96.8,60.36666666666667,76.85714285714286,55.5
2021-05-09,55.5,31.0,40,0.0,8.4,2241.0,12086.67,5.393427041499331,5,129,summer,52.0,56.2,61.4,77.3,56.53333333333333,70.45714285714286,49.8
2021-05-10,49.8,30.5,42,0.4,10.1,1044.0,4978.3,4.768486590038314,5,130,summer,55.5,52.0,56.2,120.0,54.56666666666666,67.34285714285714,45.6
2021-05-11,45.6,31.3,41,0.1,11.3,668.0,3860.27,5.778847305389221,5,131,summer,49.8,55.5,52.0,62.8,52.43333333333334,57.31428571428571,35.4
2021-05-12,35.4,29.8,45,0.4,11.6,345.0,2037.76,5.906550724637681,5,132,summer,45.6,49.8,55.5,63.5,50.300000000000004,54.857142857142854,35.2
2021-05-13,35.2,27.3,58,1.5,13.3,25.0,66.37,2.6548000000000003,5,133,summer,35.4,45.6,49.8,61.4,43.6,50.84285714285715,55.5
2021-05-14,55.5,29.6,47,0.0,8.8,859.0,4044.06,4.707869615832363,5,134,summer,35.2,35.4,45.6,56.2,38.73333333333333,47.1,45.0
2021-05-15,45.0,30.2,41,0.0,6.8,1267.0,5670.57,4.475588003157064,5,135,summer,55.5,35.2,35.4,52.0,42.03333333333333,47.0,51.9
2021-05-16,51.9,31.6,37,0.0,7.2,1557.0,6505.53,4.178246628131021,5,136,summer,45.0,55.5,35.2,55.5,45.23333333333333,46.0,73.4
2021-05-17,73.4,32.3,35,0.0,7.2,753.0,5411.3,7.186321381142099,5,137,summer,51.9,45.0,55.5,49.8,50.800000000000004,45.48571428571428,23.0
2021-05-18,23.0,27.1,54,1.1,10.5,87.0,715.93,8.229080459770115,5,138,summer,73.4,51.9,45.0,45.6,56.76666666666667,48.857142857142854,20.6
2021-05-19,20.6,21.7,87,98.7,13.7,40.0,191.06,4.7765,5,139,summer,23.0,73.4,51.9,35.4,49.43333333333334,45.62857142857143,24.5
2021-05-20,24.5,24.2,77,31.5,15.2,259.0,1264.17,4.880965250965251,5,140,summer,20.6,23.0,73.4,35.2,39.0,43.51428571428571,23.7
2021-05-21,23.7,26.1,76,2.3,9.8,250.0,1064.05,4.2562,5,141,summer,24.5,20.6,23.0,55.5,22.7,41.98571428571428,20.4
2021-05-22,20.4,28.5,66,0.0,6.6,220.0,1789.14,8.132454545454545,5,142,summer,23.7,24.5,20.6,45.0,22.933333333333334,37.44285714285714,27.8
2021-05-23,27.8,28.4,56,0.0,10.1,45.0,196.36,4.363555555555555,5,143,summer,20.4,23.7,24.5,51.9,22.866666666666664,33.92857142857143,35.2
2021-05-24,35.2,28.8,42,0.0,15.6,111.0,712.87,6.422252252252252,5,144,summer,27.8,20.4,23.7,73.4,23.96666666666667,30.48571428571429,42.6
2021-05-25,42.6,30.1,35,0.0,14.8,183.0,1013.68,5.539234972677596,5,145,summer,35.2,27.8,20.4,23.0,27.8,25.02857142857143,60.3
2021-05-26,60.3,30.2,36,0.0,8.2,270.0,1187.61,4.398555555555555,5,146,summer,42.6,35.2,27.8,20.6,35.2,27.828571428571426,39.6
2021-05-27,39.6,30.2,44,0.0,6.8,130.0,794.41,6.110846153846154,5,147,summer,60.3,42.6,35.2,24.5,46.03333333333334,33.5,31.0
2021-05-28,31.0,30.4,59,0.0,13.2,94.0,569.18,6.055106382978723,5,148,summer,39.6,60.3,42.6,23.7,47.5,35.65714285714286,18.1
2021-05-29,18.1,31.1,55,0.0,16.9,60.0,224.42,3.740333333333333,5,149,summer,31.0,39.6,60.3,20.4,43.63333333333333,36.699999999999996,18.7
2021-05-30,18.7,30.3,63,0.7,11.8,44.0,214.44,4.873636363636364,5,150,summer,18.1,31.0,39.6,27.8,29.566666666666666,36.371428571428574,38.8
2021-05-31,38.8,31.6,59,0.1,8.2,54.0,243.12,4.502222222222223,5,151,summer,18.7,18.1,31.0,35.2,22.599999999999998,35.07142857142858,23.0
2021-06-01,23.0,29.0,66,0.5,8.7,7.0,17.51,2.501428571428572,6,152,summer,38.8,18.7,18.1,42.6,25.2,35.58571428571428,48.1
2021-06-02,48.1,29.3,64,5.4,6.1,31.0,123.23,3.9751612903225806,6,153,summer,23.0,38.8,18.7,60.3,26.833333333333332,32.785714285714285,57.3
2021-06-03,57.3,30.3,59,0.0,5.9,15.0,81.01,5.400666666666667,6,154,summer,48.1,23.0,38.8,39.6,36.63333333333333,31.04285714285714,44.5
2021-06-04,44.5,30.4,62,0.0,6.0,29.0,162.7,5.610344827586206,6,155,summer,57.3,48.1,23.0,31.0,42.79999999999999,33.57142857142857,42.5
2021-06-05,42.5,30.9,59,0.1,9.0,85.0,359.73,4.232117647058824,6,156,summer,44.5,57.3,48.1,18.1,49.96666666666666,35.5,36.0
2021-06-06,36.0,31.9,52,0.0,8.1,43.0,156.25,3.633720930232558,6,157,summer,42.5,44.5,57.3,18.7,48.1,38.98571428571428,53.6
2021-06-07,53.6,32.7,50,0.0,7.8,69.0,275.62,3.994492753623189,6,158,summer,36.0,42.5,44.5,38.8,40.99999999999999,41.457142857142856,61.6
2021-06-08,61.6,35.0,39,0.0,15.6,74.0,442.65,5.9817567567567576,6,159,summer,53.6,36.0,42.5,23.0,44.03333333333333,43.57142857142857,47.3
2021-06-09,47.3,36.0,38,0.0,16.0,15.0,69.12,4.6080000000000005,6,160,summer,61.6,53.6,36.0,48.1,50.4,49.08571428571429,33.0
2021-06-10,33.0,33.0,58,0.0,15.8,69.0,291.28000000000003,4.221449275362319,6,161,summer,47.3,61.6,53.6,57.3,54.166666666666664,48.97142857142857,38.6
2021-06-11,38.6,32.1,59,0.0,12.5,59.0,224.9,3.811864406779661,6,162,summer,33.0,47.3,61.6,44.5,47.29999999999999,45.5,34.8
2021-06-12,34.8,32.4,59,0.0,16.0,51.0,229.8,4.505882352941176,6,163,summer,38.6,33.0,47.3,42.5,39.63333333333333,44.65714285714286,36.7
2021-06-13,36.7,30.7,67,7.2,8.1,12.0,20.36,1.6966666666666663,6,164,summer,34.8,38.6,33.0,36.0,35.46666666666666,43.557142857142864,34.0
2021-06-14,34.0,31.3,61,0.0,7.9,8.0,23.18,2.8975,6,165,summer,36.7,34.8,38.6,53.6,36.699999999999996,43.65714285714286,29.1
2021-06-15,29.1,30.6,64,4.2,9.0,17.0,80.09,4.711176470588235,6,166,summer,34.0,36.7,34.8,61.6,35.166666666666664,40.857142857142854,28.3
2021-06-16,28.3,29.4,72,2.3,8.6,29.0,131.43,4.532068965517242,6,167,summer,29.1,34.0,36.7,47.3,33.266666666666666,36.214285714285715,35.8
2021-06-17,35.8,30.0,68,0.1,9.2,4.0,18.19,4.5475,6,168,summer,28.3,29.1,34.0,33.0,30.466666666666665,33.5,29.3
2021-06-18,29.3,29.3,70,0.7,12.0,144.0,573.19,3.980486111111112,6,169,summer,35.8,28.3,29.1,38.6,31.066666666666663,33.9,21.8
2021-06-19,21.8,28.4,72,0.2,11.6,59.0,215.8,3.657627118644068,6,170,summer,29.3,35.8,28.3,34.8,31.13333333333333,32.57142857142857,25.2
2021-06-20,25.2,28.9,73,1.1,8.8,90.0,720.71,8.007888888888889,6,171,summer,21.8,29.3,35.8,36.7,28.966666666666658,30.714285714285715,35.5
2021-06-21,35.5,30.7,64,0.1,8.7,59.0,264.69,4.486271186440678,6,172,summer,25.2,21.8,29.3,34.0,25.433333333333326,29.071428571428573,41.8
2021-06-22,41.8,33.5,48,0.0,8.7,91.0,332.54,3.6542857142857135,6,173,summer,35.5,25.2,21.8,29.1,27.499999999999996,29.285714285714285,75.2
2021-06-23,75.2,34.4,43,0.0,7.7,136.0,562.37,4.135073529411764,6,174,summer,41.8,35.5,25.2,28.3,34.16666666666666,31.099999999999998,51.2
2021-06-24,51.2,32.5,58,0.0,10.6,103.0,403.73,3.919708737864078,6,175,summer,75.2,41.8,35.5,35.8,50.833333333333336,37.800000000000004,47.1
2021-06-25,47.1,32.5,59,1.6,8.8,4.0,8.97,2.2425,6,176,summer,51.2,75.2,41.8,29.3,56.06666666666666,40.0,41.3
2021-06-26,41.3,32.0,57,0.0,5.9,42.0,210.96,5.022857142857143,6,177,summer,47.1,51.2,75.2,21.8,57.833333333333336,42.542857142857144,70.0
2021-06-27,70.0,33.4,54,0.0,9.1,41.0,134.9,3.2902439024390246,6,178,summer,41.3,47.1,51.2,25.2,46.53333333333333,45.32857142857143,63.4
2021-06-28,63.4,34.3,49,0.0,7.2,117.0,495.18,4.2323076923076925,6,179,summer,70.0,41.3,47.1,35.5,52.79999999999999,51.728571428571435,74.2
2021-06-29,74.2,36.1,38,0.0,11.5,218.0,1091.74,5.007981651376147,6,180,summer,63.4,70.0,41.3,41.8,58.23333333333333,55.714285714285715,68.0
2021-06-30,68.0,36.9,30,0.0,18.5,66.0,273.85,4.149242424242424,6,181,summer,74.2,63.4,70.0,75.2,69.2,60.34285714285714,27.0
2021-07-01,27.0,37.0,33,0.0,16.6,166.0,794.51,4.786204819277108,7,182,monsoon,68.0,74.2,63.4,51.2,68.53333333333333,59.31428571428571,57.4
2021-07-02,57.4,35.5,42,0.1,14.8,40.0,217.24,5.431,7,183,monsoon,27.0,68.0,74.2,47.1,56.4,55.857142857142854,37.1
2021-07-03,37.1,33.3,50,0.0,10.9,28.0,134.45,4.801785714285714,7,184,monsoon,57.4,27.0,68.0,41.3,50.800000000000004,57.32857142857142,46.9
2021-07-04,46.9,34.2,48,0.0,7.9,66.0,247.29,3.7468181818181816,7,185,monsoon,37.1,57.4,27.0,70.0,40.5,56.72857142857142,41.4
2021-07-05,41.4,34.7,46,0.0,8.3,45.0,150.88,3.352888888888889,7,186,monsoon,46.9,37.1,57.4,63.4,47.13333333333333,53.42857142857143,41.5
2021-07-06,41.5,35.2,45,0.0,11.9,70.0,325.53000000000003,4.650428571428572,7,187,monsoon,41.4,46.9,37.1,74.2,41.8,50.285714285714285,55.1
2021-07-07,55.1,36.2,40,0.0,11.2,88.0,350.87,3.987159090909091,7,188,monsoon,41.5,41.4,46.9,68.0,43.26666666666667,45.614285714285714,45.2
2021-07-08,45.2,36.0,39,0.0,13.2,44.0,166.70000000000002,3.788636363636364,7,189,monsoon,55.1,41.5,41.4,27.0,46.0,43.771428571428565,46.1
2021-07-09,46.1,33.2,58,0.2,13.4,33.0,165.24,5.007272727272728,7,190,monsoon,45.2,55.1,41.5,57.4,47.26666666666667,46.371428571428574,36.7
2021-07-10,36.7,33.6,58,1.2,10.7,76.0,322.77,4.246973684210526,7,191,monsoon,46.1,45.2,55.1,37.1,48.800000000000004,44.75714285714286,33.266666666666666
2021-07-11,33.266666666666666,32.1,64,2.0,17.5,22.0,66.59,3.026818181818182,7,192,monsoon,36.7,46.1,45.2,46.9,42.666666666666664,44.699999999999996,29.83333333333333
2021-07-12,29.83333333333333,30.5,69,4.9,18.6,11.0,77.36,7.032727272727272,7,193,monsoon,33.266666666666666,36.7,46.1,41.4,38.68888888888889,42.75238095238096,26.4
2021-07-13,26.4,30.0,76,5.3,11.7,4.0,10.62,2.655,7,194,monsoon,29.83333333333333,33.266666666666666,36.7,41.5,33.266666666666666,41.1,28.6
2021-07-14,28.6,29.3,81,9.4,11.1,19.0,76.34,4.017894736842106,7,195,monsoon,26.4,29.83333333333333,33.266666666666666,55.1,29.833333333333332,38.942857142857136,44.5
2021-07-15,44.5,30.7,75,2.5,11.7,44.0,190.47,4.328863636363637,7,196,monsoon,28.6,26.4,29.83333333333333,45.2,28.277777777777775,35.15714285714286,35.3
2021-07-16,35.3,31.0,74,3.8,10.9,11.0,51.96,4.723636363636363,7,197,monsoon,44.5,28.6,26.4,46.1,33.166666666666664,35.05714285714286,40.7
2021-07-17,40.7,32.7,67,0.7,7.4,18.0,69.85,3.880555555555555,7,198,monsoon,35.3,44.5,28.6,36.7,36.13333333333333,33.51428571428572,28.2
2021-07-18,28.2,30.2,81,24.9,8.8,6.0,21.48,3.58,7,199,monsoon,40.7,35.3,44.5,33.266666666666666,40.166666666666664,34.08571428571428,11.4
2021-07-19,11.4,26.3,96,122.7,6.8,1.0,4.02,4.02,7,200,monsoon,28.2,40.7,35.3,29.83333333333333,34.733333333333334,33.36190476190476,27.6
2021-07-20,27.6,27.8,88,27.3,3.9,4.0,3.52,0.88,7,201,monsoon,11.4,28.2,40.7,26.4,26.766666666666666,30.728571428571428,34.0
2021-07-21,34.0,28.8,85,5.3,6.7,3.0,9.04,3.013333333333333,7,202,monsoon,27.6,11.4,28.2,28.6,22.400000000000002,30.900000000000002,26.4
2021-07-22,26.4,28.0,87,5.1,9.1,0.0,0.0,0.0,7,203,monsoon,34.0,27.6,11.4,44.5,24.333333333333332,31.67142857142857,26.4
2021-07-23,26.4,28.9,85,5.8,9.1,2.0,3.01,1.505,7,204,monsoon,26.4,34.0,27.6,35.3,29.333333333333332,29.085714285714285,33.8
2021-07-24,33.8,30.2,82,0.7,5.9,6.0,11.94,1.99,7,205,monsoon,26.4,26.4,34.0,40.7,28.933333333333334,27.814285714285717,33.7
2021-07-25,33.7,30.9,78,0.0,7.8,5.0,28.66,5.731999999999999,7,206,monsoon,33.8,26.4,26.4,28.2,28.866666666666664,26.82857142857143,32.12222222222223
2021-07-26,32.12222222222223,29.0,85,4.9,8.3,0.0,0.0,0.0,7,207,monsoon,33.7,33.8,26.4,11.4,31.3,27.614285714285717,30.544444444444448
2021-08-10,34.4,29.9,77,0.7,10.2,24.0,119.75,4.989583333333333,8,222,monsoon,49.2,51.4,39.0,19.5,46.53333333333333,35.971428571428575,26.3
2021-08-11,26.3,30.5,64,0.0,15.9,40.0,189.68,4.742,8,223,monsoon,34.4,49.2,51.4,17.3,45.0,38.1,28.1
2021-08-12,28.1,30.2,66,0.0,12.8,3.0,17.75,5.916666666666667,8,224,monsoon,26.3,34.4,49.2,29.4,36.63333333333333,39.385714285714286,28.4
2021-08-13,28.4,30.6,65,0.0,12.5,8.0,49.4,6.175,8,225,monsoon,28.1,26.3,34.4,46.0,29.599999999999998,39.2,26.8
2021-08-14,26.8,30.6,64,0.0,14.0,5.0,14.74,2.948,8,226,monsoon,28.4,28.1,26.3,39.0,27.599999999999998,36.68571428571429,28.1
2021-08-15,28.1,30.4,64,0.0,10.3,15.0,50.25,3.35,8,227,monsoon,26.8,28.4,28.1,51.4,27.76666666666667,34.94285714285714,33.7
2021-08-16,33.7,30.4,66,0.0,7.9,18.0,52.56,2.92,8,228,monsoon,28.1,26.8,28.4,49.2,27.766666666666666,31.614285714285717,43.1
2021-08-17,43.1,31.2,66,0.0,7.5,7.0,10.81,1.544285714285714,8,229,monsoon,33.7,28.1,26.8,34.4,29.533333333333335,29.400000000000002,51.2
2021-08-18,51.2,31.2,66,0.0,6.2,34.0,195.87,5.760882352941176,8,230,monsoon,43.1,33.7,28.1,26.3,34.96666666666667,30.642857142857146,68.6
2021-08-19,68.6,30.8,74,0.5,7.0,15.0,76.92,5.128,8,231,monsoon,51.2,43.1,33.7,28.1,42.666666666666664,34.2,37.9
2021-08-20,37.9,27.8,86,2.0,12.0,10.0,52.82,5.282,8,232,monsoon,68.6,51.2,43.1,28.4,54.29999999999999,39.98571428571428,20.1
2021-08-21,20.1,26.7,91,30.3,11.7,11.0,61.78,5.616363636363636,8,233,monsoon,37.9,68.6,51.2,26.8,52.56666666666666,41.34285714285714,31.6
2021-08-22,31.6,27.6,88,9.8,9.4,3.0,2.49,0.8300000000000001,8,234,monsoon,20.1,37.9,68.6,28.1,42.199999999999996,40.385714285714286,28.4
2021-08-23,28.4,28.5,87,5.9,5.8,3.0,20.01,6.669999999999999,8,235,monsoon,31.6,20.1,37.9,33.7,29.866666666666664,40.885714285714286,40.2
2021-08-24,40.2,29.0,87,2.1,4.7,13.0,41.6,3.2,8,236,monsoon,28.4,31.6,20.1,43.1,26.7,40.128571428571426,30.5
2021-08-25,30.5,30.4,68,0.0,15.2,17.0,71.16,4.185882352941176,8,237,monsoon,40.2,28.4,31.6,51.2,33.4,39.714285714285715,27.1
2021-08-26,27.1,29.7,67,0.0,14.7,34.0,118.24,3.4776470588235293,8,238,monsoon,30.5,40.2,28.4,68.6,33.03333333333333,36.75714285714286,39.4
2021-08-27,39.4,29.6,67,0.0,10.2,51.0,201.4,3.9490196078431374,8,239,monsoon,27.1,30.5,40.2,37.9,32.6,30.82857142857143,44.4
2021-08-28,44.4,29.4,74,0.0,7.1,3.0,6.72,2.24,8,240,monsoon,39.4,27.1,30.5,20.1,32.333333333333336,31.042857142857144,44.5
2021-08-29,44.5,28.6,85,1.3,7.8,17.0,92.82,5.46,8,241,monsoon,44.4,39.4,27.1,31.6,36.96666666666667,34.51428571428571,16.0
2021-08-30,16.0,27.4,86,1.2,10.8,8.0,39.11,4.88875,8,242,monsoon,44.5,44.4,39.4,28.4,42.76666666666667,36.357142857142854,18.4
2021-08-31,18.4,27.0,87,5.3,11.3,14.0,96.65,6.903571428571429,8,243,monsoon,16.0,44.5,44.4,40.2,34.96666666666667,34.58571428571428,20.0
2021-09-01,20.0,26.4,90,10.7,9.2,31.0,113.33,3.655806451612903,9,244,monsoon,18.4,16.0,44.5,30.5,26.3,31.471428571428568,24.5
2021-09-02,24.5,27.8,87,1.2,6.0,10.0,53.53,5.353,9,245,monsoon,20.0,18.4,16.0,27.1,18.133333333333333,29.97142857142857,20.4
2021-09-03,20.4,27.1,89,11.3,6.8,3.0,6.62,2.2066666666666666,9,246,monsoon,24.5,20.0,18.4,39.4,20.966666666666665,29.599999999999998,20.2
2021-09-04,20.2,27.3,88,14.7,4.6,17.0,106.79,6.281764705882353,9,247,monsoon,20.4,24.5,20.0,44.4,21.633333333333336,26.88571428571429,33.7
2021-09-05,33.7,28.2,86,3.8,4.7,25.0,127.41,5.0964,9,248,monsoon,20.2,20.4,24.5,44.5,21.7,23.428571428571427,40.7
2021-09-06,40.7,29.0,84,4.1,4.9,41.0,295.89,7.216829268292683,9,249,monsoon,33.7,20.2,20.4,16.0,24.766666666666666,21.885714285714283,39.8
2021-09-07,39.8,28.0,88,7.6,11.1,48.0,288.75,6.015625,9,250,monsoon,40.7,33.7,20.2,18.4,31.53333333333333,25.414285714285715,21.1
2021-09-08,21.1,28.0,80,2.3,17.3,2.0,9.08,4.54,9,251,monsoon,39.8,40.7,33.7,20.0,38.06666666666666,28.47142857142857,26.1
2021-09-09,26.1,27.7,84,4.4,11.5,10.0,19.38,1.938,9,252,monsoon,21.1,39.8,40.7,24.5,33.86666666666667,28.62857142857143,28.9
2021-09-10,28.9,26.8,88,16.6,14.4,0.0,0.0,0.0,9,253,monsoon,26.1,21.1,39.8,20.4,29.0,28.857142857142858,17.7
2021-09-11,17.7,25.9,91,15.3,17.0,1.0,0.7,0.7,9,254,monsoon,28.9,26.1,21.1,20.2,25.366666666666664,30.071428571428573,22.5
2021-09-12,22.5,26.5,91,6.4,8.5,2.0,3.9,1.95,9,255,monsoon,17.7,28.9,26.1,33.7,24.23333333333333,29.714285714285715,33.2
2021-09-13,33.2,27.6,88,7.8,6.3,2.0,6.17,3.085,9,256,monsoon,22.5,17.7,28.9,40.7,23.03333333333333,28.114285714285717,26.1
2021-09-14,26.1,27.9,84,0.3,9.8,5.0,28.94,5.788,9,257,monsoon,33.2,22.5,17.7,39.8,24.46666666666667,27.042857142857144,16.0
2021-09-15,16.0,28.4,77,0.0,10.6,7.0,25.05,3.5785714285714287,9,258,monsoon,26.1,33.2,22.5,21.1,27.266666666666666,25.085714285714285,18.7
2021-09-16,18.7,27.9,77,4.1,13.3,12.0,53.94,4.495,9,259,monsoon,16.0,26.1,33.2,26.1,25.099999999999998,24.357142857142858,19.6
2021-09-17,19.6,26.8,75,1.5,15.9,27.0,86.32000000000001,3.1970370370370373,9,260,monsoon,18.7,16.0,26.1,28.9,20.266666666666666,23.3,30.3
2021-09-18,30.3,27.4,80,0.1,12.6,49.0,218.91,4.467551020408163,9,261,monsoon,19.6,18.7,16.0,17.7,18.099999999999998,21.971428571428568,24.9
2021-09-19,24.9,28.1,81,0.3,9.5,36.0,250.61,6.961388888888889,9,262,monsoon,30.3,19.6,18.7,22.5,22.866666666666664,23.771428571428572,25.5
2021-09-20,25.5,28.3,81,0.7,7.7,28.0,123.45,4.408928571428572,9,263,monsoon,24.9,30.3,19.6,33.2,24.933333333333326,24.114285714285717,27.9
2021-09-21,27.9,28.0,83,1.7,8.5,3.0,24.05,8.016666666666667,9,264,monsoon,25.5,24.9,30.3,26.1,26.899999999999995,23.014285714285716,24.4
2021-09-22,24.4,26.4,90,17.3,10.2,0.0,0.0,0.0,9,265,monsoon,27.9,25.5,24.9,16.0,26.099999999999994,23.27142857142857,21.6
2021-09-23,21.6,26.6,88,6.4,9.6,5.0,9.99,1.998,9,266,monsoon,24.4,27.9,25.5,18.7,25.933333333333326,24.471428571428568,20.8
2021-09-24,20.8,27.0,85,2.1,8.6,20.0,110.95,5.5475,9,267,monsoon,21.6,24.4,27.9,19.6,24.63333333333333,24.885714285714283,39.0
2021-09-25,39.0,27.2,86,2.1,6.9,26.0,137.45,5.286538461538461,9,268,monsoon,20.8,21.6,24.4,30.3,22.266666666666666,25.057142857142857,31.3
2021-09-26,31.3,26.8,85,1.5,9.3,41.0,238.41,5.814878048780487,9,269,monsoon,39.0,20.8,21.6,24.9,27.133333333333336,26.3,49.1
2021-09-27,49.1,28.1,81,0.2,5.7,95.0,557.62,5.869684210526316,9,270,monsoon,31.3,39.0,20.8,25.5,30.366666666666664,27.214285714285715,45.0
2021-09-28,45.0,28.1,82,1.7,10.3,143.0,669.84,4.684195804195804,9,271,monsoon,49.1,31.3,39.0,27.9,39.800000000000004,30.585714285714285,30.2
2021-09-29,30.2,28.2,80,0.2,11.8,149.0,721.1,4.839597315436242,9,272,monsoon,45.0,49.1,31.3,24.4,41.800000000000004,33.028571428571425,29.1
2021-09-30,29.1,28.2,82,0.7,6.5,75.0,506.46,6.7528,9,273,monsoon,30.2,45.0,49.1,21.6,41.43333333333334,33.857142857142854,42.1
2021-10-01,42.1,28.6,82,0.2,3.8,35.0,177.87,5.082,10,274,post_monsoon,29.1,30.2,45.0,20.8,34.766666666666666,34.92857142857143,49.7
2021-10-02,49.7,28.9,77,0.2,7.6,33.0,208.31,6.3124242424242425,10,275,post_monsoon,42.1,29.1,30.2,39.0,33.800000000000004,37.971428571428575,30.0
2021-10-03,30.0,29.1,74,0.0,10.1,142.0,758.77,5.343450704225352,10,276,post_monsoon,49.7,42.1,29.1,31.3,40.300000000000004,39.5,28.5
2021-10-04,28.5,28.9,70,0.1,7.2,98.0,434.8,4.436734693877551,10,277,post_monsoon,30.0,49.7,42.1,49.1,40.6,39.31428571428571,36.9
2021-10-05,36.9,28.4,77,2.3,5.1,60.0,277.98,4.633,10,278,post_monsoon,28.5,30.0,49.7,45.0,36.06666666666667,36.371428571428574,46.2
2021-10-06,46.2,28.4,75,0.1,5.9,79.0,359.93,4.556075949367089,10,279,post_monsoon,36.9,28.5,30.0,30.2,31.8,35.214285714285715,64.0
2021-10-07,64.0,27.3,71,0.0,8.4,208.0,893.86,4.297403846153847,10,280,post_monsoon,46.2,36.9,28.5,29.1,37.199999999999996,37.5,70.9
2021-10-08,70.9,27.9,66,0.0,8.7,279.0,1592.72,5.708673835125448,10,281,post_monsoon,64.0,46.2,36.9,42.1,49.03333333333333,42.48571428571428,66.8
2021-10-09,66.8,28.5,61,0.0,8.5,513.0,2263.92,4.413099415204679,10,282,post_monsoon,70.9,64.0,46.2,49.7,60.36666666666667,46.60000000000001,51.3
2021-10-10,51.3,28.3,63,0.0,7.1,603.0,2878.07,4.772918739635158,10,283,post_monsoon,66.8,70.9,64.0,30.0,67.23333333333333,49.042857142857144,50.4
2021-10-11,50.4,28.0,61,0.0,7.5,307.0,1741.4,5.672312703583062,10,284,post_monsoon,51.3,66.8,70.9,28.5,63.0,52.08571428571429,73.6
2021-10-12,73.6,27.9,58,0.0,7.5,306.0,1431.51,4.67813725490196,10,285,post_monsoon,50.4,51.3,66.8,36.9,56.166666666666664,55.214285714285715,67.75
2021-10-13,67.75,26.4,54,0.0,10.8,551.0,2782.22,5.049401088929219,10,286,post_monsoon,73.6,50.4,51.3,46.2,58.43333333333334,60.457142857142856,61.9
2021-10-14,61.9,25.2,54,0.0,11.1,977.0,4924.42,5.040348004094166,10,287,post_monsoon,67.75,73.6,50.4,64.0,63.916666666666664,63.535714285714285,91.8
2021-10-15,91.8,25.8,53,0.0,9.5,1708.0,8296.0,4.857142857142857,10,288,post_monsoon,61.9,67.75,73.6,70.9,67.75,63.23571428571428,158.0
2021-10-16,158.0,27.0,62,0.0,6.5,1038.0,5814.97,5.60209055876686,10,289,post_monsoon,91.8,61.9,67.75,66.8,73.81666666666666,66.22142857142858,125.0
2021-10-17,125.0,26.4,77,3.3,10.7,82.0,409.52,4.994146341463415,10,290,post_monsoon,158.0,91.8,61.9,51.3,103.89999999999999,79.25,12.3
2021-10-18,12.3,22.4,93,27.4,10.4,131.0,909.21,6.940534351145039,10,291,post_monsoon,125.0,158.0,91.8,50.4,124.93333333333332,89.77857142857144,52.3
2021-10-19,52.3,23.8,80,0.0,12.6,955.0,5608.21,5.872471204188482,10,292,post_monsoon,12.3,125.0,158.0,73.6,98.43333333333334,84.33571428571429,99.0
2021-10-20,99.0,24.4,70,0.0,10.5,1702.0,8170.54,4.800552291421857,10,293,post_monsoon,52.3,12.3,125.0,67.75,63.199999999999996,81.29285714285713,66.0
2021-10-21,66.0,23.3,61,0.0,13.4,1282.0,7580.11,5.912722308892356,10,294,post_monsoon,99.0,52.3,12.3,61.9,54.53333333333333,85.75714285714285,45.3
2021-10-22,45.3,23.9,61,0.0,13.4,1306.0,8344.59,6.389425727411945,10,295,post_monsoon,66.0,99.0,52.3,91.8,72.43333333333332,86.34285714285714,53.4
2021-10-23,53.4,23.9,65,0.0,7.8,863.0,5365.83,6.2176477404403245,10,296,post_monsoon,45.3,66.0,99.0,158.0,70.10000000000001,79.7,60.0
2021-10-24,60.0,22.8,70,0.2,8.9,82.0,455.61,5.556219512195122,10,297,post_monsoon,53.4,45.3,66.0,125.0,54.9,64.75714285714285,39.5
2021-10-25,39.5,22.0,78,0.0,6.9,427.0,1996.36,4.675316159250586,10,298,post_monsoon,60.0,53.4,45.3,12.3,52.9,55.471428571428575,67.6
2021-10-26,67.6,20.9,71,0.0,9.8,735.0,3942.88,5.364462585034014,10,299,post_monsoon,39.5,60.0,53.4,52.3,50.96666666666667,59.357142857142854,108.0
2021-10-27,108.0,20.9,64,0.0,10.2,565.0,3430.03,6.070849557522124,10,300,post_monsoon,67.6,39.5,60.0,99.0,55.699999999999996,61.542857142857144,131.0
2021-10-28,131.0,20.6,64,0.0,10.1,1382.0,8922.18,6.455991316931983,10,301,post_monsoon,108.0,67.6,39.5,66.0,71.7,62.82857142857142,142.0
2021-10-29,142.0,21.0,63,0.0,7.2,1733.0,13020.34,7.513179457587998,10,302,post_monsoon,131.0,108.0,67.6,45.3,102.2,72.11428571428571,102.0
2021-10-30,102.0,21.4,56,0.0,11.6,2490.0,17823.63,7.158084337349398,10,303,post_monsoon,142.0,131.0,108.0,53.4,127.0,85.92857142857143,130.0
2021-10-31,130.0,22.2,51,0.0,10.3,3665.0,22997.05,6.274774897680763,10,304,post_monsoon,102.0,142.0,131.0,60.0,125.0,92.87142857142858,112.0
2021-11-01,112.0,22.1,54,0.0,8.1,2660.0,18759.35,7.052387218045112,11,305,post_monsoon,130.0,102.0,142.0,39.5,124.66666666666667,102.87142857142858,127.0
2021-11-02,127.0,21.5,65,0.0,10.5,3090.0,21049.0,6.811974110032362,11,306,post_monsoon,112.0,130.0,102.0,67.6,114.66666666666667,113.22857142857143,147.0
2021-11-03,147.0,21.7,62,0.0,7.5,3229.0,25040.77,7.754961288324559,11,307,post_monsoon,127.0,112.0,130.0,108.0,123.0,121.71428571428571,303.0
2021-11-04,303.0,21.2,64,0.0,6.1,4142.0,38187.19,9.219505070014486,11,308,post_monsoon,147.0,127.0,112.0,131.0,128.66666666666666,127.28571428571429,383.0
2021-11-05,383.0,20.6,63,0.0,8.1,7272.0,50367.19,6.926181243124312,11,309,post_monsoon,303.0,147.0,127.0,142.0,192.33333333333334,151.85714285714286,335.0
2021-11-06,335.0,20.9,57,0.0,12.0,4958.0,42865.75,8.645774505849133,11,310,post_monsoon,383.0,303.0,147.0,102.0,277.6666666666667,186.28571428571428,252.0
2021-11-07,252.0,21.2,60,0.0,10.9,5413.0,47052.65,8.692527249214853,11,311,post_monsoon,335.0,383.0,303.0,130.0,340.3333333333333,219.57142857142858,241.0
2021-11-08,241.0,21.0,60,0.0,9.5,5795.0,43961.06,7.586032786885245,11,312,post_monsoon,252.0,335.0,383.0,112.0,323.3333333333333,237.0,263.0
2021-11-09,263.0,20.9,60,0.0,9.7,5303.0,44917.11,8.47013200075429,11,313,post_monsoon,241.0,252.0,335.0,127.0,276.0,255.42857142857142,217.0
2021-11-10,217.0,20.7,61,0.0,8.6,6303.0,43513.46,6.903610978898937,11,314,post_monsoon,263.0,241.0,252.0,147.0,252.0,274.85714285714283,280.0
2021-11-11,280.0,20.4,61,0.0,7.6,4956.0,36018.05,7.267564568200162,11,315,post_monsoon,217.0,263.0,241.0,303.0,240.33333333333334,284.85714285714283,409.0
2021-11-12,409.0,20.2,60,0.0,8.7,4137.0,34484.02,8.335513657239545,11,316,post_monsoon,280.0,217.0,263.0,383.0,253.33333333333334,281.57142857142856,290.0
2021-11-13,290.0,19.4,58,0.0,8.3,4909.0,38052.85,7.751650030556121,11,317,post_monsoon,409.0,280.0,217.0,335.0,302.0,285.2857142857143,158.0
2021-11-14,158.0,18.6,54,0.0,7.2,3080.0,27269.82,8.853837662337662,11,318,post_monsoon,290.0,409.0,280.0,252.0,326.3333333333333,278.85714285714283,187.0
2021-11-15,187.0,18.5,53,0.0,8.2,2739.0,20085.94,7.333311427528295,11,319,post_monsoon,158.0,290.0,409.0,241.0,285.6666666666667,265.42857142857144,253.0
2021-11-16,253.0,17.9,57,0.0,7.5,2280.0,15253.34,6.690061403508772,11,320,post_monsoon,187.0,158.0,290.0,263.0,211.66666666666666,257.7142857142857,190.0
2021-11-17,190.0,17.7,65,0.0,6.4,937.0,6334.17,6.760053361792957,11,321,post_monsoon,253.0,187.0,158.0,217.0,199.33333333333334,256.2857142857143,175.0
2021-11-18,175.0,19.1,66,0.0,3.3,939.0,6845.24,7.289925452609158,11,322,post_monsoon,190.0,253.0,187.0,280.0,210.0,252.42857142857142,225.0
2021-11-19,225.0,18.7,64,0.0,6.4,852.0,6065.22,7.118802816901408,11,323,post_monsoon,175.0,190.0,253.0,409.0,206.0,237.42857142857142,204.0
2021-11-20,204.0,19.3,58,0.0,6.1,663.0,4210.97,6.351387631975868,11,324,post_monsoon,225.0,175.0,190.0,290.0,196.66666666666666,211.14285714285714,197.0
2021-11-21,197.0,19.0,58,0.0,10.2,774.0,4179.61,5.40001291989664,11,325,post_monsoon,204.0,225.0,175.0,158.0,201.33333333333334,198.85714285714286,153.0
2021-11-22,153.0,18.8,51,0.0,15.8,314.0,1978.78,6.301847133757962,11,326,post_monsoon,197.0,204.0,225.0,187.0,208.66666666666666,204.42857142857142,138.0
2021-11-23,138.0,18.3,55,0.0,12.4,220.0,1422.99,6.468136363636364,11,327,post_monsoon,153.0,197.0,204.0,253.0,184.66666666666666,199.57142857142858,194.0
2021-11-24,194.0,18.6,58,0.0,6.6,184.0,894.36,4.860652173913044,11,328,post_monsoon,138.0,153.0,197.0,190.0,162.66666666666666,183.14285714285714,249.0
2021-11-25,249.0,17.9,70,0.0,6.7,142.0,831.48,5.855492957746479,11,329,post_monsoon,194.0,138.0,153.0,175.0,161.66666666666666,183.71428571428572,258.0
2021-11-26,258.0,18.4,69,0.0,6.3,175.0,629.62,3.597828571428572,11,330,post_monsoon,249.0,194.0,138.0,225.0,193.66666666666666,194.28571428571428,215.0
2021-11-27,215.0,18.8,72,0.0,7.9,199.0,839.63,4.219246231155779,11,331,post_monsoon,258.0,249.0,194.0,204.0,233.66666666666666,199.0,288.0
2021-11-28,288.0,18.9,74,0.0,7.2,91.0,353.37,3.883186813186813,11,332,post_monsoon,215.0,258.0,249.0,197.0,240.66666666666666,200.57142857142858,204.0
2021-11-29,204.0,18.1,64,0.0,9.8,98.0,334.63,3.4145918367346937,11,333,post_monsoon,288.0,215.0,258.0,153.0,253.66666666666666,213.57142857142858,182.0
2021-11-30,182.0,18.0,65,0.0,11.5,74.0,276.62,3.738108108108108,11,334,post_monsoon,204.0,288.0,215.0,138.0,235.66666666666666,220.85714285714286,220.0
2021-12-01,220.0,17.1,73,0.0,6.3,20.0,69.74,3.487,12,335,winter,182.0,204.0,288.0,194.0,224.66666666666666,227.14285714285714,301.0
2021-12-02,301.0,16.4,81,3.9,7.2,31.0,83.48,2.692903225806452,12,336,winter,220.0,182.0,204.0,249.0,202.0,230.85714285714286,215.0
2021-12-03,215.0,17.2,80,0.0,6.4,31.0,94.81,3.0583870967741937,12,337,winter,301.0,220.0,182.0,258.0,234.33333333333334,238.28571428571428,166.0
2021-12-04,166.0,17.4,73,0.0,7.2,72.0,262.51,3.645972222222222,12,338,winter,215.0,301.0,220.0,215.0,245.33333333333334,232.14285714285714,148.0
2021-12-05,148.0,19.0,70,0.5,5.8,28.0,91.17,3.2560714285714285,12,339,winter,166.0,215.0,301.0,288.0,227.33333333333334,225.14285714285714,154.0
2021-12-06,154.0,18.2,79,1.6,7.7,69.0,211.48,3.064927536231884,12,340,winter,148.0,166.0,215.0,204.0,176.33333333333334,205.14285714285714,116.0
2021-12-07,116.0,16.7,71,0.0,11.0,108.0,328.84,3.0448148148148144,12,341,winter,154.0,148.0,166.0,182.0,156.0,198.0,119.0
2021-12-08,119.0,15.5,68,0.0,9.6,107.0,332.22,3.104859813084112,12,342,winter,116.0,154.0,148.0,220.0,139.33333333333334,188.57142857142858,149.0
2021-12-09,149.0,15.1,70,0.0,6.6,44.0,169.28,3.847272727272727,12,343,winter,119.0,116.0,154.0,301.0,129.66666666666666,174.14285714285714,155.0
2021-12-10,155.0,15.4,68,0.0,9.1,62.0,197.47,3.185,12,344,winter,149.0,119.0,116.0,215.0,128.0,152.42857142857142,115.0
2021-12-11,115.0,14.6,65,0.0,10.0,69.0,296.86,4.30231884057971,12,345,winter,155.0,149.0,119.0,166.0,141.0,143.85714285714286,117.0
2021-12-12,117.0,14.5,65,0.0,5.2,145.0,470.27,3.2432413793103447,12,346,winter,115.0,155.0,149.0,148.0,139.66666666666666,136.57142857142858,154.0
2021-12-13,154.0,14.6,66,0.0,4.1,124.0,382.68,3.086129032258065,12,347,winter,117.0,115.0,155.0,154.0,129.0,132.14285714285714,203.0
2021-12-14,203.0,14.9,71,0.0,6.3,70.0,212.31,3.033,12,348,winter,154.0,117.0,115.0,116.0,128.66666666666666,132.14285714285714,196.0
2021-12-15,196.0,14.0,67,0.0,8.4,66.0,214.67,3.252575757575757,12,349,winter,203.0,154.0,117.0,119.0,158.0,144.57142857142858,211.0
2021-12-16,211.0,13.6,70,0.0,8.9,50.0,149.57999999999998,2.9916,12,350,winter,196.0,203.0,154.0,149.0,184.33333333333334,155.57142857142858,163.0
2021-12-17,163.0,12.3,57,0.0,14.2,63.0,207.99,3.301428571428572,12,351,winter,211.0,196.0,203.0,155.0,203.33333333333334,164.42857142857142,158.0
2021-12-18,158.0,11.2,65,0.0,16.2,112.0,474.99,4.240982142857143,12,352,winter,163.0,211.0,196.0,115.0,190.0,165.57142857142858,146.0
2021-12-19,146.0,11.1,63,0.0,14.0,55.0,216.77,3.941272727272728,12,353,winter,158.0,163.0,211.0,117.0,177.33333333333334,171.71428571428572,181.0
2021-12-20,181.0,11.6,67,0.0,9.7,39.0,125.69,3.2228205128205127,12,354,winter,146.0,158.0,163.0,154.0,155.66666666666666,175.85714285714286,227.0
2021-12-21,227.0,12.1,71,0.0,7.3,69.0,243.56,3.5298550724637683,12,355,winter,181.0,146.0,158.0,203.0,161.66666666666666,179.71428571428572,268.0
2021-12-22,268.0,13.3,67,0.0,6.4,106.0,364.2,3.4358490566037734,12,356,winter,227.0,181.0,146.0,196.0,184.66666666666666,183.14285714285714,332.0
2021-12-23,332.0,14.2,72,0.0,7.4,133.0,391.49,2.943533834586466,12,357,winter,268.0,227.0,181.0,211.0,225.33333333333334,193.42857142857142,280.0
2021-12-24,280.0,14.5,75,0.0,7.3,105.0,355.23,3.383142857142857,12,358,winter,332.0,268.0,227.0,163.0,275.6666666666667,210.71428571428572,351.0
2021-12-25,351.0,15.5,72,0.0,5.0,36.0,148.20000000000002,4.116666666666667,12,359,winter,280.0,332.0,268.0,158.0,293.3333333333333,227.42857142857142,369.0
2021-12-26,369.0,15.0,80,4.6,7.5,4.0,6.33,1.5825,12,360,winter,351.0,280.0,332.0,146.0,321.0,255.0,123.0
2021-12-27,123.0,14.9,72,3.2,6.9,39.0,119.56,3.0656410256410256,12,361,winter,369.0,351.0,280.0,181.0,333.3333333333333,286.85714285714283,128.0
2021-12-28,128.0,13.9,78,1.7,5.5,46.0,138.45,3.009782608695652,12,362,winter,123.0,369.0,351.0,227.0,281.0,278.57142857142856,127.0
2021-12-29,127.0,13.0,72,0.0,7.3,83.0,291.53000000000003,3.5124096385542174,12,363,winter,128.0,123.0,369.0,268.0,206.66666666666666,264.42857142857144,154.0
2021-12-30,154.0,10.7,67,0.0,8.5,8.0,25.51,3.18875,12,364,winter,127.0,128.0,123.0,332.0,126.0,244.28571428571428,204.0
2021-12-31,204.0,10.5,71,0.0,8.0,35.0,101.01,2.886,12,365,winter,154.0,127.0,128.0,280.0,136.33333333333334,218.85714285714286,227.0
2022-01-01,227.0,10.9,76,0.0,7.7,65.0,283.76,4.365538461538462,1,1,winter,204.0,154.0,127.0,351.0,161.66666666666666,208.0,270.0
2022-01-02,270.0,11.9,77,0.0,7.3,81.0,258.36,3.18962962962963,1,2,winter,227.0,204.0,154.0,369.0,195.0,190.28571428571428,248.0
2022-01-03,248.0,12.6,75,0.0,8.1,95.0,341.3,3.5926315789473686,1,3,winter,270.0,227.0,204.0,123.0,233.66666666666666,176.14285714285714,205.0
2022-01-04,205.0,14.5,71,0.2,6.6,13.0,64.65,4.973076923076923,1,4,winter,248.0,270.0,227.0,128.0,248.33333333333334,194.0,278.0
2022-01-05,278.0,13.3,86,9.6,10.8,0.0,0.0,0.0,1,5,winter,205.0,248.0,270.0,127.0,241.0,205.0,123.0
2022-01-06,123.0,14.6,83,0.9,12.0,2.0,2.09,1.045,1,6,winter,278.0,205.0,248.0,154.0,243.66666666666666,226.57142857142858,78.6
2022-01-07,78.6,15.6,86,1.9,14.2,1.0,5.29,5.29,1,7,winter,123.0,278.0,205.0,204.0,202.0,222.14285714285714,47.4
2022-01-08,47.4,15.4,90,16.2,15.3,1.0,0.67,0.67,1,8,winter,78.6,123.0,278.0,227.0,159.86666666666667,204.22857142857143,46.1
2022-01-09,46.1,14.1,89,3.6,7.7,0.0,0.0,0.0,1,9,winter,47.4,78.6,123.0,270.0,83.0,178.57142857142858,107.0
2022-01-10,107.0,11.5,82,0.0,8.6,0.0,0.0,0.0,1,10,winter,46.1,47.4,78.6,248.0,57.36666666666667,146.58571428571426,115.0
2022-01-11,115.0,11.5,79,0.0,9.5,2.0,1.43,0.715,1,11,winter,107.0,46.1,47.4,205.0,66.83333333333333,126.44285714285715,125.0
2022-01-12,125.0,11.3,80,0.0,8.3,6.0,11.99,1.9983333333333333,1,12,winter,115.0,107.0,46.1,278.0,89.36666666666667,113.58571428571429,249.0
2022-01-13,249.0,12.3,75,0.0,4.2,10.0,25.75,2.575,1,13,winter,125.0,115.0,107.0,123.0,115.66666666666667,91.72857142857143,226.0
2022-01-14,226.0,10.7,81,0.0,5.7,3.0,11.85,3.95,1,14,winter,249.0,125.0,115.0,78.6,163.0,109.72857142857143,162.0
2022-01-15,162.0,9.9,87,0.0,6.8,2.0,15.21,7.605,1,15,winter,226.0,249.0,125.0,47.4,200.0,130.78571428571428,163.0
2022-01-16,163.0,10.2,86,0.0,6.1,6.0,14.76,2.46,1,16,winter,162.0,226.0,249.0,46.1,212.33333333333334,147.15714285714284,201.0
2022-01-17,201.0,9.7,85,0.0,4.2,3.0,4.97,1.6566666666666665,1,17,winter,163.0,162.0,226.0,107.0,183.66666666666666,163.85714285714286,219.0
2022-01-18,219.0,9.6,88,0.0,8.3,23.0,133.02,5.783478260869566,1,18,winter,201.0,163.0,162.0,115.0,175.33333333333334,177.28571428571428,204.0
2022-01-19,204.0,11.0,89,0.7,6.2,15.0,37.69,2.5126666666666666,1,19,winter,219.0,201.0,163.0,125.0,194.33333333333334,192.14285714285714,274.0
2022-01-20,274.0,13.1,85,0.9,5.5,0.0,0.0,0.0,1,20,winter,204.0,219.0,201.0,249.0,208.0,203.42857142857142,204.0
2022-01-21,204.0,12.2,85,0.0,6.8,4.0,15.11,3.7775,1,21,winter,274.0,204.0,219.0,226.0,232.33333333333334,207.0,151.0
2022-01-22,151.0,13.2,85,22.8,19.7,0.0,0.0,0.0,1,22,winter,204.0,274.0,204.0,162.0,227.33333333333334,203.85714285714286,120.0
2022-01-23,120.0,12.7,86,3.5,8.2,2.0,2.42,1.21,1,23,winter,151.0,204.0,274.0,163.0,209.66666666666666,202.28571428571428,99.5
2022-01-24,99.5,10.7,83,0.6,8.3,5.0,4.0200000000000005,0.804,1,24,winter,120.0,151.0,204.0,201.0,158.33333333333334,196.14285714285714,123.0
2022-01-25,123.0,10.3,80,0.0,8.6,3.0,6.44,2.1466666666666665,1,25,winter,99.5,120.0,151.0,219.0,123.5,181.64285714285714,122.0
2022-01-26,122.0,10.7,81,0.0,10.1,6.0,16.62,2.77,1,26,winter,123.0,99.5,120.0,204.0,114.16666666666667,167.92857142857142,168.0
2022-01-27,168.0,11.5,73,0.0,13.2,12.0,44.02,3.668333333333333,1,27,winter,122.0,123.0,99.5,274.0,114.83333333333333,156.21428571428572,104.0
2022-01-28,104.0,11.6,71,0.0,13.8,35.0,214.35,6.1242857142857146,1,28,winter,168.0,122.0,123.0,204.0,137.66666666666666,141.07142857142858,127.0
2022-01-29,127.0,12.4,73,0.0,9.2,211.0,821.78,3.894691943127962,1,29,winter,104.0,168.0,122.0,151.0,131.33333333333334,126.78571428571429,154.0
2022-01-30,154.0,13.7,72,0.0,14.7,73.0,274.21,3.756301369863013,1,30,winter,127.0,104.0,168.0,120.0,133.0,123.35714285714286,225.0
2022-01-31,225.0,13.6,80,0.0,5.5,46.0,205.8,4.4739130434782615,1,31,winter,154.0,127.0,104.0,99.5,128.33333333333334,128.21428571428572,226.0
2022-02-01,226.0,13.9,85,0.0,8.8,35.0,124.88,3.568,2,32,winter,225.0,154.0,127.0,123.0,168.66666666666666,146.14285714285714,175.0
2022-02-02,175.0,14.2,78,0.0,10.4,41.0,130.98,3.194634146341463,2,33,winter,226.0,225.0,154.0,122.0,201.66666666666666,160.85714285714286,174.0
2022-02-03,174.0,12.7,85,16.6,19.4,7.0,14.4,2.0571428571428574,2,34,winter,175.0,226.0,225.0,168.0,208.66666666666666,168.42857142857142,55.5
2022-02-04,55.5,11.5,84,0.2,13.2,6.0,15.6,2.6,2,35,winter,174.0,175.0,226.0,104.0,191.66666666666666,169.28571428571428,118.0
2022-02-05,118.0,10.9,83,0.0,6.6,6.0,17.09,2.848333333333333,2,36,winter,55.5,174.0,175.0,127.0,134.83333333333334,162.35714285714286,106.0
2022-02-06,106.0,13.7,75,0.0,5.8,11.0,38.53,3.502727272727273,2,37,winter,118.0,55.5,174.0,154.0,115.83333333333333,161.07142857142858,116.0
2022-02-07,116.0,15.2,78,0.0,7.8,36.0,110.51,3.0697222222222225,2,38,winter,106.0,118.0,55.5,225.0,93.16666666666667,154.21428571428572,115.0
2022-02-08,115.0,16.1,81,1.4,5.3,72.0,352.0,4.888888888888889,2,39,winter,116.0,106.0,118.0,226.0,113.33333333333333,138.64285714285714,95.7
2022-02-09,95.7,14.4,83,3.6,8.5,89.0,497.92,5.594606741573034,2,40,winter,115.0,116.0,106.0,175.0,112.33333333333333,122.78571428571429,77.8
2022-02-10,77.8,13.8,75,0.0,10.7,72.0,378.31,5.254305555555556,2,41,winter,95.7,115.0,116.0,174.0,108.89999999999999,111.45714285714287,78.3
2022-02-11,78.3,14.2,65,0.0,15.6,64.0,214.77,3.35578125,2,42,winter,77.8,95.7,115.0,55.5,96.16666666666667,97.71428571428571,79.5
2022-02-12,79.5,14.3,67,0.0,12.9,89.0,401.4,4.510112359550561,2,43,winter,78.3,77.8,95.7,118.0,83.93333333333334,100.97142857142856,109.0
2022-02-13,109.0,14.7,70,0.0,6.9,84.0,348.02,4.1430952380952375,2,44,winter,79.5,78.3,77.8,106.0,78.53333333333335,95.47142857142856,76.5
2022-02-14,76.5,15.5,70,0.0,7.8,317.0,1401.42,4.420883280757098,2,45,winter,109.0,79.5,78.3,116.0,88.93333333333334,95.89999999999999,77.9
2022-02-15,77.9,16.5,65,0.0,6.6,124.0,435.78,3.514354838709677,2,46,winter,76.5,109.0,79.5,115.0,88.33333333333333,90.25714285714285,110.0
2022-02-16,110.0,16.2,69,0.0,8.0,76.0,310.21,4.081710526315789,2,47,winter,77.9,76.5,109.0,95.7,87.8,84.95714285714287,102.0
2022-02-17,102.0,17.3,64,0.0,8.3,89.0,294.98,3.3143820224719103,2,48,winter,110.0,77.9,76.5,77.8,88.13333333333333,87.0,105.0
2022-02-18,105.0,17.3,61,0.0,7.8,93.0,350.84,3.7724731182795694,2,49,winter,102.0,110.0,77.9,78.3,96.63333333333333,90.45714285714287,74.8
2022-02-19,74.8,16.6,61,0.0,11.9,100.0,408.35,4.0835,2,50,winter,105.0,102.0,110.0,79.5,105.66666666666667,94.27142857142857,81.5
2022-02-20,81.5,17.2,57,0.0,16.0,111.0,360.91,3.251441441441441,2,51,winter,74.8,105.0,102.0,109.0,93.93333333333334,93.60000000000001,64.9
2022-02-21,64.9,17.5,54,0.0,9.1,73.0,326.8,4.476712328767124,2,52,winter,81.5,74.8,105.0,76.5,87.10000000000001,89.67142857142858,86.1
2022-02-22,86.1,18.6,56,0.0,20.7,35.0,161.53,4.615142857142857,2,53,winter,64.9,81.5,74.8,77.9,73.73333333333333,88.01428571428572,110.0
2022-02-23,110.0,18.6,68,0.0,14.2,21.0,56.04,2.6685714285714286,2,54,winter,86.1,64.9,81.5,110.0,77.5,89.18571428571428,136.0
2022-02-24,136.0,18.2,72,0.0,7.0,57.0,178.61,3.1335087719298245,2,55,winter,110.0,86.1,64.9,102.0,87.0,89.18571428571428,136.0
2022-02-25,136.0,18.6,68,0.0,8.1,53.0,185.89,3.507358490566037,2,56,winter,136.0,110.0,86.1,105.0,110.7,94.04285714285713,28.7
2022-02-26,28.7,17.8,69,1.5,17.6,13.0,19.86,1.5276923076923077,2,57,winter,136.0,136.0,110.0,74.8,127.33333333333333,98.47142857142856,30.0
2022-02-27,30.0,17.1,64,0.0,10.5,19.0,73.46,3.866315789473684,2,58,winter,28.7,136.0,136.0,81.5,100.23333333333333,91.88571428571429,39.4
2022-02-28,39.4,16.4,63,0.0,12.1,23.0,83.19,3.61695652173913,2,59,winter,30.0,28.7,136.0,64.9,64.89999999999999,84.52857142857144,81.8
2022-03-01,81.8,17.1,65,0.0,8.5,56.0,219.31,3.91625,3,60,summer,39.4,30.0,28.7,86.1,32.699999999999996,80.88571428571427,104.0
2022-03-02,104.0,18.5,62,0.0,6.4,126.0,434.78,3.4506349206349203,3,61,summer,81.8,39.4,30.0,110.0,50.4,80.27142857142857,67.3
2022-03-03,67.3,19.5,63,1.6,6.3,26.0,68.09,2.618846153846154,3,62,summer,104.0,81.8,39.4,136.0,75.06666666666666,79.41428571428571,78.3
2022-03-04,78.3,18.8,70,0.0,13.6,55.0,157.59,2.8652727272727274,3,63,summer,67.3,104.0,81.8,136.0,84.36666666666667,69.6,50.9
2022-03-05,50.9,18.9,65,0.0,15.0,31.0,94.69,3.0545161290322578,3,64,summer,78.3,67.3,104.0,28.7,83.2,61.357142857142854,69.1
2022-03-06,69.1,19.6,63,0.0,7.6,3.0,7.01,2.3366666666666664,3,65,summer,50.9,78.3,67.3,30.0,65.5,64.52857142857142,88.0
2022-03-07,88.0,20.9,60,0.0,7.1,44.0,159.91,3.634318181818182,3,66,summer,69.1,50.9,78.3,39.4,66.1,70.11428571428571,108.0
2022-03-08,108.0,21.5,57,0.0,9.9,69.0,296.26,4.293623188405797,3,67,summer,88.0,69.1,50.9,81.8,69.33333333333333,77.05714285714285,55.2
2022-03-09,55.2,22.1,51,0.0,11.0,48.0,242.5,5.052083333333333,3,68,summer,108.0,88.0,69.1,104.0,88.36666666666667,80.8,59.5
2022-03-10,59.5,22.2,51,0.0,12.3,66.0,325.82,4.9366666666666665,3,69,summer,55.2,108.0,88.0,67.3,83.73333333333333,73.82857142857142,77.8
2022-03-11,77.8,22.0,57,0.0,12.8,67.0,288.78,4.310149253731343,3,70,summer,59.5,55.2,108.0,78.3,74.23333333333333,72.71428571428571,74.7
2022-03-12,74.7,22.2,54,0.0,12.0,70.0,343.51,4.907285714285714,3,71,summer,77.8,59.5,55.2,50.9,64.16666666666667,72.64285714285714,81.2
2022-03-13,81.2,23.5,59,0.0,11.1,76.0,282.39,3.7156578947368417,3,72,summer,74.7,77.8,59.5,69.1,70.66666666666667,76.04285714285713,104.0
2022-03-14,104.0,24.2,64,0.0,8.3,47.0,203.14,4.322127659574468,3,73,summer,81.2,74.7,77.8,88.0,77.9,77.77142857142857,108.0
2022-03-15,108.0,26.1,64,0.0,9.9,41.0,154.64,3.771707317073171,3,74,summer,104.0,81.2,74.7,108.0,86.63333333333333,80.05714285714285,86.4
2022-03-16,86.4,27.0,58,0.0,15.7,77.0,578.88,7.517922077922078,3,75,summer,108.0,104.0,81.2,55.2,97.73333333333335,80.05714285714285,106.0
2022-03-17,106.0,26.5,64,0.0,7.8,56.0,304.43,5.43625,3,76,summer,86.4,108.0,104.0,59.5,99.46666666666665,84.51428571428572,119.0
2022-03-18,119.0,27.3,66,0.0,9.1,40.0,194.27,4.85675,3,77,summer,106.0,86.4,108.0,77.8,100.13333333333333,91.15714285714286,92.7
2022-03-19,92.7,27.8,60,0.0,7.1,51.0,199.7,3.915686274509804,3,78,summer,119.0,106.0,86.4,74.7,103.8,97.04285714285716,83.2
2022-03-20,83.2,28.1,48,0.0,9.4,41.0,130.06,3.17219512195122,3,79,summer,92.7,119.0,106.0,81.2,105.89999999999999,99.61428571428571,117.0
2022-03-21,117.0,27.8,45,0.0,10.1,69.0,525.77,7.619855072463768,3,80,summer,83.2,92.7,119.0,104.0,98.3,99.89999999999999,71.9
2022-03-22,71.9,27.8,43,0.0,17.3,58.0,366.35,6.316379310344827,3,81,summer,117.0,83.2,92.7,108.0,97.63333333333333,101.75714285714285,77.0
2022-03-23,77.0,27.5,38,0.0,9.9,62.0,398.73,6.431129032258065,3,82,summer,71.9,117.0,83.2,86.4,90.7,96.6,71.8
2022-03-24,71.8,27.4,37,0.0,12.0,64.0,224.59,3.50921875,3,83,summer,77.0,71.9,117.0,106.0,88.63333333333333,95.25714285714285,76.9
2022-03-25,76.9,26.8,31,0.0,12.5,55.0,218.79,3.978,3,84,summer,71.8,77.0,71.9,119.0,73.56666666666666,90.37142857142858,85.0
2022-03-26,85.0,27.2,30,0.0,17.5,65.0,240.71,3.703230769230769,3,85,summer,76.9,71.8,77.0,92.7,75.23333333333333,84.35714285714286,71.4
2022-03-27,71.4,28.0,28,0.0,14.4,101.0,716.26,7.091683168316831,3,86,summer,85.0,76.9,71.8,83.2,77.89999999999999,83.25714285714285,115.0
2022-03-28,115.0,28.9,28,0.0,9.1,91.0,452.71,4.974835164835165,3,87,summer,71.4,85.0,76.9,117.0,77.76666666666667,81.57142857142857,72.9
2022-03-29,72.9,29.1,27,0.0,11.7,101.0,376.92,3.731881188118812,3,88,summer,115.0,71.4,85.0,71.9,90.46666666666668,81.28571428571429,91.7
2022-03-30,91.7,29.4,28,0.0,7.4,66.0,269.38,4.081515151515151,3,89,summer,72.9,115.0,71.4,77.0,86.43333333333334,81.42857142857143,121.0
2022-03-31,121.0,29.5,38,0.0,8.3,69.0,208.93,3.0279710144927536,3,90,summer,91.7,72.9,115.0,71.8,93.2,83.52857142857144,72.7
2022-04-01,72.7,28.9,26,0.0,13.9,75.0,328.36,4.378133333333333,4,91,summer,121.0,91.7,72.9,76.9,95.2,90.55714285714285,95.6
2022-04-02,95.6,28.9,24,0.0,8.6,103.0,271.3,2.633980582524272,4,92,summer,72.7,121.0,91.7,85.0,95.13333333333334,89.95714285714287,86.9
2022-04-03,86.9,30.1,19,0.0,9.9,186.0,528.32,2.840430107526882,4,93,summer,95.6,72.7,121.0,71.4,96.43333333333334,91.47142857142856,96.7
2022-04-04,96.7,29.1,18,0.0,12.8,166.0,508.25,3.0617469879518078,4,94,summer,86.9,95.6,72.7,115.0,85.06666666666666,93.6857142857143,101.0
2022-04-05,101.0,29.4,20,0.0,10.7,92.0,328.85,3.57445652173913,4,95,summer,96.7,86.9,95.6,72.9,93.06666666666668,91.07142857142857,101.0
2022-04-06,101.0,30.2,19,0.0,12.2,140.0,476.38,3.4027142857142856,4,96,summer,101.0,96.7,86.9,91.7,94.86666666666667,95.08571428571429,118.0
2022-04-07,118.0,31.0,18,0.0,11.2,105.0,343.62,3.2725714285714287,4,97,summer,101.0,101.0,96.7,121.0,99.56666666666668,96.41428571428571,83.0
2022-04-08,83.0,32.1,16,0.0,11.1,154.0,675.01,4.383181818181818,4,98,summer,118.0,101.0,101.0,72.7,106.66666666666667,95.98571428571428,82.8
2022-04-09,82.8,32.9,16,0.0,10.4,193.0,624.9,3.2378238341968912,4,99,summer,83.0,118.0,101.0,95.6,100.66666666666667,97.45714285714284,94.7
2022-04-10,94.7,33.3,16,0.0,15.1,154.0,745.15,4.838636363636364,4,100,summer,82.8,83.0,118.0,86.9,94.60000000000001,95.62857142857145,94.4
2022-04-11,94.4,32.9,18,0.0,11.0,77.0,336.07,4.364545454545454,4,101,summer,94.7,82.8,83.0,96.7,86.83333333333333,96.74285714285713,75.2
2022-04-12,75.2,32.3,20,0.0,10.0,22.0,59.55,2.706818181818182,4,102,summer,94.4,94.7,82.8,101.0,90.63333333333333,96.41428571428573,92.8
2022-04-13,92.8,32.5,20,0.0,10.2,144.0,706.19,4.904097222222223,4,103,summer,75.2,94.4,94.7,101.0,88.10000000000001,92.72857142857143,71.3
2022-04-14,71.3,31.8,18,0.0,13.4,112.0,377.79,3.3731250000000004,4,104,summer,92.8,75.2,94.4,118.0,87.46666666666665,91.55714285714286,62.1
2022-04-15,62.1,31.1,20,0.0,10.5,132.0,314.74,2.3843939393939397,4,105,summer,71.3,92.8,75.2,83.0,79.76666666666667,84.88571428571429,84.8
2022-04-16,84.8,31.7,19,0.0,8.5,227.0,822.24,3.622202643171806,4,106,summer,62.1,71.3,92.8,82.8,75.4,81.9,95.3
2022-04-17,95.3,32.0,19,0.0,9.3,225.0,948.61,4.216044444444445,4,107,summer,84.8,62.1,71.3,94.7,72.73333333333333,82.18571428571428,91.5
2022-04-18,91.5,32.7,21,0.0,8.1,398.0,2004.11,5.035452261306533,4,108,summer,95.3,84.8,62.1,94.4,80.73333333333333,82.27142857142857,111.0
2022-04-19,111.0,34.1,17,0.0,15.1,514.0,2064.28,4.016108949416343,4,109,summer,91.5,95.3,84.8,75.2,90.53333333333332,81.85714285714286,95.5
2022-04-20,95.5,33.9,17,0.0,15.8,374.0,2261.61,6.047085561497327,4,110,summer,111.0,91.5,95.3,92.8,99.26666666666667,86.97142857142856,86.3
2022-04-21,86.3,31.5,23,0.0,13.3,140.0,930.68,6.647714285714286,4,111,summer,95.5,111.0,91.5,71.3,99.33333333333333,87.35714285714286,60.1
2022-04-22,60.1,30.9,28,0.0,10.2,464.0,2014.87,4.34239224137931,4,112,summer,86.3,95.5,111.0,62.1,97.59999999999998,89.5,102.0
2022-04-23,102.0,31.6,20,0.0,9.7,807.0,3834.68,4.75177199504337,4,113,summer,60.1,86.3,95.5,84.8,80.63333333333333,89.21428571428571,128.0
2022-04-24,128.0,32.1,19,0.0,15.9,1445.0,10253.14,7.095598615916955,4,114,summer,102.0,60.1,86.3,95.3,82.8,91.67142857142858,93.6
2022-04-25,93.6,33.0,20,0.0,13.0,609.0,3437.41,5.644351395730705,4,115,summer,128.0,102.0,60.1,91.5,96.7,96.34285714285716,94.8
2022-04-26,94.8,33.0,20,0.0,12.1,1177.0,7498.28,6.370671197960918,4,116,summer,93.6,128.0,102.0,111.0,107.86666666666667,96.64285714285714,150.0
2022-04-27,150.0,33.2,17,0.0,11.0,2468.0,16936.43,6.862410858995138,4,117,summer,94.8,93.6,128.0,95.5,105.46666666666665,94.32857142857144,161.0
2022-04-28,161.0,34.9,16,0.0,10.8,2422.0,18535.67,7.653042939719239,4,118,summer,150.0,94.8,93.6,86.3,112.8,102.11428571428571,121.0
2022-04-29,121.0,35.8,14,0.0,14.7,2536.0,25322.71,9.98529574132492,4,119,summer,161.0,150.0,94.8,60.1,135.26666666666665,112.78571428571429,105.0
2022-04-30,105.0,35.7,14,0.0,12.1,1970.0,17316.82,8.790263959390863,4,120,summer,121.0,161.0,150.0,102.0,144.0,121.48571428571427,73.0
2022-05-01,73.0,33.0,31,0.0,15.5,1728.0,13313.14,7.704363425925925,5,121,summer,105.0,121.0,161.0,128.0,129.0,121.9142857142857,66.1
2022-05-02,66.1,32.6,37,0.0,15.2,2952.0,14172.83,4.801094173441735,5,122,summer,73.0,105.0,121.0,93.6,99.66666666666667,114.05714285714284,88.3
2022-05-03,88.3,32.8,42,0.1,11.3,1013.0,4294.95,4.239832181638697,5,123,summer,66.1,73.0,105.0,94.8,81.36666666666666,110.12857142857142,71.7
2022-05-04,71.7,31.0,47,0.2,11.0,1463.0,9801.83,6.699815447710185,5,124,summer,88.3,66.1,73.0,150.0,75.8,109.2,63.6
2022-05-05,63.6,30.6,47,0.0,7.8,1944.0,13326.17,6.855025720164609,5,125,summer,71.7,88.3,66.1,161.0,75.36666666666666,98.01428571428572,109.0
2022-05-06,109.0,32.3,33,0.0,7.1,787.0,6436.11,8.178030495552731,5,126,summer,63.6,71.7,88.3,121.0,74.53333333333332,84.1,67.8
2022-05-07,67.8,32.8,30,0.0,8.2,1914.0,13764.42,7.191442006269592,5,127,summer,109.0,63.6,71.7,105.0,81.43333333333332,82.38571428571429,76.8
2022-05-08,76.8,33.0,34,0.0,12.0,2274.0,10249.4,4.507211961301671,5,128,summer,67.8,109.0,63.6,73.0,80.13333333333333,77.07142857142857,61.9
2022-05-09,61.9,33.3,44,0.0,14.7,767.0,3883.62,5.063389830508474,5,129,summer,76.8,67.8,109.0,66.1,84.53333333333332,77.61428571428571,63.9
2022-05-10,63.9,33.4,45,0.0,11.8,897.0,5011.41,5.5868561872909694,5,130,summer,61.9,76.8,67.8,88.3,68.83333333333333,77.0142857142857,63.032
2022-05-11,63.032,34.1,44,0.0,11.6,236.0,1455.71,6.168262711864407,5,131,summer,63.9,61.9,76.8,71.7,67.53333333333332,73.52857142857144,62.164
2022-06-11,64.1,37.2,20,0.0,19.3,226.0,1043.36,4.616637168141592,6,162,summer,78.8,65.3,52.0,42.2,65.36666666666666,66.04285714285714,70.0
2022-06-12,70.0,36.6,23,0.0,15.1,99.0,485.87,4.907777777777778,6,163,summer,64.1,78.8,65.3,86.0,69.39999999999999,69.17142857142856,46.0
2022-06-13,46.0,37.3,26,0.0,19.3,213.0,1113.5,5.227699530516432,6,164,summer,70.0,64.1,78.8,74.66666666666667,70.96666666666665,66.88571428571429,53.4
2022-06-14,53.4,34.7,39,0.0,22.9,276.0,1112.68,4.031449275362319,6,165,summer,46.0,70.0,64.1,63.33333333333333,60.033333333333324,62.790476190476184,27.8
2022-06-15,27.8,35.7,40,0.0,20.1,221.0,1055.72,4.777013574660634,6,166,summer,53.4,46.0,70.0,52.0,56.46666666666666,61.371428571428574,27.3
2022-06-16,27.3,34.2,44,0.7,12.1,343.0,1752.66,5.109795918367348,6,167,summer,27.8,53.4,46.0,65.3,42.39999999999999,57.91428571428571,23.5
2022-06-17,23.5,29.9,64,11.6,9.6,7.0,17.65,2.521428571428572,6,168,summer,27.3,27.8,53.4,78.8,36.16666666666666,52.48571428571428,27.9
2022-06-18,27.9,29.7,65,0.9,8.4,0.0,0.0,0.0,6,169,summer,23.5,27.3,27.8,64.1,26.19999999999999,44.58571428571428,31.5
2022-06-19,31.5,26.6,82,9.9,9.7,11.0,14.94,1.3581818181818182,6,170,summer,27.9,23.5,27.3,70.0,26.233333333333324,39.41428571428572,35.2
2022-06-20,35.2,27.5,73,0.1,5.8,66.0,325.45,4.931060606060606,6,171,summer,31.5,27.9,23.5,46.0,27.633333333333326,33.91428571428572,35.2
2022-06-21,35.2,27.9,72,9.3,6.1,3.0,1.6,0.5333333333333333,6,172,summer,35.2,31.5,27.9,53.4,31.53333333333332,32.371428571428574,45.5
2022-06-22,45.5,29.5,65,13.0,7.6,13.0,28.33,2.1792307692307693,6,173,summer,35.2,35.2,31.5,27.8,33.96666666666666,29.771428571428572,51.3
2022-06-23,51.3,31.1,52,0.0,13.1,55.0,224.29,4.078,6,174,summer,45.5,35.2,35.2,27.3,38.633333333333326,32.3,61.6
2022-06-24,61.6,30.9,45,0.0,11.8,209.0,875.93,4.191052631578947,6,175,summer,51.3,45.5,35.2,23.5,43.99999999999999,35.728571428571435,66.7
2022-06-25,66.7,32.5,40,0.0,6.3,281.0,1119.8,3.985053380782918,6,176,summer,61.6,51.3,45.5,27.9,52.79999999999999,41.17142857142858,69.1
2022-06-26,69.1,33.6,51,0.0,13.8,208.0,967.13,4.649663461538461,6,177,summer,66.7,61.6,51.3,31.5,59.86666666666665,46.714285714285715,48.6
2022-06-27,48.6,34.3,54,0.0,12.3,232.0,942.39,4.062025862068966,6,178,summer,69.1,66.7,61.6,35.2,65.8,52.08571428571428,62.8
2022-06-28,62.8,34.2,56,0.9,11.2,1.0,0.61,0.61,6,179,summer,48.6,69.1,66.7,35.2,61.46666666666665,54.0,55.3
2022-06-29,55.3,33.9,58,0.0,14.1,104.0,395.46,3.8025,6,180,summer,62.8,48.6,69.1,45.5,60.16666666666666,57.94285714285714,32.1
2022-06-30,32.1,28.6,79,1.4,9.0,25.0,153.21,6.1284,6,181,summer,55.3,62.8,48.6,51.3,55.566666666666656,59.34285714285714,22.9
2022-07-01,22.9,28.1,81,1.0,5.4,1.0,0.94,0.94,7,182,monsoon,32.1,55.3,62.8,61.6,50.06666666666666,56.6,31.6
2022-07-02,31.6,29.9,74,2.3,9.0,16.0,44.25,2.765625,7,183,monsoon,22.9,32.1,55.3,66.7,36.76666666666665,51.07142857142857,20.4
2022-07-03,20.4,29.2,81,4.5,9.3,4.0,13.62,3.405,7,184,monsoon,31.6,22.9,32.1,69.1,28.866666666666656,46.05714285714286,51.6
2022-07-04,51.6,30.7,75,15.5,4.5,86.0,443.67,5.158953488372093,7,185,monsoon,20.4,31.6,22.9,48.6,24.966666666666658,39.1,54.1
2022-07-05,54.1,32.0,70,0.2,10.3,63.0,330.49,5.245873015873016,7,186,monsoon,51.6,20.4,31.6,62.8,34.533333333333324,39.528571428571425,44.0
2022-07-06,44.0,30.8,75,4.0,13.2,2.0,1.3,0.65,7,187,monsoon,54.1,51.6,20.4,55.3,42.033333333333324,38.285714285714285,33.6
2022-07-07,33.6,31.5,70,0.5,12.4,16.0,85.01,5.313125,7,188,monsoon,44.0,54.1,51.6,32.1,49.9,36.67142857142857,28.5
2022-07-08,28.5,32.6,63,0.1,11.2,29.0,97.83,3.373448275862069,7,189,monsoon,33.6,44.0,54.1,22.9,43.9,36.885714285714286,36.7
2022-07-09,36.7,31.0,69,1.2,12.4,2.0,10.33,5.165,7,190,monsoon,28.5,33.6,44.0,31.6,35.36666666666665,37.68571428571429,27.0
2022-07-10,27.0,29.5,77,7.5,7.3,3.0,5.09,1.6966666666666663,7,191,monsoon,36.7,28.5,33.6,20.4,32.93333333333333,38.41428571428571,34.1
2022-07-11,34.1,31.2,71,0.1,5.0,27.0,168.49,6.24037037037037,7,192,monsoon,27.0,36.7,28.5,51.6,30.73333333333333,39.357142857142854,20.3
2022-07-12,20.3,31.2,71,2.7,7.1,16.0,53.43,3.339375,7,193,monsoon,34.1,27.0,36.7,54.1,32.599999999999994,36.857142857142854,30.0
2022-07-13,30.0,30.9,74,0.2,8.4,23.0,64.7,2.813043478260869,7,194,monsoon,20.3,34.1,27.0,44.0,27.133333333333326,32.02857142857143,25.3
2022-07-14,25.3,29.9,77,10.6,11.3,4.0,12.72,3.18,7,195,monsoon,30.0,20.3,34.1,33.6,28.133333333333326,30.028571428571432,21.7
2022-07-15,21.7,31.4,68,2.6,15.6,3.0,8.26,2.7533333333333334,7,196,monsoon,25.3,30.0,20.3,28.5,25.19999999999999,28.84285714285715,20.5
2022-07-16,20.5,29.6,75,20.5,9.3,0.0,0.0,0.0,7,197,monsoon,21.7,25.3,30.0,36.7,25.666666666666657,27.871428571428574,23.0
2022-07-17,23.0,29.6,80,10.3,9.2,6.0,10.78,1.7966666666666666,7,198,monsoon,20.5,21.7,25.3,27.0,22.49999999999999,25.557142857142857,33.0
2022-07-18,33.0,30.9,76,3.2,6.0,15.0,43.09,2.8726666666666665,7,199,monsoon,23.0,20.5,21.7,34.1,21.733333333333324,24.985714285714288,33.5
2022-07-19,33.5,31.0,75,1.7,7.2,8.0,25.16,3.145,7,200,monsoon,33.0,23.0,20.5,20.3,25.49999999999999,24.82857142857143,11.1
2022-07-20,11.1,28.9,83,26.9,9.9,5.0,17.87,3.5740000000000003,7,201,monsoon,33.5,33.0,23.0,30.0,29.833333333333325,26.714285714285715,32.4
2022-07-21,32.4,27.8,84,16.5,4.6,0.0,0.0,0.0,7,202,monsoon,11.1,33.5,33.0,25.3,25.866666666666656,24.014285714285712,46.5
2022-07-22,46.5,27.8,86,5.0,6.9,1.0,1.83,1.83,7,203,monsoon,32.4,11.1,33.5,21.7,25.666666666666657,25.028571428571432,22.3
2022-07-23,22.3,27.7,85,15.4,13.5,0.0,0.0,0.0,7,204,monsoon,46.5,32.4,11.1,20.5,29.99999999999999,28.571428571428573,19.4
2022-07-24,19.4,28.9,81,7.8,15.1,2.0,2.42,1.21,7,205,monsoon,22.3,46.5,32.4,23.0,33.73333333333333,28.82857142857143,19.5
2022-07-25,19.5,28.7,79,9.9,15.7,3.0,6.96,2.32,7,206,monsoon,19.4,22.3,46.5,33.0,29.39999999999999,28.314285714285713,23.4
2022-07-26,23.4,28.2,79,2.8,14.4,3.0,21.38,7.126666666666666,7,207,monsoon,19.5,19.4,22.3,33.5,20.39999999999999,26.385714285714283,21.8
2022-07-27,21.8,28.3,81,4.9,12.8,0.0,0.0,0.0,7,208,monsoon,23.4,19.5,19.4,11.1,20.766666666666655,24.942857142857143,15.9
2022-07-28,15.9,27.6,86,21.8,5.7,0.0,0.0,0.0,7,209,monsoon,21.8,23.4,19.5,32.4,21.566666666666652,26.47142857142857,15.0
2022-07-29,15.0,27.3,87,16.9,6.9,0.0,0.0,0.0,7,210,monsoon,15.9,21.8,23.4,46.5,20.366666666666656,24.114285714285717,15.5
2022-07-30,15.5,27.7,86,4.9,5.6,0.0,0.0,0.0,7,211,monsoon,15.0,15.9,21.8,22.3,17.56666666666666,19.614285714285717,18.4
2022-07-31,18.4,28.4,81,1.0,6.8,0.0,0.0,0.0,7,212,monsoon,15.5,15.0,15.9,19.4,15.466666666666656,18.642857142857142,17.3
2022-08-01,17.3,27.8,84,10.0,6.6,0.0,0.0,0.0,8,213,monsoon,18.4,15.5,15.0,19.5,16.29999999999999,18.5,21.9
2022-08-02,21.9,29.3,78,0.3,9.4,0.0,0.0,0.0,8,214,monsoon,17.3,18.4,15.5,23.4,17.06666666666666,18.185714285714287,37.6
2022-08-03,37.6,29.1,80,0.6,7.5,0.0,0.0,0.0,8,215,monsoon,21.9,17.3,18.4,21.8,19.19999999999999,17.97142857142857,41.1
2022-08-04,41.1,28.1,85,1.7,8.1,0.0,0.0,0.0,8,216,monsoon,37.6,21.9,17.3,15.9,25.599999999999994,20.22857142857143,28.3
2022-08-05,28.3,27.6,86,5.7,8.3,0.0,0.0,0.0,8,217,monsoon,41.1,37.6,21.9,15.0,33.533333333333324,23.82857142857143,45.3
2022-08-06,45.3,28.7,83,1.9,3.9,0.0,0.0,0.0,8,218,monsoon,28.3,41.1,37.6,15.5,35.66666666666666,25.728571428571428,35.6
2022-08-07,35.6,27.7,85,18.6,7.7,0.0,0.0,0.0,8,219,monsoon,45.3,28.3,41.1,18.4,38.23333333333333,29.985714285714288,34.2
2022-08-08,34.2,29.0,80,0.2,5.9,0.0,0.0,0.0,8,220,monsoon,35.6,45.3,28.3,17.3,36.399999999999984,32.44285714285714,37.2
2022-08-09,37.2,30.3,77,0.4,9.7,0.0,0.0,0.0,8,221,monsoon,34.2,35.6,45.3,21.9,38.36666666666665,34.85714285714286,18.8
2022-08-10,18.8,30.9,72,0.4,10.6,0.0,0.0,0.0,8,222,monsoon,37.2,34.2,35.6,37.6,35.66666666666666,37.042857142857144,13.4
2022-08-11,13.4,27.8,82,3.8,17.3,6.0,14.39,2.398333333333333,8,223,monsoon,18.8,37.2,34.2,41.1,30.066666666666663,34.357142857142854,16.6
2022-08-12,16.6,29.3,72,0.2,15.8,7.0,21.93,3.132857142857143,8,224,monsoon,13.4,18.8,37.2,28.3,23.133333333333326,30.400000000000002,23.6
2022-08-13,23.6,29.4,75,0.8,13.4,11.0,34.98,3.18,8,225,monsoon,16.6,13.4,18.8,45.3,16.26666666666666,28.72857142857143,19.4
2022-08-14,19.4,27.9,85,5.5,7.3,7.0,27.72,3.96,8,226,monsoon,23.6,16.6,13.4,35.6,17.86666666666666,25.62857142857143,15.1
2022-08-15,15.1,27.9,82,1.6,11.2,2.0,9.02,4.51,8,227,monsoon,19.4,23.6,16.6,34.2,19.86666666666666,23.314285714285717,13.4
2022-08-16,13.4,27.4,79,8.4,22.3,5.0,16.3,3.26,8,228,monsoon,15.1,19.4,23.6,37.2,19.366666666666656,20.585714285714285,9.23
2022-08-17,9.23,28.3,75,0.3,16.4,3.0,5.29,1.7633333333333334,8,229,monsoon,13.4,15.1,19.4,18.8,15.96666666666666,17.185714285714287,17.2
2022-08-18,17.2,29.2,73,0.8,9.1,6.0,19.35,3.225,8,230,monsoon,9.23,13.4,15.1,13.4,12.576666666666659,15.81857142857143,12.8
2022-08-19,12.8,29.9,71,0.5,12.8,15.0,59.63,3.975333333333333,8,231,monsoon,17.2,9.23,13.4,16.6,13.276666666666657,16.361428571428572,26.3
2022-08-20,26.3,27.8,81,6.8,6.6,4.0,14.33,3.5825,8,232,monsoon,12.8,17.2,9.23,23.6,13.076666666666659,15.81857142857143,39.8
2022-08-21,39.8,29.4,76,0.3,6.7,12.0,70.94,5.911666666666666,8,233,monsoon,26.3,12.8,17.2,19.4,18.76666666666666,16.204285714285714,29.5
2022-08-22,29.5,29.2,77,6.5,9.9,17.0,51.2,3.011764705882353,8,234,monsoon,39.8,26.3,12.8,15.1,26.299999999999994,19.118571428571425,21.1
2022-08-23,21.1,29.3,71,1.2,22.5,5.0,26.99,5.398,8,235,monsoon,29.5,39.8,26.3,13.4,31.866666666666656,21.17571428571429,15.8
2022-08-24,15.8,28.3,76,0.7,13.0,3.0,8.46,2.8200000000000003,8,236,monsoon,21.1,29.5,39.8,9.23,30.133333333333326,22.275714285714287,24.0
2022-08-25,24.0,29.1,73,0.5,5.0,9.0,20.61,2.29,8,237,monsoon,15.8,21.1,29.5,17.2,22.133333333333326,23.214285714285715,26.1
2022-08-26,26.1,30.2,65,0.5,10.9,3.0,8.25,2.75,8,238,monsoon,24.0,15.8,21.1,12.8,20.299999999999994,24.185714285714283,28.4
2022-08-27,28.4,30.6,61,1.2,16.4,7.0,23.9,3.414285714285714,8,239,monsoon,26.1,24.0,15.8,26.3,21.966666666666658,26.08571428571429,32.1
2022-08-28,32.1,31.0,55,0.1,15.4,2.0,4.21,2.105,8,240,monsoon,28.4,26.1,24.0,39.8,26.166666666666657,26.385714285714283,39.7
2022-08-29,39.7,30.1,61,0.6,8.2,8.0,25.76,3.22,8,241,monsoon,32.1,28.4,26.1,29.5,28.86666666666666,25.285714285714285,40.5
2022-08-30,40.5,30.5,68,0.0,5.8,17.0,44.97,2.6452941176470586,8,242,monsoon,39.7,32.1,28.4,21.1,33.39999999999999,26.74285714285714,37.8
2022-08-31,37.8,31.4,61,0.2,9.3,3.0,13.35,4.45,8,243,monsoon,40.5,39.7,32.1,15.8,37.43333333333333,29.514285714285712,37.3
2022-09-01,37.3,31.8,60,0.5,8.8,3.0,20.35,6.783333333333334,9,244,monsoon,37.8,40.5,39.7,24.0,39.33333333333332,32.65714285714286,35.5
2022-09-02,35.5,31.9,58,0.0,6.8,6.0,49.34,8.223333333333334,9,245,monsoon,37.3,37.8,40.5,26.1,38.533333333333324,34.55714285714286,26.5
2022-09-03,26.5,32.0,52,0.0,12.6,10.0,39.62,3.962,9,246,monsoon,35.5,37.3,37.8,28.4,36.86666666666665,35.9,18.0
2022-09-04,18.0,32.1,51,0.0,15.3,30.0,115.87,3.862333333333333,9,247,monsoon,26.5,35.5,37.3,32.1,33.09999999999999,35.628571428571426,14.4
2022-09-05,14.4,31.4,53,0.0,9.4,12.0,22.77,1.8975,9,248,monsoon,18.0,26.5,35.5,39.7,26.666666666666657,33.614285714285714,28.9
2022-09-06,28.9,31.7,52,0.0,7.1,8.0,26.16,3.27,9,249,monsoon,14.4,18.0,26.5,40.5,19.633333333333322,30.0,37.1
2022-09-07,37.1,32.0,53,0.0,7.4,11.0,50.62,4.601818181818182,9,250,monsoon,28.9,14.4,18.0,37.8,20.433333333333323,28.342857142857138,52.1
2022-09-08,52.1,31.8,53,0.0,6.5,8.0,25.92,3.24,9,251,monsoon,37.1,28.9,14.4,37.3,26.799999999999994,28.24285714285714,52.1
2022-09-09,52.1,31.5,63,0.2,8.0,28.0,83.5,2.982142857142857,9,252,monsoon,52.1,37.1,28.9,35.5,39.36666666666665,30.357142857142858,46.7
2022-09-10,46.7,30.2,69,3.1,9.4,39.0,162.39,4.163846153846154,9,253,monsoon,52.1,52.1,37.1,26.5,47.099999999999994,32.72857142857143,28.1
2022-09-11,28.1,29.7,68,3.7,10.1,6.0,32.21,5.368333333333333,9,254,monsoon,46.7,52.1,52.1,18.0,50.29999999999999,35.614285714285714,17.4
2022-09-12,17.4,30.2,64,1.0,10.6,10.0,68.25,6.825,9,255,monsoon,28.1,46.7,52.1,14.4,42.29999999999999,37.05714285714286,12.9
2022-09-13,12.9,29.5,67,1.6,17.4,7.0,45.22,6.46,9,256,monsoon,17.4,28.1,46.7,28.9,30.73333333333333,37.48571428571428,12.6
2022-09-14,12.6,27.5,77,6.1,19.3,7.0,28.75,4.107142857142857,9,257,monsoon,12.9,17.4,28.1,37.1,19.466666666666658,35.2,13.3
2022-09-15,13.3,26.1,86,9.2,14.5,37.0,166.02,4.487027027027027,9,258,monsoon,12.6,12.9,17.4,52.1,14.29999999999999,31.7,9.63
2022-09-16,9.63,26.2,84,13.4,9.9,3.0,6.3,2.1,9,259,monsoon,13.3,12.6,12.9,52.1,12.933333333333323,26.157142857142855,27.9
2022-09-17,27.9,27.4,78,0.8,9.6,11.0,46.88,4.261818181818182,9,260,monsoon,9.63,13.3,12.6,46.7,11.843333333333325,20.090000000000003,36.5
2022-09-18,36.5,28.0,79,0.4,6.9,18.0,88.31,4.906111111111112,9,261,monsoon,27.9,9.63,13.3,28.1,16.943333333333324,17.404285714285713,65.2
2022-09-19,65.2,28.5,75,0.0,6.7,33.0,228.58,6.926666666666667,9,262,monsoon,36.5,27.9,9.63,17.4,24.67666666666666,18.604285714285712,42.2
2022-09-20,42.2,27.2,84,2.4,5.3,22.0,121.04,5.501818181818182,9,263,monsoon,65.2,36.5,27.9,12.9,43.19999999999999,25.43285714285714,34.9
2022-09-21,34.9,27.4,84,1.7,5.5,80.0,325.95,4.074375,9,264,monsoon,42.2,65.2,36.5,12.6,47.96666666666666,29.618571428571425,21.6
2022-09-22,21.6,25.0,92,33.9,10.7,48.0,209.88,4.3725,9,265,monsoon,34.9,42.2,65.2,13.3,47.43333333333333,32.80428571428571,25.0
2022-09-23,25.0,24.7,94,48.2,12.3,9.0,44.07,4.8966666666666665,9,266,monsoon,21.6,34.9,42.2,9.63,32.89999999999999,33.99,25.1
2022-09-24,25.1,24.6,94,41.5,15.9,1.0,0.71,0.71,9,267,monsoon,25.0,21.6,34.9,27.9,27.166666666666657,36.18571428571429,20.9
2022-09-25,20.9,26.3,84,0.9,10.0,13.0,20.71,1.593076923076923,9,268,monsoon,25.1,25.0,21.6,36.5,23.89999999999999,35.78571428571429,42.4
2022-09-26,42.4,26.7,83,0.1,7.6,16.0,84.85,5.303125,9,269,monsoon,20.9,25.1,25.0,65.2,23.666666666666657,33.557142857142864,35.2
2022-09-27,35.2,26.6,79,0.0,8.0,15.0,46.86,3.124,9,270,monsoon,42.4,20.9,25.1,42.2,29.466666666666658,30.3,46.4
2022-09-28,46.4,27.2,76,0.2,6.9,15.0,58.19,3.879333333333333,9,271,monsoon,35.2,42.4,20.9,34.9,32.83333333333332,29.3,57.8
2022-09-29,57.8,27.1,76,0.0,8.3,9.0,45.23,5.025555555555555,9,272,monsoon,46.4,35.2,42.4,21.6,41.33333333333332,30.942857142857147,70.0
2022-09-30,70.0,27.3,76,0.0,7.9,65.0,310.41,4.775538461538462,9,273,monsoon,57.8,46.4,35.2,25.0,46.46666666666666,36.114285714285714,74.4
2022-10-01,74.4,28.0,72,0.0,7.7,155.0,621.05,4.006774193548387,10,274,post_monsoon,70.0,57.8,46.4,25.1,58.06666666666666,42.542857142857144,61.9
2022-10-02,61.9,28.0,66,0.0,8.6,213.0,947.81,4.44981220657277,10,275,post_monsoon,74.4,70.0,57.8,20.9,67.39999999999999,49.58571428571429,36.2
2022-10-03,36.2,27.7,61,0.0,14.6,114.0,592.46,5.1970175438596495,10,276,post_monsoon,61.9,74.4,70.0,42.4,68.76666666666667,55.44285714285714,54.4
2022-10-04,54.4,27.7,67,0.0,9.8,153.0,713.09,4.660718954248366,10,277,post_monsoon,36.2,61.9,74.4,35.2,57.5,54.55714285714286,83.7
2022-10-05,83.7,27.1,77,0.1,7.3,209.0,1185.48,5.672153110047847,10,278,post_monsoon,54.4,36.2,61.9,46.4,50.833333333333336,57.300000000000004,12.1
2022-10-06,12.1,26.4,75,0.0,10.2,274.0,1241.36,4.530510948905109,10,279,post_monsoon,83.7,54.4,36.2,57.8,58.099999999999994,62.62857142857143,14.5
2022-10-07,14.5,24.5,82,1.1,12.0,224.0,839.24,3.746607142857143,10,280,post_monsoon,12.1,83.7,54.4,70.0,50.06666666666666,56.1,9.65
2022-10-08,9.65,22.5,95,37.2,13.8,81.0,421.88,5.208395061728395,10,281,post_monsoon,14.5,12.1,83.7,74.4,36.76666666666666,48.17142857142857,6.23
2022-10-09,6.23,22.6,93,47.1,11.9,28.0,121.42,4.336428571428572,10,282,post_monsoon,9.65,14.5,12.1,61.9,12.083333333333329,38.92142857142857,10.9
2022-10-10,10.9,23.4,88,1.6,8.8,19.0,91.38,4.809473684210526,10,283,post_monsoon,6.23,9.65,14.5,36.2,10.126666666666662,30.96857142857143,28.6
2022-10-11,28.6,23.4,87,2.7,6.0,91.0,440.88,4.844835164835165,10,284,post_monsoon,10.9,6.23,9.65,54.4,8.926666666666662,27.354285714285716,58.6
2022-10-12,58.6,23.8,83,0.0,6.7,193.0,895.42,4.639481865284974,10,285,post_monsoon,28.6,10.9,6.23,83.7,15.24333333333333,23.66857142857143,43.7
2022-10-13,43.7,23.8,72,0.0,9.0,209.0,1022.55,4.892583732057416,10,286,post_monsoon,58.6,28.6,10.9,12.1,32.699999999999996,20.082857142857144,66.6
2022-10-14,66.6,23.7,68,0.0,9.2,156.0,870.29,5.578782051282051,10,287,post_monsoon,43.7,58.6,28.6,14.5,43.633333333333326,24.59714285714286,87.4
2022-10-15,87.4,23.9,69,0.0,7.8,302.0,1396.01,4.622549668874172,10,288,post_monsoon,66.6,43.7,58.6,9.65,56.29999999999999,32.04,92.2
2022-10-16,92.2,24.1,69,0.0,6.1,455.0,2640.61,5.803538461538462,10,289,post_monsoon,87.4,66.6,43.7,6.23,65.89999999999999,43.14714285714285,97.4
2022-10-17,97.4,24.2,63,0.0,7.9,628.0,3192.61,5.083773885350318,10,290,post_monsoon,92.2,87.4,66.6,10.9,82.06666666666666,55.42857142857143,90.3
2022-10-18,90.3,24.3,60,0.0,7.4,720.0,3521.99,4.891652777777778,10,291,post_monsoon,97.4,92.2,87.4,28.6,92.33333333333333,67.78571428571429,73.0
2022-10-19,73.0,23.7,66,0.0,7.4,434.0,2082.94,4.799400921658986,10,292,post_monsoon,90.3,97.4,92.2,58.6,93.3,76.60000000000001,79.8
2022-10-20,79.8,23.5,64,1.1,6.3,261.0,1234.84,4.731187739463601,10,293,post_monsoon,73.0,90.3,97.4,43.7,86.89999999999999,78.65714285714286,105.0
2022-10-21,105.0,24.0,65,0.0,5.6,489.0,2651.66,5.422617586912065,10,294,post_monsoon,79.8,73.0,90.3,66.6,81.03333333333332,83.8142857142857,110.0
2022-10-22,110.0,22.8,67,0.0,8.6,953.0,5568.82,5.843462749213011,10,295,post_monsoon,105.0,79.8,73.0,87.4,85.93333333333332,89.29999999999998,114.0
2022-10-23,114.0,22.0,63,0.0,6.9,1719.0,8494.04,4.941268179173939,10,296,post_monsoon,110.0,105.0,79.8,92.2,98.26666666666665,92.52857142857142,203.0
2022-10-24,203.0,22.2,61,0.0,9.8,1392.0,8769.64,6.300028735632184,10,297,post_monsoon,114.0,110.0,105.0,97.4,109.66666666666664,95.64285714285714,106.0
2022-10-25,106.0,22.1,56,0.0,11.7,1006.0,7013.37,6.971540755467196,10,298,post_monsoon,203.0,114.0,110.0,90.3,142.33333333333331,110.72857142857141,126.0
2022-10-26,126.0,23.1,62,0.0,6.4,1145.0,6459.82,5.641764192139738,10,299,post_monsoon,106.0,203.0,114.0,73.0,140.99999999999997,112.97142857142856,162.0
2022-10-27,162.0,24.0,61,0.0,5.2,1478.0,9501.97,6.428937753721245,10,300,post_monsoon,126.0,106.0,203.0,79.8,144.99999999999997,120.54285714285713,185.0
2022-10-28,185.0,23.2,65,0.0,5.7,2330.0,13708.4,5.88343347639485,10,301,post_monsoon,162.0,126.0,106.0,105.0,131.33333333333331,132.28571428571428,218.0
2022-10-29,218.0,23.4,63,0.0,4.8,2411.0,15170.51,6.292206553297387,10,302,post_monsoon,185.0,162.0,126.0,110.0,157.66666666666666,143.71428571428572,169.0
2022-10-30,169.0,23.0,63,0.0,7.3,1840.0,12785.91,6.948864130434783,10,303,post_monsoon,218.0,185.0,162.0,114.0,188.33333333333334,159.14285714285714,218.0
2022-10-31,218.0,23.2,63,0.0,5.5,2005.0,12877.27,6.422578553615961,10,304,post_monsoon,169.0,218.0,185.0,203.0,190.66666666666666,167.0,230.0
2022-11-01,230.0,23.4,68,0.0,7.2,2198.0,16914.32,7.695323020928116,11,305,post_monsoon,218.0,169.0,218.0,106.0,201.66666666666666,169.14285714285714,212.0
2022-11-02,212.0,23.1,70,0.0,9.0,3253.0,23981.19,7.372022748232401,11,306,post_monsoon,230.0,218.0,169.0,126.0,205.66666666666666,186.85714285714286,379.0
2022-11-03,379.0,23.4,66,0.0,10.2,3221.0,22417.31,6.959736106799131,11,307,post_monsoon,212.0,230.0,218.0,162.0,220.0,199.14285714285714,313.0
2022-11-04,313.0,24.8,65,0.0,4.7,1802.0,11620.32,6.448568257491676,11,308,post_monsoon,379.0,212.0,230.0,185.0,273.6666666666667,230.14285714285714,189.0
2022-11-05,189.0,23.9,77,0.0,9.4,3198.0,21063.14,6.586347717323327,11,309,post_monsoon,313.0,379.0,212.0,218.0,301.3333333333333,248.42857142857142,165.0
2022-11-06,165.0,23.4,78,0.0,7.5,640.0,3836.35,5.994296875,11,310,post_monsoon,189.0,313.0,379.0,169.0,293.6666666666667,244.28571428571428,161.0
2022-11-07,161.0,23.4,72,0.6,6.2,2584.0,20059.79,7.763076625386997,11,311,post_monsoon,165.0,189.0,313.0,218.0,222.33333333333334,243.71428571428572,243.0
2022-11-08,243.0,21.8,75,6.9,6.5,894.0,5212.88,5.830961968680089,11,312,post_monsoon,161.0,165.0,189.0,230.0,171.66666666666666,235.57142857142858,83.7
2022-11-09,83.7,22.1,70,0.1,3.9,1341.0,10072.4,7.511111111111111,11,313,post_monsoon,243.0,161.0,165.0,212.0,189.66666666666666,237.42857142857142,122.0
2022-11-10,122.0,21.1,74,0.0,7.4,2213.0,14991.18,6.77414369633981,11,314,post_monsoon,83.7,243.0,161.0,379.0,162.56666666666663,219.1,229.0
2022-11-11,229.0,20.1,64,0.0,11.6,3412.0,22804.68,6.683669402110199,11,315,post_monsoon,122.0,83.7,243.0,313.0,149.56666666666663,182.3857142857143,202.0
2022-11-12,202.0,20.0,59,0.0,13.3,2820.0,22550.15,7.996507092198582,11,316,post_monsoon,229.0,122.0,83.7,189.0,144.89999999999998,170.3857142857143,160.0
2022-11-13,160.0,19.9,63,0.0,10.7,2384.0,16341.95,6.854844798657719,11,317,post_monsoon,202.0,229.0,122.0,165.0,184.33333333333334,172.24285714285716,112.0
2022-11-14,112.0,20.9,62,0.0,8.1,39.0,133.98,3.4353846153846157,11,318,post_monsoon,160.0,202.0,229.0,161.0,197.0,171.52857142857144,89.6
2022-11-15,89.6,20.3,66,0.0,6.8,190.0,1141.5,6.007894736842105,11,319,post_monsoon,112.0,160.0,202.0,243.0,157.99999999999997,164.52857142857144,114.0
2022-11-16,114.0,19.4,60,0.0,10.4,1151.0,7483.21,6.501485664639444,11,320,post_monsoon,89.6,112.0,160.0,83.7,120.5333333333333,142.61428571428573,132.0
2022-11-17,132.0,18.1,61,0.0,12.5,1294.0,10242.39,7.915293663060278,11,321,post_monsoon,114.0,89.6,112.0,122.0,105.19999999999997,146.94285714285712,157.0
2022-11-18,157.0,17.3,57,0.0,9.6,873.0,5038.03,5.770939289805269,11,322,post_monsoon,132.0,114.0,89.6,229.0,111.86666666666663,148.37142857142857,136.0
2022-11-19,136.0,17.7,59,0.0,7.4,716.0,4150.14,5.796284916201118,11,323,post_monsoon,157.0,132.0,114.0,202.0,134.33333333333331,138.0857142857143,170.0
2022-11-20,170.0,17.5,62,0.0,9.2,393.0,2508.98,6.384173027989822,11,324,post_monsoon,136.0,157.0,132.0,160.0,141.66666666666666,128.65714285714287,150.0
2022-11-21,150.0,18.0,58,0.0,11.8,302.0,2042.53,6.763344370860927,11,325,post_monsoon,170.0,136.0,157.0,112.0,154.33333333333331,130.0857142857143,120.0
2022-11-22,120.0,17.9,55,0.0,10.8,257.0,1935.67,7.531789883268483,11,326,post_monsoon,150.0,170.0,136.0,89.6,151.99999999999997,135.5142857142857,121.0
2022-11-23,121.0,17.6,50,0.0,12.1,248.0,1289.58,5.199919354838709,11,327,post_monsoon,120.0,150.0,170.0,114.0,146.66666666666666,139.85714285714286,101.0
2022-11-24,101.0,17.2,54,0.0,11.2,316.0,1201.01,3.800664556962025,11,328,post_monsoon,121.0,120.0,150.0,132.0,130.33333333333331,140.85714285714286,128.0
2022-11-25,128.0,17.3,57,0.0,7.6,150.0,771.26,5.141733333333334,11,329,post_monsoon,101.0,121.0,120.0,157.0,113.99999999999999,136.42857142857142,191.0
2022-11-26,191.0,17.2,57,0.0,10.5,104.0,938.49,9.023942307692309,11,330,post_monsoon,128.0,101.0,121.0,136.0,116.66666666666664,132.28571428571428,179.0
2022-11-27,179.0,16.9,65,0.0,7.6,102.0,532.35,5.219117647058824,11,331,post_monsoon,191.0,128.0,101.0,170.0,139.99999999999997,140.14285714285714,178.0
2022-11-28,178.0,17.4,63,0.0,5.2,78.0,374.63,4.802948717948718,11,332,post_monsoon,179.0,191.0,128.0,150.0,165.99999999999997,141.42857142857142,217.0
2022-11-29,217.0,16.8,68,0.0,7.1,111.0,444.32,4.002882882882883,11,333,post_monsoon,178.0,179.0,191.0,120.0,182.66666666666666,145.42857142857142,182.0
2022-11-30,182.0,16.8,71,0.0,7.2,155.0,613.54,3.958322580645161,11,334,post_monsoon,217.0,178.0,179.0,121.0,191.33333333333334,159.28571428571428,209.0
2022-12-01,209.0,16.5,74,0.0,8.1,109.0,454.6,4.170642201834863,12,335,winter,182.0,217.0,178.0,101.0,192.33333333333334,168.0,168.0
2022-12-02,168.0,16.7,74,0.0,5.5,41.0,162.42,3.961463414634146,12,336,winter,209.0,182.0,217.0,128.0,202.66666666666666,183.42857142857142,196.0
2022-12-03,196.0,17.1,73,0.0,4.9,78.0,186.11,2.3860256410256406,12,337,winter,168.0,209.0,182.0,191.0,186.33333333333334,189.14285714285714,223.0
2022-12-04,223.0,16.5,74,0.0,8.3,118.0,493.11,4.178898305084746,12,338,winter,196.0,168.0,209.0,179.0,191.0,189.85714285714286,178.0
2022-12-05,178.0,15.5,74,0.0,6.8,189.0,617.97,3.26968253968254,12,339,winter,223.0,196.0,168.0,178.0,195.66666666666666,196.14285714285714,215.0
2022-12-06,215.0,16.0,69,0.0,13.3,76.0,328.28,4.319473684210526,12,340,winter,178.0,223.0,196.0,217.0,199.0,196.14285714285714,138.0
2022-12-07,138.0,16.3,68,0.0,15.5,78.0,297.14,3.809487179487179,12,341,winter,215.0,178.0,223.0,182.0,205.33333333333334,195.85714285714286,137.0
2022-12-08,137.0,16.0,73,0.0,11.3,62.0,195.55,3.1540322580645164,12,342,winter,138.0,215.0,178.0,209.0,177.0,189.57142857142858,169.0
2022-12-09,169.0,16.3,76,0.0,8.0,107.0,442.9,4.139252336448599,12,343,winter,137.0,138.0,215.0,168.0,163.33333333333331,179.28571428571428,206.0
2022-12-10,206.0,16.9,71,0.0,8.7,152.0,589.26,3.876710526315789,12,344,winter,169.0,137.0,138.0,196.0,147.99999999999997,179.42857142857142,142.0
2022-12-11,142.0,17.3,69,0.0,9.8,163.0,530.55,3.2549079754601222,12,345,winter,206.0,169.0,137.0,223.0,170.66666666666666,180.85714285714286,93.0
2022-12-12,93.0,16.9,62,0.0,11.2,127.0,503.31,3.963070866141732,12,346,winter,142.0,206.0,169.0,178.0,172.33333333333334,169.28571428571428,69.3
2022-12-13,69.3,16.8,53,0.0,15.2,98.0,429.33,4.380918367346939,12,347,winter,93.0,142.0,206.0,215.0,146.99999999999997,157.14285714285714,81.9
2022-12-14,81.9,15.7,55,0.0,14.7,91.0,404.56,4.445714285714286,12,348,winter,69.3,93.0,142.0,138.0,101.43333333333332,136.32857142857142,89.5
2022-12-15,89.5,14.6,57,0.0,12.7,171.0,671.26,3.925497076023392,12,349,winter,81.9,69.3,93.0,137.0,81.39999999999998,128.31428571428572,102.0
2022-12-16,102.0,14.0,66,0.0,10.2,193.0,750.76,3.8899481865284975,12,350,winter,89.5,81.9,69.3,169.0,80.2333333333333,121.52857142857142,145.66666666666666
2022-12-17,145.66666666666666,14.1,69,0.0,8.0,150.0,704.46,4.696400000000001,12,351,winter,102.0,89.5,81.9,206.0,91.13333333333331,111.95714285714284,189.3333333333333
2022-12-18,189.3333333333333,14.3,76,0.0,7.0,101.0,604.9300000000001,5.98940594059406,12,352,winter,145.66666666666666,102.0,89.5,142.0,112.38888888888887,103.33809523809522,233.0
2022-12-19,233.0,14.1,79,0.0,7.9,92.0,396.92,4.314347826086957,12,353,winter,189.3333333333333,145.66666666666666,102.0,93.0,145.66666666666663,110.1,247.0
2022-12-20,247.0,13.6,77,0.0,7.9,81.0,263.38,3.251604938271605,12,354,winter,233.0,189.3333333333333,145.66666666666666,69.3,189.3333333333333,130.1,223.0
2022-12-21,223.0,13.0,79,0.0,8.2,145.0,637.54,4.396827586206896,12,355,winter,247.0,233.0,189.3333333333333,81.9,223.1111111111111,155.48571428571427,236.0
2022-12-22,236.0,12.9,79,0.0,8.1,59.0,217.76,3.690847457627119,12,356,winter,223.0,247.0,233.0,89.5,234.33333333333334,175.64285714285714,289.0
2022-12-23,289.0,12.2,82,0.0,7.2,49.0,275.27,5.617755102040816,12,357,winter,236.0,223.0,247.0,102.0,235.33333333333334,196.57142857142858,169.0
2022-12-24,169.0,12.4,75,0.0,10.9,59.0,290.24,4.919322033898305,12,358,winter,289.0,236.0,223.0,145.66666666666666,249.33333333333334,223.28571428571428,202.0
2022-12-25,202.0,10.9,81,0.0,11.3,28.0,103.34,3.690714285714286,12,359,winter,169.0,289.0,236.0,189.3333333333333,231.33333333333334,226.61904761904762,223.0
2022-12-26,223.0,11.1,83,0.0,8.6,67.0,261.97,3.9100000000000006,12,360,winter,202.0,169.0,289.0,233.0,220.0,228.42857142857142,192.0
2022-12-27,192.0,11.9,79,0.0,13.6,58.0,388.0,6.689655172413793,12,361,winter,223.0,202.0,169.0,247.0,198.0,227.0,165.0
2022-12-28,165.0,13.1,72,0.0,15.9,52.0,671.79,12.91903846153846,12,362,winter,192.0,223.0,202.0,223.0,205.66666666666666,219.14285714285714,190.0
2022-12-29,190.0,14.1,74,0.0,8.4,18.0,65.45,3.636111111111111,12,363,winter,165.0,192.0,223.0,236.0,193.33333333333334,210.85714285714286,299.0
2022-12-30,299.0,14.9,75,0.0,8.5,30.0,323.74,10.791333333333334,12,364,winter,190.0,165.0,192.0,289.0,182.33333333333334,204.28571428571428,193.0
2022-12-31,193.0,13.1,82,0.0,12.6,70.0,271.27,3.875285714285714,12,365,winter,299.0,190.0,165.0,169.0,218.0,205.71428571428572,128.0
2023-01-01,128.0,12.5,79,0.0,6.0,13.0,126.59,9.737692307692308,1,1,winter,193.0,299.0,190.0,202.0,227.33333333333334,209.14285714285714,269.0
2023-01-02,269.0,12.2,78,0.0,5.0,46.0,418.69,9.10195652173913,1,2,winter,128.0,193.0,299.0,223.0,206.66666666666666,198.57142857142858,281.0
2023-01-03,281.0,10.6,85,0.0,6.6,22.0,403.33,18.333181818181817,1,3,winter,269.0,128.0,193.0,192.0,196.66666666666666,205.14285714285714,214.0
2023-01-04,214.0,9.7,87,0.0,8.5,54.0,294.90000000000003,5.461111111111112,1,4,winter,281.0,269.0,128.0,165.0,226.0,217.85714285714286,245.0
2023-01-05,245.0,8.9,89,0.0,8.1,56.0,249.31,4.451964285714285,1,5,winter,214.0,281.0,269.0,190.0,254.66666666666666,224.85714285714286,311.0
2023-01-06,311.0,8.3,87,0.0,6.7,47.0,230.01,4.893829787234043,1,6,winter,245.0,214.0,281.0,299.0,246.66666666666666,232.71428571428572,295.0
2023-01-07,295.0,8.2,87,0.0,9.1,97.0,690.32,7.116701030927835,1,7,winter,311.0,245.0,214.0,193.0,256.6666666666667,234.42857142857142,299.0
2023-01-08,299.0,10.1,88,0.0,9.7,38.0,489.63,12.885,1,8,winter,295.0,311.0,245.0,128.0,283.6666666666667,249.0,449.0
2023-01-09,449.0,11.1,88,0.0,5.4,22.0,192.26,8.739090909090908,1,9,winter,299.0,295.0,311.0,269.0,301.6666666666667,273.42857142857144,300.0
2023-01-10,300.0,11.5,89,0.0,8.9,67.0,433.9,6.476119402985074,1,10,winter,449.0,299.0,295.0,281.0,347.6666666666667,299.14285714285717,197.0
2023-01-11,197.0,12.1,86,0.0,7.4,25.0,123.24,4.929600000000001,1,11,winter,300.0,449.0,299.0,214.0,349.3333333333333,301.85714285714283,202.0
2023-01-12,202.0,14.5,81,0.1,12.8,58.0,311.27,5.366724137931034,1,12,winter,197.0,300.0,449.0,245.0,315.3333333333333,299.42857142857144,183.0
2023-01-13,183.0,13.9,87,18.2,9.6,36.0,374.47,10.401944444444444,1,13,winter,202.0,197.0,300.0,311.0,233.0,293.2857142857143,164.0
2023-01-15,,9.4,66,0.0,12.6,64.0,397.67,6.21359375,1,15,winter,164.0,183.0,202.0,299.0,183.0,256.2857142857143,126.0
2023-01-19,223.0,12.2,64,0.3,7.2,58.0,281.15,4.847413793103448,1,19,winter,175.0,153.0,126.0,202.0,151.33333333333334,167.16666666666666,96.5
2023-01-20,96.5,14.0,70,0.0,10.5,26.0,77.19,2.9688461538461537,1,20,winter,223.0,175.0,153.0,183.0,183.66666666666666,170.66666666666666,198.0
2023-01-21,198.0,13.2,79,0.0,5.5,60.0,203.97,3.3995,1,21,winter,96.5,223.0,175.0,164.0,164.83333333333334,156.25,353.0
2023-01-23,136.0,15.5,64,0.0,6.5,71.0,291.58,4.1067605633802815,1,23,winter,353.0,198.0,96.5,126.0,215.83333333333334,189.21428571428572,89.1
2023-01-24,89.1,16.9,82,11.3,12.0,18.0,93.97,5.220555555555555,1,24,winter,136.0,353.0,198.0,153.0,229.0,190.64285714285714,95.1
2023-01-25,95.1,16.4,83,1.0,6.1,17.0,52.29,3.0758823529411763,1,25,winter,89.1,136.0,353.0,175.0,192.70000000000002,181.5142857142857,157.0
2023-01-26,157.0,14.3,77,0.0,12.7,45.0,164.38,3.6528888888888886,1,26,winter,95.1,89.1,136.0,223.0,106.73333333333333,170.1,101.0
2023-01-27,101.0,12.1,68,0.0,14.6,85.0,256.26,3.0148235294117645,1,27,winter,157.0,95.1,89.1,96.5,113.73333333333333,160.67142857142858,121.0
2023-01-28,121.0,12.5,69,0.0,11.5,79.0,273.9,3.4670886075949365,1,28,winter,101.0,157.0,95.1,198.0,117.7,161.31428571428572,176.0
2023-01-29,176.0,12.8,84,4.2,9.3,2.0,9.68,4.84,1,29,winter,121.0,101.0,157.0,353.0,126.33333333333333,150.31428571428572,68.2
2023-01-30,68.2,13.2,87,10.2,8.5,6.0,10.84,1.8066666666666664,1,30,winter,176.0,121.0,101.0,136.0,132.66666666666666,125.02857142857144,90.2
2023-01-31,90.2,14.1,84,0.0,14.4,17.0,64.92,3.8188235294117647,1,31,winter,68.2,176.0,121.0,89.1,121.73333333333333,115.34285714285714,87.4
2023-02-01,87.4,13.7,75,0.0,16.3,170.0,574.92,3.3818823529411763,2,32,winter,90.2,68.2,176.0,95.1,111.46666666666665,115.5,102.0
2023-02-02,102.0,14.7,65,0.0,15.8,83.0,277.88,3.3479518072289154,2,33,winter,87.4,90.2,68.2,157.0,81.93333333333334,114.4,98.36666666666666
2023-02-03,98.36666666666666,15.0,69,0.0,11.9,62.0,217.83,3.5133870967741934,2,34,winter,102.0,87.4,90.2,101.0,93.2,106.54285714285713,94.73333333333332
2023-03-26,56.5,21.8,62,0.0,9.7,27.0,55.1,2.0407407407407407,3,85,summer,31.4,68.8,39.7,80.9,46.63333333333333,57.971428571428575,51.2
2023-03-27,51.2,20.8,62,0.0,10.6,37.0,129.06,3.488108108108108,3,86,summer,56.5,31.4,68.8,41.1,52.23333333333333,54.48571428571428,60.6
2023-03-28,60.6,21.8,61,0.0,9.6,35.0,130.03,3.715142857142857,3,87,summer,51.2,56.5,31.4,49.3,46.36666666666667,55.92857142857143,69.8
2023-03-29,69.8,23.3,55,0.2,8.1,13.0,34.51,2.6546153846153846,3,88,summer,60.6,51.2,56.5,94.6,56.1,57.542857142857144,61.1
2023-03-30,61.1,21.8,70,5.7,9.6,19.0,124.52,6.553684210526316,3,89,summer,69.8,60.6,51.2,39.7,60.53333333333333,54.0,26.9
2023-03-31,26.9,19.6,83,9.4,5.8,10.0,7.97,0.7969999999999999,3,90,summer,61.1,69.8,60.6,68.8,63.833333333333336,57.05714285714286,40.0
2023-04-01,40.0,20.1,79,0.9,5.4,19.0,23.13,1.2173684210526314,4,91,summer,26.9,61.1,69.8,31.4,52.599999999999994,51.07142857142857,46.0
2023-04-02,46.0,22.2,69,0.0,8.5,13.0,31.22,2.4015384615384616,4,92,summer,40.0,26.9,61.1,56.5,42.666666666666664,52.300000000000004,58.1
2023-04-03,58.1,23.3,61,0.0,8.2,9.0,21.92,2.4355555555555557,4,93,summer,46.0,40.0,26.9,51.2,37.63333333333333,50.800000000000004,36.0
2023-04-04,36.0,22.2,61,0.2,9.8,13.0,24.19,1.860769230769231,4,94,summer,58.1,46.0,40.0,60.6,48.03333333333333,51.785714285714285,43.8
2023-04-05,43.8,22.9,50,0.0,10.2,17.0,121.57,7.151176470588236,4,95,summer,36.0,58.1,46.0,69.8,46.699999999999996,48.271428571428565,33.6
2023-04-06,33.6,23.9,41,0.0,12.0,39.0,118.91,3.048974358974359,4,96,summer,43.8,36.0,58.1,61.1,45.96666666666667,44.557142857142864,38.5
2023-04-07,38.5,24.3,37,0.0,11.9,43.0,148.66,3.457209302325581,4,97,summer,33.6,43.8,36.0,26.9,37.800000000000004,40.628571428571426,65.7
2023-04-08,65.7,24.4,34,0.0,10.9,30.0,112.68,3.756,4,98,summer,38.5,33.6,43.8,40.0,38.63333333333333,42.285714285714285,91.6
2023-04-09,91.6,26.2,30,0.0,9.5,43.0,130.04,3.024186046511628,4,99,summer,65.7,38.5,33.6,46.0,45.93333333333334,45.957142857142856,70.2
2023-04-10,70.2,26.4,29,0.0,8.7,38.0,235.05,6.185526315789474,4,100,summer,91.6,65.7,38.5,58.1,65.26666666666667,52.471428571428575,117.0
2023-04-11,117.0,27.7,28,0.0,13.4,34.0,121.22,3.565294117647059,4,101,summer,70.2,91.6,65.7,36.0,75.83333333333333,54.199999999999996,88.9
2023-04-12,88.9,29.4,27,0.0,15.9,43.0,172.33,4.007674418604651,4,102,summer,117.0,70.2,91.6,43.8,92.93333333333334,65.77142857142857,91.9
2023-04-13,91.9,29.5,28,0.0,12.1,46.0,380.31,8.267608695652173,4,103,summer,88.9,117.0,70.2,33.6,92.03333333333335,72.21428571428571,96.9
2023-04-14,96.9,29.5,27,0.0,10.0,77.0,801.12,10.404155844155843,4,104,summer,91.9,88.9,117.0,38.5,99.26666666666667,80.54285714285713,79.1
2023-04-15,79.1,30.9,23,0.0,8.2,62.0,348.18,5.615806451612904,4,105,summer,96.9,91.9,88.9,65.7,92.56666666666668,88.88571428571429,75.6
2023-04-16,75.6,31.3,25,0.0,10.2,68.0,298.18,4.385,4,106,summer,79.1,96.9,91.9,91.6,89.3,90.79999999999998,65.2
2023-04-17,65.2,32.5,25,0.0,9.4,124.0,429.69,3.465241935483871,4,107,summer,75.6,79.1,96.9,70.2,83.86666666666666,88.51428571428572,68.0
2023-04-18,68.0,32.6,23,0.0,12.9,99.0,417.1,4.2131313131313135,4,108,summer,65.2,75.6,79.1,117.0,73.3,87.8,68.4
2023-04-19,68.4,29.8,35,0.0,11.0,56.0,292.87,5.229821428571428,4,109,summer,68.0,65.2,75.6,88.9,69.60000000000001,80.8,40.9
2023-04-20,40.9,28.1,44,0.0,8.3,34.0,139.1,4.091176470588235,4,110,summer,68.4,68.0,65.2,91.9,67.2,77.87142857142858,54.5
2023-04-21,54.5,28.8,34,0.0,10.2,89.0,395.74,4.446516853932584,4,111,summer,40.9,68.4,68.0,96.9,59.1,70.58571428571429,59.7
2023-04-22,59.7,28.6,26,0.0,9.7,109.0,425.88,3.907155963302752,4,112,summer,54.5,40.9,68.4,79.1,54.6,64.52857142857144,25.0
2023-04-23,25.0,26.9,27,0.0,11.8,65.0,278.47,4.2841538461538455,4,113,summer,59.7,54.5,40.9,75.6,51.699999999999996,61.75714285714286,52.6
2023-04-24,52.6,26.1,35,0.0,10.3,210.0,878.83,4.184904761904762,4,114,summer,25.0,59.7,54.5,65.2,46.4,54.52857142857143,51.0
2023-04-25,51.0,27.1,37,0.0,10.7,175.0,616.64,3.5236571428571426,4,115,summer,52.6,25.0,59.7,68.0,45.76666666666667,52.728571428571435,73.2
2023-04-26,73.2,28.9,32,0.0,8.2,67.0,268.43,4.0064179104477615,4,116,summer,51.0,52.6,25.0,68.4,42.866666666666674,50.300000000000004,79.5
2023-04-27,79.5,29.1,30,0.0,9.6,267.0,1447.6,5.421722846441948,4,117,summer,73.2,51.0,52.6,40.9,58.93333333333334,50.98571428571429,61.9
2023-04-28,61.9,27.9,36,0.0,6.4,47.0,136.52,2.90468085106383,4,118,summer,79.5,73.2,51.0,54.5,67.89999999999999,56.5,67.9
2023-04-29,67.9,26.5,49,0.6,7.8,33.0,145.7,4.415151515151515,4,119,summer,61.9,79.5,73.2,59.7,71.53333333333333,57.55714285714286,50.2
2023-04-30,50.2,24.6,61,1.4,7.4,94.0,493.89,5.254148936170212,4,120,summer,67.9,61.9,79.5,25.0,69.76666666666667,58.728571428571435,44.2
2023-05-01,44.2,22.1,80,5.4,8.2,63.0,294.95,4.681746031746032,5,121,summer,50.2,67.9,61.9,52.6,60.0,62.32857142857143,37.8
2023-05-02,37.8,22.5,81,5.4,10.6,88.0,477.97,5.431477272727273,5,122,summer,44.2,50.2,67.9,51.0,54.1,61.12857142857143,37.7
2023-05-03,37.7,22.4,81,6.8,7.0,95.0,402.16,4.233263157894737,5,123,summer,37.8,44.2,50.2,73.2,44.06666666666666,59.24285714285714,50.5
2023-05-04,50.5,24.2,73,0.0,4.8,1065.0,4788.21,4.495971830985916,5,124,summer,37.7,37.8,44.2,79.5,39.9,54.17142857142857,66.8
2023-05-05,66.8,25.9,59,5.4,8.0,1736.0,7967.32,4.589470046082949,5,125,summer,50.5,37.7,37.8,61.9,42.0,50.028571428571425,103.0
2023-05-06,103.0,27.4,48,0.0,8.6,1751.0,8880.76,5.071821816105083,5,126,summer,66.8,50.5,37.7,67.9,51.666666666666664,50.728571428571435,56.9
2023-05-07,56.9,28.9,39,0.0,10.3,1500.0,8857.9,5.905266666666666,5,127,summer,103.0,66.8,50.5,50.2,73.43333333333334,55.74285714285715,51.9
2023-05-08,51.9,29.2,40,0.0,12.7,1780.0,10501.49,5.899713483146067,5,128,summer,56.9,103.0,66.8,44.2,75.56666666666666,56.699999999999996,90.2
2023-05-09,90.2,29.5,34,0.0,11.8,980.0,7915.3,8.076836734693877,5,129,summer,51.9,56.9,103.0,37.8,70.6,57.800000000000004,80.8
2023-05-10,80.8,29.7,22,0.0,13.9,2103.0,16398.08,7.797470280551594,5,130,summer,90.2,51.9,56.9,37.7,66.33333333333333,65.28571428571429,125.0
2023-05-11,125.0,31.0,22,0.0,8.4,2459.0,16777.9,6.823058153721026,5,131,summer,80.8,90.2,51.9,50.5,74.3,71.44285714285715,74.3
2023-05-12,74.3,33.3,22,0.0,10.1,1760.0,14040.72,7.977681818181818,5,132,summer,125.0,80.8,90.2,66.8,98.66666666666667,82.08571428571429,84.6
2023-05-13,84.6,33.3,25,0.0,10.2,2949.0,19028.83,6.4526381824347245,5,133,summer,74.3,125.0,80.8,103.0,93.36666666666667,83.15714285714286,87.8
2023-05-14,87.8,32.5,28,0.0,11.6,959.0,6456.72,6.732763295099062,5,134,summer,84.6,74.3,125.0,56.9,94.63333333333333,80.52857142857142,30.9
2023-05-15,30.9,33.4,25,0.0,8.7,1224.0,8809.63,7.1974101307189535,5,135,summer,87.8,84.6,74.3,51.9,82.23333333333333,84.94285714285715,129.0
2023-05-16,129.0,32.4,28,0.0,13.9,1435.0,5834.4,4.065783972125435,5,136,summer,30.9,87.8,84.6,90.2,67.76666666666667,81.94285714285715,87.2
2023-05-17,87.2,33.2,26,0.0,13.7,891.0,5285.46,5.9320538720538725,5,137,summer,129.0,30.9,87.8,80.8,82.56666666666666,87.48571428571428,34.5
2023-05-18,34.5,31.0,38,0.0,12.3,293.0,1319.55,4.50358361774744,5,138,summer,87.2,129.0,30.9,125.0,82.36666666666666,88.4,57.4
2023-05-19,57.4,31.6,35,0.0,14.3,514.0,2653.7,5.1628404669260695,5,139,summer,34.5,87.2,129.0,74.3,83.56666666666666,75.47142857142858,56.8
2023-05-20,56.8,32.8,28,0.0,12.6,446.0,3950.71,8.858094170403588,5,140,summer,57.4,34.5,87.2,84.6,59.699999999999996,73.05714285714286,68.0
2023-05-21,68.0,34.8,22,0.0,10.3,541.0,3552.36,6.566284658040666,5,141,summer,56.8,57.4,34.5,87.8,49.56666666666666,69.08571428571427,68.3
2023-05-22,68.3,36.1,20,0.0,18.3,319.0,1620.58,5.080188087774294,5,142,summer,68.0,56.8,57.4,30.9,60.73333333333333,66.25714285714285,52.9
2023-05-23,52.9,35.3,28,1.0,18.7,49.0,245.0,5.0,5,143,summer,68.3,68.0,56.8,129.0,64.36666666666666,71.6,29.3
2023-05-24,29.3,30.8,47,0.2,10.2,110.0,601.88,5.471636363636364,5,144,summer,52.9,68.3,68.0,87.2,63.06666666666666,60.728571428571435,21.6
2023-05-25,21.6,28.2,58,0.2,7.9,12.0,41.79,3.4825,5,145,summer,29.3,52.9,68.3,34.5,50.166666666666664,52.457142857142856,20.3
2023-05-26,20.3,28.5,55,0.0,5.1,11.0,41.78,3.7981818181818174,5,146,summer,21.6,29.3,52.9,57.4,34.6,50.614285714285714,30.2
2023-05-27,30.2,27.1,64,19.2,13.0,54.0,193.96,3.591851851851852,5,147,summer,20.3,21.6,29.3,56.8,23.733333333333334,45.31428571428571,39.7
2023-05-28,39.7,27.4,66,0.3,7.2,47.0,202.91,4.317234042553191,5,148,summer,30.2,20.3,21.6,68.0,24.033333333333335,41.51428571428572,29.0
2023-05-29,29.0,27.1,70,1.2,7.7,17.0,63.27,3.721764705882353,5,149,summer,39.7,30.2,20.3,68.3,30.066666666666666,37.471428571428575,32.0
2023-05-30,32.0,27.3,65,0.1,8.0,7.0,55.7,7.957142857142856,5,150,summer,29.0,39.7,30.2,52.9,32.96666666666667,31.857142857142858,29.6
2023-05-31,29.6,24.9,74,2.9,10.3,3.0,10.79,3.5966666666666662,5,151,summer,32.0,29.0,39.7,29.3,33.56666666666667,28.871428571428574,37.4
2023-06-01,37.4,26.4,65,0.4,7.6,5.0,11.02,2.204,6,152,summer,29.6,32.0,29.0,21.6,30.2,28.914285714285715,34.0
2023-06-02,34.0,27.5,57,1.3,9.6,18.0,138.8,7.711111111111112,6,153,summer,37.4,29.6,32.0,20.3,33.0,31.17142857142857,41.3
2023-06-03,41.3,29.2,52,0.0,7.8,71.0,517.3,7.285915492957746,6,154,summer,34.0,37.4,29.6,30.2,33.666666666666664,33.128571428571426,58.0
2023-06-04,58.0,29.3,58,1.6,10.1,37.0,176.01,4.757027027027027,6,155,summer,41.3,34.0,37.4,39.7,37.56666666666667,34.714285714285715,59.45
2023-06-05,59.45,30.4,52,0.1,13.1,88.0,505.82,5.7479545454545455,6,156,summer,58.0,41.3,34.0,29.0,44.43333333333334,37.32857142857143,60.9
2023-06-06,60.9,31.4,43,0.0,8.9,74.0,263.2,3.5567567567567564,6,157,summer,59.45,58.0,41.3,32.0,52.916666666666664,41.67857142857143,90.6
2023-06-07,90.6,32.1,37,0.0,11.1,49.0,143.14,2.9212244897959185,6,158,summer,60.9,59.45,58.0,29.6,59.449999999999996,45.807142857142864,42.0
2023-06-08,42.0,32.7,35,0.0,11.1,145.0,607.87,4.192206896551724,6,159,summer,90.6,60.9,59.45,37.4,70.31666666666666,54.521428571428565,24.8
2023-06-09,24.8,34.2,34,0.0,14.8,120.0,539.85,4.49875,6,160,summer,42.0,90.6,60.9,34.0,64.5,55.17857142857143,28.4
2023-06-10,28.4,34.4,38,0.0,13.5,109.0,486.35,4.461926605504587,6,161,summer,24.8,42.0,90.6,41.3,52.46666666666667,53.864285714285714,37.0
2023-06-11,37.0,33.8,45,0.0,15.1,76.0,277.19,3.647236842105263,6,162,summer,28.4,24.8,42.0,58.0,31.733333333333334,52.021428571428565,40.4
2023-06-12,40.4,34.9,44,0.0,16.3,56.0,206.37,3.685178571428572,6,163,summer,37.0,28.4,24.8,59.45,30.066666666666666,49.021428571428565,57.7
2023-06-13,57.7,36.2,35,0.0,21.0,181.0,731.52,4.041546961325967,6,164,summer,40.4,37.0,28.4,60.9,35.26666666666667,46.300000000000004,36.7
2023-06-14,36.7,35.6,36,0.0,21.2,257.0,1026.21,3.993035019455253,6,165,summer,57.7,40.4,37.0,90.6,45.03333333333333,45.84285714285714,33.8
2023-06-15,33.8,33.2,47,0.4,17.4,66.0,204.43,3.097424242424242,6,166,summer,36.7,57.7,40.4,42.0,44.93333333333334,38.142857142857146,29.2
2023-06-16,29.2,32.2,51,1.2,13.9,131.0,680.64,5.195725190839695,6,167,summer,33.8,36.7,57.7,24.8,42.73333333333333,36.971428571428575,35.0
2023-06-17,35.0,32.9,54,0.3,10.6,79.0,361.24,4.572658227848101,6,168,summer,29.2,33.8,36.7,28.4,33.233333333333334,37.6,20.9
2023-06-18,20.9,32.1,60,4.0,9.0,138.0,630.8,4.571014492753623,6,169,summer,35.0,29.2,33.8,37.0,32.666666666666664,38.542857142857144,14.0
2023-06-19,14.0,29.6,71,6.6,9.0,288.0,1615.64,5.609861111111112,6,170,summer,20.9,35.0,29.2,40.4,28.366666666666664,36.24285714285715,36.9
2023-06-20,36.9,30.6,67,16.6,9.2,63.0,319.86,5.077142857142857,6,171,summer,14.0,20.9,35.0,57.7,23.299999999999997,32.471428571428575,29.6
2023-06-21,29.6,29.3,77,20.3,7.2,171.0,756.29,4.422748538011696,6,172,summer,36.9,14.0,20.9,36.7,23.933333333333326,29.5,31.8
2023-06-22,31.8,31.4,72,2.7,7.8,120.0,578.66,4.822166666666666,6,173,summer,29.6,36.9,14.0,33.8,26.833333333333332,28.485714285714288,46.5
2023-06-23,46.5,30.8,76,6.1,8.4,99.0,549.83,5.553838383838384,6,174,summer,31.8,29.6,36.9,29.2,32.766666666666666,28.199999999999996,58.4
2023-06-24,58.4,30.9,75,10.7,7.4,240.0,1022.85,4.261875,6,175,summer,46.5,31.8,29.6,35.0,35.96666666666667,30.67142857142857,18.8
2023-06-25,18.8,28.0,86,13.6,6.3,31.0,139.37,4.495806451612904,6,176,summer,58.4,46.5,31.8,20.9,45.56666666666666,34.01428571428571,37.3
2023-06-26,37.3,28.0,84,5.8,4.9,4.0,13.35,3.3375,6,177,summer,18.8,58.4,46.5,14.0,41.23333333333333,33.714285714285715,30.5
2023-06-27,30.5,28.7,82,8.1,7.0,28.0,202.77,7.241785714285714,6,178,summer,37.3,18.8,58.4,36.9,38.166666666666664,37.042857142857144,24.9
2023-06-28,24.9,29.1,81,12.2,8.4,26.0,122.44,4.7092307692307696,6,179,summer,30.5,37.3,18.8,29.6,28.866666666666664,36.12857142857143,42.8
2023-06-29,42.8,28.5,83,11.7,9.6,18.0,79.34,4.407777777777778,6,180,summer,24.9,30.5,37.3,31.8,30.899999999999995,35.457142857142856,26.9
2023-06-30,26.9,28.8,81,12.7,8.4,143.0,600.46,4.199020979020979,6,181,summer,42.8,24.9,30.5,46.5,32.73333333333333,37.028571428571425,22.3
2023-07-01,22.3,29.1,78,1.9,10.1,7.0,25.89,3.698571428571429,7,182,monsoon,26.9,42.8,24.9,58.4,31.53333333333333,34.228571428571435,35.7
2023-07-02,35.7,30.5,73,0.9,7.1,138.0,637.41,4.618913043478261,7,183,monsoon,22.3,26.9,42.8,18.8,30.66666666666666,29.071428571428573,48.6
2023-07-03,48.6,31.1,72,4.5,8.6,91.0,431.64,4.743296703296704,7,184,monsoon,35.7,22.3,26.9,37.3,28.3,31.485714285714284,40.1
2023-07-04,40.1,30.7,74,2.5,9.6,85.0,560.98,6.599764705882353,7,185,monsoon,48.6,35.7,22.3,30.5,35.53333333333333,33.1,33.1
2023-07-05,33.1,29.1,81,13.0,10.8,42.0,197.25,4.696428571428571,7,186,monsoon,40.1,48.6,35.7,24.9,41.46666666666667,34.47142857142857,24.7
2023-07-06,24.7,29.0,77,4.8,10.2,10.0,81.35,8.135,7,187,monsoon,33.1,40.1,48.6,42.8,40.6,35.642857142857146,29.0
2023-07-07,29.0,28.5,83,10.0,8.2,13.0,46.65,3.588461538461538,7,188,monsoon,24.7,33.1,40.1,26.9,32.63333333333333,33.05714285714286,12.2
2023-07-08,12.2,27.2,91,34.4,11.2,2.0,2.7,1.35,7,189,monsoon,29.0,24.7,33.1,22.3,28.933333333333334,33.357142857142854,22.0
2023-07-09,22.0,27.0,91,29.7,11.4,1.0,6.88,6.88,7,190,monsoon,12.2,29.0,24.7,35.7,21.96666666666667,31.914285714285715,16.7
2023-07-10,16.7,27.6,90,34.1,6.4,20.0,55.09,2.7545,7,191,monsoon,22.0,12.2,29.0,48.6,21.066666666666666,29.957142857142856,38.4
2023-07-11,38.4,28.5,84,2.9,6.6,40.0,112.39,2.80975,7,192,monsoon,16.7,22.0,12.2,40.1,16.96666666666667,25.4,24.9
2023-07-12,24.9,28.5,86,9.6,8.2,73.0,273.89,3.751917808219178,7,193,monsoon,38.4,16.7,22.0,33.1,25.7,25.157142857142855,27.9
2023-07-13,27.9,29.1,82,5.2,8.9,40.0,130.16,3.254,7,194,monsoon,24.9,38.4,16.7,24.7,26.666666666666668,23.985714285714288,25.0
2023-07-14,25.0,28.5,83,21.1,6.1,34.0,118.54,3.4864705882352944,7,195,monsoon,27.9,24.9,38.4,29.0,30.399999999999995,24.44285714285714,26.3
2023-07-15,26.3,28.6,86,17.7,6.0,65.0,237.77,3.658,7,196,monsoon,25.0,27.9,24.9,12.2,25.933333333333334,23.871428571428567,20.4
2023-07-16,20.4,28.6,85,21.9,5.5,12.0,47.52,3.96,7,197,monsoon,26.3,25.0,27.9,22.0,26.400000000000002,25.885714285714283,31.0
2023-07-17,31.0,29.0,85,11.8,4.7,13.0,47.2,3.630769230769231,7,198,monsoon,20.4,26.3,25.0,16.7,23.900000000000002,25.657142857142855,36.4
2023-07-18,36.4,28.2,86,13.4,9.6,18.0,63.66,3.536666666666666,7,199,monsoon,31.0,20.4,26.3,38.4,25.900000000000002,27.7,27.7
2023-07-19,27.7,28.9,86,9.3,9.0,9.0,50.5,5.611111111111111,7,200,monsoon,36.4,31.0,20.4,24.9,29.266666666666666,27.41428571428571,30.1
2023-07-20,30.1,29.8,81,23.7,6.0,9.0,40.64,4.515555555555555,7,201,monsoon,27.7,36.4,31.0,27.9,31.7,27.814285714285713,38.9
2023-07-21,38.9,30.9,76,4.2,8.8,6.0,13.74,2.29,7,202,monsoon,30.1,27.7,36.4,25.0,31.399999999999995,28.12857142857143,30.6
2023-07-22,30.6,30.7,76,6.0,13.5,2.0,3.64,1.82,7,203,monsoon,38.9,30.1,27.7,26.3,32.233333333333334,30.11428571428571,18.9
2023-07-23,18.9,30.9,73,0.6,14.6,11.0,47.7,4.336363636363637,7,204,monsoon,30.6,38.9,30.1,20.4,33.199999999999996,30.728571428571428,23.2
2023-07-24,23.2,29.9,80,7.8,11.3,2.0,4.62,2.31,7,205,monsoon,18.9,30.6,38.9,31.0,29.46666666666667,30.514285714285712,30.4
2023-07-25,30.4,29.3,82,11.8,9.1,3.0,8.129999999999999,2.7099999999999995,7,206,monsoon,23.2,18.9,30.6,36.4,24.233333333333334,29.4,24.6
2023-07-26,24.6,27.0,91,18.3,7.8,0.0,0.0,0.0,7,207,monsoon,30.4,23.2,18.9,27.7,24.166666666666668,28.54285714285714,32.4
2023-07-27,32.4,28.5,88,11.0,5.0,1.0,0.5,0.5,7,208,monsoon,24.6,30.4,23.2,30.1,26.066666666666666,28.099999999999998,23.3
2023-07-28,23.3,28.2,87,27.0,5.7,4.0,11.49,2.8725,7,209,monsoon,32.4,24.6,30.4,38.9,29.13333333333333,28.428571428571427,9.13
2023-07-29,9.13,27.8,84,11.2,7.0,4.0,5.93,1.4825,7,210,monsoon,23.3,32.4,24.6,30.6,26.766666666666666,26.2,11.1
2023-07-30,11.1,29.0,80,2.3,9.5,4.0,3.67,0.9175,7,211,monsoon,9.13,23.3,32.4,18.9,21.61,23.132857142857144,33.5
2023-07-31,33.5,29.6,78,0.8,12.0,9.0,28.19,3.1322222222222225,7,212,monsoon,11.1,9.13,23.3,23.2,14.51,22.018571428571427,25.85
2023-08-01,25.85,30.3,75,0.2,14.7,26.0,81.84,3.147692307692308,8,213,monsoon,33.5,11.1,9.13,30.4,17.91,23.490000000000002,18.2
2023-08-02,18.2,30.2,78,1.4,12.3,6.0,13.37,2.228333333333333,8,214,monsoon,25.85,33.5,11.1,24.6,23.483333333333334,22.84,23.9
2023-08-03,23.9,29.4,82,9.6,12.4,16.0,39.42,2.46375,8,215,monsoon,18.2,25.85,33.5,32.4,25.850000000000005,21.92571428571429,29.2
2023-08-04,29.2,28.4,88,11.5,4.9,4.0,12.89,3.2225,8,216,monsoon,23.9,18.2,25.85,23.3,22.650000000000002,20.71142857142857,28.0
2023-08-05,28.0,29.4,83,4.8,6.7,8.0,35.4,4.425,8,217,monsoon,29.2,23.9,18.2,9.13,23.76666666666667,21.554285714285715,25.9
2023-08-06,25.9,30.0,74,1.9,13.0,16.0,49.28,3.08,8,218,monsoon,28.0,29.2,23.9,11.1,27.03333333333333,24.25,22.8
2023-08-07,22.8,30.0,68,0.1,16.2,4.0,4.35,1.0875,8,219,monsoon,25.9,28.0,29.2,33.5,27.700000000000003,26.36428571428571,23.5
2023-08-08,23.5,30.3,67,0.0,17.8,6.0,23.51,3.918333333333333,8,220,monsoon,22.8,25.9,28.0,25.85,25.566666666666666,24.83571428571429,27.8
2023-08-09,27.8,30.7,65,0.0,14.3,6.0,20.82,3.47,8,221,monsoon,23.5,22.8,25.9,18.2,24.066666666666666,24.5,32.0
2023-08-10,32.0,29.9,70,1.7,11.8,11.0,72.92,6.629090909090909,8,222,monsoon,27.8,23.5,22.8,23.9,24.700000000000003,25.87142857142857,33.6
2023-08-11,33.6,30.6,67,1.6,10.8,23.0,66.7,2.9,8,223,monsoon,32.0,27.8,23.5,29.2,27.76666666666667,27.02857142857143,28.7
2023-08-12,28.7,31.3,56,0.0,16.1,10.0,14.4,1.44,8,224,monsoon,33.6,32.0,27.8,28.0,31.133333333333336,27.657142857142862,22.7
2023-08-13,22.7,31.0,61,0.7,14.7,12.0,50.29,4.190833333333333,8,225,monsoon,28.7,33.6,32.0,25.9,31.433333333333334,27.75714285714286,28.7
2023-08-14,28.7,29.7,67,0.0,9.6,5.0,7.13,1.426,8,226,monsoon,22.7,28.7,33.6,22.8,28.333333333333332,27.3,39.3
2023-08-15,39.3,29.8,74,0.1,5.6,4.0,10.66,2.665,8,227,monsoon,28.7,22.7,28.7,23.5,26.700000000000003,28.142857142857142,40.4
2023-08-16,40.4,30.9,67,0.1,9.4,11.0,29.63,2.6936363636363634,8,228,monsoon,39.3,28.7,22.7,27.8,30.233333333333334,30.4,35.4
2023-08-17,35.4,31.9,58,0.0,12.8,27.0,88.31,3.2707407407407407,8,229,monsoon,40.4,39.3,28.7,32.0,36.13333333333333,32.2,41.2
2023-08-18,41.2,31.7,60,0.1,10.0,6.0,15.63,2.605,8,230,monsoon,35.4,40.4,39.3,33.6,38.36666666666667,32.68571428571429,35.8
2023-08-19,35.8,30.3,75,7.4,7.9,4.0,33.809999999999995,8.452499999999999,8,231,monsoon,41.2,35.4,40.4,28.7,39.00000000000001,33.771428571428565,30.6
2023-08-20,30.6,31.8,69,0.1,10.4,6.0,21.93,3.655,8,232,monsoon,35.8,41.2,35.4,22.7,37.466666666666676,34.785714285714285,31.5
2023-08-21,31.5,32.0,70,0.8,7.1,7.0,46.71,6.672857142857143,8,233,monsoon,30.6,35.8,41.2,28.7,35.866666666666674,35.91428571428572,29.0
2023-08-22,29.0,30.4,79,12.6,8.3,16.0,62.34,3.89625,8,234,monsoon,31.5,30.6,35.8,39.3,32.63333333333333,36.31428571428571,18.8
2023-08-23,18.8,27.7,90,15.5,7.9,0.0,0.0,0.0,8,235,monsoon,29.0,31.5,30.6,40.4,30.366666666666674,34.84285714285714,20.1
2023-08-24,20.1,29.0,73,0.0,11.4,6.0,23.25,3.875,8,236,monsoon,18.8,29.0,31.5,35.4,26.433333333333337,31.757142857142856,27.8
2023-08-25,27.8,30.0,63,0.0,13.4,5.0,10.25,2.05,8,237,monsoon,20.1,18.8,29.0,41.2,22.63333333333334,29.571428571428573,37.7
2023-08-26,37.7,30.4,60,0.0,13.3,4.0,14.65,3.6625,8,238,monsoon,27.8,20.1,18.8,35.8,22.233333333333338,27.657142857142855,47.2
2023-08-27,47.2,30.4,56,0.1,16.7,6.0,18.74,3.123333333333333,8,239,monsoon,37.7,27.8,20.1,30.6,28.533333333333342,27.928571428571434,42.2
2023-08-28,42.2,29.4,63,2.2,14.3,10.0,18.37,1.837,8,240,monsoon,47.2,37.7,27.8,31.5,37.56666666666667,30.3,37.8
2023-08-29,37.8,30.4,59,0.0,11.9,13.0,61.21,4.708461538461538,8,241,monsoon,42.2,47.2,37.7,29.0,42.366666666666674,31.82857142857143,38.7
2023-08-30,38.7,30.9,57,0.0,11.4,16.0,83.47,5.216875,8,242,monsoon,37.8,42.2,47.2,18.8,42.400000000000006,33.08571428571428,40.7
2023-08-31,40.7,31.1,59,0.0,8.8,8.0,16.05,2.00625,8,243,monsoon,38.7,37.8,42.2,20.1,39.56666666666667,35.92857142857143,36.2
2023-09-01,36.2,31.9,54,0.0,10.7,10.0,20.04,2.004,9,244,monsoon,40.7,38.7,37.8,27.8,39.06666666666667,38.871428571428574,34.6
2023-09-02,34.6,31.8,51,0.0,13.8,29.0,61.81,2.1313793103448275,9,245,monsoon,36.2,40.7,38.7,37.7,38.53333333333334,40.07142857142857,34.7
2023-09-03,34.7,31.3,53,0.0,13.3,9.0,26.36,2.928888888888889,9,246,monsoon,34.6,36.2,40.7,47.2,37.16666666666668,39.628571428571426,31.7
2023-09-04,31.7,31.3,52,0.0,12.0,4.0,10.63,2.6575,9,247,monsoon,34.7,34.6,36.2,42.2,35.16666666666668,37.84285714285715,35.2
2023-09-05,35.2,30.7,67,6.1,8.0,11.0,48.28,4.38909090909091,9,248,monsoon,31.7,34.7,34.6,37.8,33.66666666666667,36.34285714285714,21.5
2023-09-06,21.5,30.9,64,1.7,6.6,14.0,57.43,4.102142857142857,9,249,monsoon,35.2,31.7,34.7,38.7,33.86666666666667,35.971428571428575,27.2
2023-09-07,27.2,31.9,60,0.0,5.7,30.0,101.52,3.384,9,250,monsoon,21.5,35.2,31.7,40.7,29.46666666666667,33.51428571428572,18.5
2023-09-08,18.5,30.3,68,1.3,9.6,35.0,107.28,3.0651428571428574,9,251,monsoon,27.2,21.5,35.2,36.2,27.966666666666672,31.58571428571429,9.58
2023-09-09,9.58,27.8,80,2.5,13.8,17.0,80.14,4.714117647058823,9,252,monsoon,18.5,27.2,21.5,34.6,22.400000000000006,29.057142857142857,6.98
2023-09-10,6.98,26.1,89,35.3,12.6,8.0,29.74,3.7175,9,253,monsoon,9.58,18.5,27.2,34.7,18.426666666666673,25.482857142857142,23.4
2023-09-11,23.4,27.5,81,1.0,10.0,6.0,23.42,3.9033333333333338,9,254,monsoon,6.98,9.58,18.5,31.7,11.686666666666673,21.522857142857145,31.8
2023-09-12,31.8,28.7,79,0.0,5.4,8.0,39.99,4.99875,9,255,monsoon,23.4,6.98,9.58,35.2,13.320000000000006,20.337142857142858,45.4
2023-09-13,45.4,29.7,79,7.4,5.8,30.0,95.41,3.180333333333333,9,256,monsoon,31.8,23.4,6.98,21.5,20.726666666666674,19.851428571428574,52.1
2023-09-14,52.1,29.2,82,5.5,9.0,6.0,30.76,5.126666666666667,9,257,monsoon,45.4,31.8,23.4,27.2,33.53333333333334,23.26571428571429,30.0
2023-09-15,30.0,28.1,87,5.7,7.4,8.0,33.22,4.1525,9,258,monsoon,52.1,45.4,31.8,18.5,43.1,26.822857142857146,23.3
2023-09-16,23.3,28.3,84,7.8,13.7,9.0,41.26,4.584444444444444,9,259,monsoon,30.0,52.1,45.4,9.58,42.5,28.465714285714288,18.9
2023-09-17,18.9,27.1,87,6.5,16.6,3.0,12.89,4.296666666666667,9,260,monsoon,23.3,30.0,52.1,6.98,35.13333333333334,30.425714285714285,11.2
2023-09-18,11.2,27.9,79,2.1,14.8,1.0,0.61,0.61,9,261,monsoon,18.9,23.3,30.0,23.4,24.066666666666674,32.128571428571426,19.7
2023-09-19,19.7,28.6,77,0.2,8.7,5.0,16.28,3.256,9,262,monsoon,11.2,18.9,23.3,31.8,17.800000000000004,30.385714285714283,34.2
2023-09-20,34.2,29.4,76,0.9,5.1,4.0,19.71,4.9275,9,263,monsoon,19.7,11.2,18.9,45.4,16.600000000000005,28.657142857142855,32.3
2023-09-21,32.3,28.9,81,2.6,6.8,3.0,6.2700000000000005,2.0900000000000003,9,264,monsoon,34.2,19.7,11.2,52.1,21.700000000000006,27.057142857142853,46.3
2023-09-22,46.3,29.4,78,0.3,6.6,14.0,43.88,3.134285714285714,9,265,monsoon,32.3,34.2,19.7,30.0,28.733333333333338,24.228571428571428,41.2
2023-09-23,41.2,28.6,82,1.4,6.3,12.0,34.85,2.904166666666667,9,266,monsoon,46.3,32.3,34.2,23.3,37.6,26.557142857142853,48.6
2023-09-24,48.6,27.9,80,0.9,7.6,12.0,17.27,1.4391666666666667,9,267,monsoon,41.2,46.3,32.3,18.9,39.93333333333334,29.114285714285717,57.0
2023-09-25,57.0,28.6,76,0.2,5.6,8.0,16.39,2.04875,9,268,monsoon,48.6,41.2,46.3,11.2,45.366666666666674,33.357142857142854,72.2
2023-09-26,72.2,28.8,73,0.2,6.1,4.0,7.13,1.7825,9,269,monsoon,57.0,48.6,41.2,19.7,48.93333333333334,39.9,42.9
2023-09-27,42.9,27.8,65,0.0,8.7,59.0,277.12,4.6969491525423726,9,270,monsoon,72.2,57.0,48.6,34.2,59.26666666666667,47.40000000000001,51.0
2023-09-28,51.0,26.6,62,0.0,8.4,72.0,282.6,3.925,9,271,monsoon,42.9,72.2,57.0,32.3,57.36666666666667,48.642857142857146,61.6
2023-09-29,61.6,26.8,61,0.0,7.1,170.0,631.65,3.715588235294117,9,272,monsoon,51.0,42.9,72.2,46.3,55.366666666666674,51.314285714285724,55.6
2023-09-30,55.6,27.9,57,0.0,10.7,194.0,835.74,4.3079381443298965,9,273,monsoon,61.6,51.0,42.9,41.2,51.833333333333336,53.5,56.8
2023-10-01,56.8,27.4,54,0.0,10.6,138.0,718.86,5.209130434782609,10,274,post_monsoon,55.6,61.6,51.0,48.6,56.06666666666667,55.55714285714286,48.7
2023-10-02,48.7,26.7,43,0.0,11.7,208.0,955.69,4.594663461538461,10,275,post_monsoon,56.8,55.6,61.6,57.0,58.0,56.728571428571435,51.2
2023-10-03,51.2,26.4,40,0.0,12.4,194.0,1128.55,5.817268041237114,10,276,post_monsoon,48.7,56.8,55.6,72.2,53.70000000000001,55.542857142857144,58.9
2023-10-04,58.9,26.3,53,0.0,12.3,324.0,1584.22,4.889567901234568,10,277,post_monsoon,51.2,48.7,56.8,42.9,52.23333333333334,52.542857142857144,74.5
2023-10-05,74.5,26.4,52,0.0,11.2,350.0,1630.35,4.658142857142857,10,278,post_monsoon,58.9,51.2,48.7,51.0,52.93333333333334,54.82857142857143,77.7
2023-10-06,77.7,27.3,51,0.0,8.6,213.0,992.22,4.6583098591549295,10,279,post_monsoon,74.5,58.9,51.2,61.6,61.53333333333334,58.18571428571429,60.0
2023-10-07,60.0,28.3,60,0.0,8.8,112.0,491.5,4.388392857142857,10,280,post_monsoon,77.7,74.5,58.9,55.6,70.36666666666667,60.48571428571429,51.4
2023-10-08,51.4,29.7,58,0.0,9.2,203.0,961.71,4.737487684729064,10,281,post_monsoon,60.0,77.7,74.5,56.8,70.73333333333335,61.114285714285714,54.3
2023-10-09,54.3,29.3,54,0.0,9.8,233.0,1155.27,4.958240343347639,10,282,post_monsoon,51.4,60.0,77.7,48.7,63.03333333333334,60.34285714285714,51.3
2023-10-10,51.3,28.4,55,2.5,9.8,239.0,865.76,3.622426778242678,10,283,post_monsoon,54.3,51.4,60.0,51.2,55.23333333333334,61.142857142857146,83.8
2023-10-11,83.8,26.5,57,0.0,10.5,267.0,1288.39,4.825430711610487,10,284,post_monsoon,51.3,54.3,51.4,58.9,52.333333333333336,61.15714285714286,105.0
2023-10-12,105.0,25.8,54,0.0,9.0,207.0,987.96,4.772753623188406,10,285,post_monsoon,83.8,51.3,54.3,74.5,63.13333333333333,64.71428571428571,110.0
2023-10-13,110.0,27.5,55,0.0,7.8,254.0,1168.61,4.600826771653543,10,286,post_monsoon,105.0,83.8,51.3,77.7,80.03333333333335,69.07142857142857,93.7
2023-10-14,93.7,28.2,52,0.0,8.0,314.0,1594.96,5.079490445859872,10,287,post_monsoon,110.0,105.0,83.8,60.0,99.60000000000001,73.68571428571428,72.3
2023-10-15,72.3,27.3,55,0.1,7.0,315.0,1332.54,4.230285714285714,10,288,post_monsoon,93.7,110.0,105.0,51.4,102.90000000000002,78.5,62.7
2023-10-16,62.7,24.3,65,9.9,11.8,32.0,143.39,4.4809375000000005,10,289,post_monsoon,72.3,93.7,110.0,54.3,92.0,81.48571428571428,39.2
2023-10-17,39.2,22.3,72,3.3,7.0,11.0,36.81,3.3463636363636367,10,290,post_monsoon,62.7,72.3,93.7,51.3,76.23333333333335,82.68571428571428,51.5
2023-10-18,51.5,22.6,65,0.0,10.6,68.0,283.59,4.170441176470588,10,291,post_monsoon,39.2,62.7,72.3,83.8,58.066666666666684,80.95714285714287,43.9
2023-10-19,43.9,21.9,63,0.0,9.2,133.0,686.92,5.164812030075188,10,292,post_monsoon,51.5,39.2,62.7,105.0,51.13333333333335,76.34285714285716,94.0
2023-10-20,94.0,22.4,65,0.0,7.4,365.0,1802.79,4.939150684931507,10,293,post_monsoon,43.9,51.5,39.2,110.0,44.866666666666674,67.61428571428571,133.0
2023-10-21,133.0,22.8,63,0.0,7.0,400.0,1670.42,4.17605,10,294,post_monsoon,94.0,43.9,51.5,93.7,63.13333333333335,65.32857142857142,137.0
2023-10-22,137.0,23.3,61,0.0,6.4,82.0,348.6,4.251219512195123,10,295,post_monsoon,133.0,94.0,43.9,72.3,90.30000000000001,70.94285714285715,127.0
2023-10-23,127.0,23.2,64,0.0,8.5,243.0,1218.55,5.014609053497942,10,296,post_monsoon,137.0,133.0,94.0,62.7,121.33333333333333,80.1857142857143,97.1
2023-10-24,97.1,23.4,60,0.0,7.9,515.0,2681.04,5.205902912621359,10,297,post_monsoon,127.0,137.0,133.0,39.2,132.33333333333334,89.37142857142858,126.0
2023-10-25,126.0,23.2,59,0.0,8.8,637.0,3447.38,5.411899529042386,10,298,post_monsoon,97.1,127.0,137.0,51.5,120.36666666666667,97.64285714285714,119.0
2023-10-26,119.0,22.9,58,0.0,9.0,1304.0,6128.15,4.699501533742331,10,299,post_monsoon,126.0,97.1,127.0,43.9,116.7,108.28571428571429,129.0
2023-10-27,129.0,22.9,51,0.0,8.3,753.0,4634.32,6.1544754316069055,10,300,post_monsoon,119.0,126.0,97.1,94.0,114.03333333333335,119.0142857142857,136.0
2023-10-28,136.0,24.4,48,0.0,5.1,202.0,1083.01,5.361435643564357,10,301,post_monsoon,129.0,119.0,126.0,133.0,124.66666666666667,124.0142857142857,146.0
2023-10-29,146.0,24.0,56,0.0,5.7,1025.0,5769.69,5.628965853658536,10,302,post_monsoon,136.0,129.0,119.0,137.0,128.0,124.44285714285714,151.0
2023-10-30,151.0,23.9,67,0.0,7.1,1170.0,7326.73,6.262162393162392,10,303,post_monsoon,146.0,136.0,129.0,127.0,137.0,125.72857142857141,189.0
2023-10-31,189.0,24.1,69,0.0,6.5,1707.0,9421.21,5.519162272993555,10,304,post_monsoon,151.0,146.0,136.0,97.1,144.33333333333334,129.15714285714284,187.0
2023-11-01,187.0,24.0,66,0.0,6.8,1620.0,9781.77,6.03812962962963,11,305,post_monsoon,189.0,151.0,146.0,126.0,162.0,142.28571428571428,294.0
2023-11-02,294.0,24.1,66,0.0,7.4,5.0,3.53,0.706,11,306,post_monsoon,187.0,189.0,151.0,119.0,175.66666666666666,151.0,319.0
2023-11-03,319.0,22.5,70,1.1,8.1,1108.0,6737.0,6.080324909747293,11,307,post_monsoon,294.0,187.0,189.0,129.0,223.33333333333334,176.0,358.0
2023-11-04,358.0,22.5,66,0.0,7.8,1594.0,11872.62,7.44831869510665,11,308,post_monsoon,319.0,294.0,187.0,136.0,266.6666666666667,203.14285714285714,314.0
2023-11-05,314.0,22.7,62,0.0,7.4,3669.0,25021.68,6.819754701553557,11,309,post_monsoon,358.0,319.0,294.0,146.0,323.6666666666667,234.85714285714286,260.0
2023-11-06,260.0,22.2,60,0.0,6.0,2114.0,11790.69,5.577431409649953,11,310,post_monsoon,314.0,358.0,319.0,151.0,330.3333333333333,258.85714285714283,249.0
2023-11-07,249.0,22.5,64,0.0,7.5,1680.0,10856.86,6.462416666666667,11,311,post_monsoon,260.0,314.0,358.0,189.0,310.6666666666667,274.42857142857144,300.0
2023-11-08,300.0,22.7,65,0.0,6.9,1401.0,8658.07,6.179921484653819,11,312,post_monsoon,249.0,260.0,314.0,187.0,274.3333333333333,283.0,297.0
2023-11-09,297.0,22.7,65,0.0,7.3,880.0,5621.92,6.388545454545454,11,313,post_monsoon,300.0,249.0,260.0,294.0,269.6666666666667,299.14285714285717,122.0
2023-11-10,122.0,20.5,76,2.9,9.2,41.0,176.59,4.307073170731708,11,314,post_monsoon,297.0,300.0,249.0,319.0,282.0,299.57142857142856,94.4
2023-11-11,94.4,19.2,76,0.0,8.2,398.0,2019.68,5.074572864321608,11,315,post_monsoon,122.0,297.0,300.0,358.0,239.66666666666666,271.42857142857144,132.0
2023-11-12,132.0,18.8,74,0.0,8.1,1184.0,7928.82,6.696638513513514,11,316,post_monsoon,94.4,122.0,297.0,314.0,171.13333333333333,233.77142857142857,286.0
2023-11-13,286.0,19.0,73,0.0,6.4,1386.0,9442.72,6.812929292929293,11,317,post_monsoon,132.0,94.4,122.0,260.0,116.13333333333333,207.77142857142857,257.0
2023-11-14,257.0,18.9,71,0.0,7.7,2075.0,12946.07,6.239069879518072,11,318,post_monsoon,286.0,132.0,94.4,249.0,170.79999999999998,211.4857142857143,269.0
2023-11-15,269.0,18.5,72,0.0,7.7,2132.0,15774.39,7.398869606003752,11,319,post_monsoon,257.0,286.0,132.0,300.0,225.0,212.62857142857143,345.0
2023-11-16,345.0,19.7,69,0.0,5.8,1665.0,10211.02,6.132744744744745,11,320,post_monsoon,269.0,257.0,286.0,297.0,270.6666666666667,208.20000000000002,236.0
2023-11-17,236.0,20.4,71,0.0,6.0,1208.0,8138.86,6.737466887417218,11,321,post_monsoon,345.0,269.0,257.0,122.0,290.3333333333333,215.05714285714288,153.0
2023-11-18,153.0,19.9,70,0.0,5.7,543.0,4028.02,7.418084714548803,11,322,post_monsoon,236.0,345.0,269.0,94.4,283.3333333333333,231.34285714285716,136.0
2023-11-19,136.0,20.1,66,0.0,5.5,931.0,6074.06,6.524232008592911,11,323,post_monsoon,153.0,236.0,345.0,132.0,244.66666666666666,239.71428571428572,187.0
2023-11-20,187.0,19.6,65,0.0,6.7,628.0,4404.96,7.014267515923567,11,324,post_monsoon,136.0,153.0,236.0,286.0,175.0,240.28571428571428,259.0
2023-11-21,259.0,18.8,70,0.0,10.3,817.0,5188.88,6.351138310893513,11,325,post_monsoon,187.0,136.0,153.0,257.0,158.66666666666666,226.14285714285714,257.0
2023-11-22,257.0,18.1,65,0.0,11.2,573.0,3229.67,5.636422338568935,11,326,post_monsoon,259.0,187.0,136.0,269.0,194.0,226.42857142857142,242.0
2023-11-23,242.0,18.0,68,0.0,4.9,310.0,1840.23,5.936225806451613,11,327,post_monsoon,257.0,259.0,187.0,345.0,234.33333333333334,224.71428571428572,269.0
2023-11-24,269.0,18.5,69,0.0,6.0,216.0,1098.86,5.087314814814814,11,328,post_monsoon,242.0,257.0,259.0,236.0,252.66666666666666,210.0,243.0
2023-11-25,243.0,18.5,68,0.0,6.0,70.0,471.99,6.742714285714285,11,329,post_monsoon,269.0,242.0,257.0,153.0,256.0,214.71428571428572,216.0
2023-11-26,216.0,19.2,68,0.0,7.8,87.0,610.78,7.020459770114942,11,330,post_monsoon,243.0,269.0,242.0,136.0,251.33333333333334,227.57142857142858,211.0
2023-11-27,211.0,18.5,75,4.0,10.3,22.0,52.12,2.369090909090909,11,331,post_monsoon,216.0,243.0,269.0,187.0,242.66666666666666,239.0,132.0
2023-11-28,132.0,17.4,88,3.2,5.9,54.0,156.22,2.892962962962963,11,332,post_monsoon,211.0,216.0,243.0,259.0,223.33333333333334,242.42857142857142,183.0
2023-11-29,183.0,18.5,80,0.4,6.3,44.0,192.05,4.364772727272727,11,333,post_monsoon,132.0,211.0,216.0,257.0,186.33333333333334,224.28571428571428,231.0
2023-11-30,231.0,17.8,84,1.0,7.6,31.0,115.5,3.725806451612903,11,334,post_monsoon,183.0,132.0,211.0,242.0,175.33333333333334,213.71428571428572,233.0
2023-12-01,233.0,18.4,81,0.1,6.3,74.0,347.06,4.69,12,335,winter,231.0,183.0,132.0,269.0,182.0,212.14285714285714,174.0
2023-12-02,174.0,18.0,79,0.0,7.1,152.0,561.86,3.696447368421053,12,336,winter,233.0,231.0,183.0,243.0,215.66666666666666,207.0,129.0
2023-12-03,129.0,18.0,74,0.1,6.8,145.0,465.26,3.208689655172414,12,337,winter,174.0,233.0,231.0,216.0,212.66666666666666,197.14285714285714,151.0
2023-12-04,151.0,17.8,73,0.0,7.9,42.0,126.78,3.0185714285714287,12,338,winter,129.0,174.0,233.0,211.0,178.66666666666666,184.71428571428572,134.0
2023-12-05,134.0,16.5,73,0.0,8.4,65.0,180.27,2.773384615384616,12,339,winter,151.0,129.0,174.0,132.0,151.33333333333334,176.14285714285714,140.0
2023-12-06,140.0,16.4,76,0.0,7.0,125.0,474.96,3.79968,12,340,winter,134.0,151.0,129.0,183.0,138.0,176.42857142857142,164.0
2023-12-07,164.0,16.7,77,0.0,8.0,147.0,536.68,3.650884353741496,12,341,winter,140.0,134.0,151.0,231.0,141.66666666666666,170.28571428571428,150.0
2023-12-08,150.0,16.5,74,0.0,8.6,144.0,522.19,3.626319444444445,12,342,winter,164.0,140.0,134.0,233.0,146.0,160.71428571428572,167.0
2023-12-09,167.0,15.9,70,0.0,9.7,111.0,482.39,4.345855855855856,12,343,winter,150.0,164.0,140.0,174.0,151.33333333333334,148.85714285714286,168.0
2023-12-10,168.0,15.5,68,0.0,11.7,107.0,298.14,2.786355140186916,12,344,winter,167.0,150.0,164.0,129.0,160.33333333333334,147.85714285714286,164.0
2023-12-11,164.0,15.2,69,0.0,6.2,95.0,384.75,4.05,12,345,winter,168.0,167.0,150.0,151.0,161.66666666666666,153.42857142857142,206.0
2023-12-12,206.0,15.6,70,0.0,6.3,108.0,389.54,3.606851851851852,12,346,winter,164.0,168.0,167.0,134.0,166.33333333333334,155.28571428571428,223.0
2023-12-13,223.0,15.9,67,0.0,6.9,182.0,643.17,3.5339010989010986,12,347,winter,206.0,164.0,168.0,140.0,179.33333333333334,165.57142857142858,172.0
2023-12-14,172.0,14.7,71,0.0,10.3,71.0,242.68,3.418028169014085,12,348,winter,223.0,206.0,164.0,164.0,197.66666666666666,177.42857142857142,184.0
2023-12-15,184.0,14.2,71,0.0,6.9,65.0,203.23,3.126615384615385,12,349,winter,172.0,223.0,206.0,150.0,200.33333333333334,178.57142857142858,195.0
2023-12-16,195.0,14.5,67,0.0,7.9,98.0,465.47,4.749693877551021,12,350,winter,184.0,172.0,223.0,167.0,193.0,183.42857142857142,203.0
2023-12-17,203.0,15.4,64,0.0,8.3,113.0,472.21,4.178849557522124,12,351,winter,195.0,184.0,172.0,168.0,183.66666666666666,187.42857142857142,178.0
