date,pm25,temperature,humidity,rainfall,wind_speed,fire_count,total_frp,mean_frp
2016-11-09,270.0,21.7,51,0.0,9.5,4052.0,32329.46,7.978642645607107
2016-11-10,259.0,21.0,59,0.0,7.1,3169.0,17701.61,5.585866203849795
2016-11-11,274.0,21.0,64,0.0,7.4,4339.0,32915.66,7.586001382807099
2016-11-12,238.0,21.7,60,0.0,7.6,2280.0,15017.25,6.5865131578947365
2016-11-13,175.0,21.9,58,0.0,4.9,1195.0,7370.45,6.167740585774059
2016-11-14,167.0,21.9,61,0.0,4.7,780.0,5205.65,6.673910256410256
2016-11-15,202.0,21.4,52,0.0,6.7,1008.0,6140.48,6.091746031746031
2016-11-16,250.0,20.1,52,0.0,8.7,1180.0,8069.43,6.838500000000001
2016-11-17,215.0,20.1,50,0.0,12.5,1335.0,7768.5199999999995,5.819116104868914
2016-11-18,195.0,20.1,55,0.0,10.4,915.0,4957.63,5.4181748633879785
2016-11-19,201.0,19.6,58,0.0,7.0,398.0,2239.32,5.62643216080402
2016-11-20,211.0,19.7,62,0.0,6.4,453.0,2635.18,5.817174392935982
2016-11-21,198.0,20.4,60,0.0,7.1,308.0,1836.21,5.961720779220779
2016-11-22,113.0,20.6,53,0.0,9.9,340.0,1848.13,5.435676470588236
2016-11-23,144.0,20.7,58,0.0,10.5,293.0,1102.98,3.7644368600682596
2016-11-24,231.0,20.0,56,0.0,10.2,179.0,711.05,3.9723463687150837
2016-11-25,90.5,21.3,43,0.0,17.8,149.0,654.79,4.394563758389261
2016-11-26,80.1,22.0,39,0.0,17.4,103.0,693.33,6.731359223300971
2016-11-27,99.7,21.5,42,0.0,14.8,156.0,784.67,5.029935897435897
2016-11-28,78.1,21.0,41,0.0,12.6,181.0,584.54,3.229502762430939
2016-11-29,169.0,18.7,55,0.0,6.2,176.0,543.27,3.0867613636363633
2016-11-30,248.0,19.1,71,0.0,8.1,89.0,330.04,3.708314606741573
2016-12-01,276.0,19.9,75,0.0,6.0,81.0,275.39,3.3998765432098765
2016-12-02,283.0,19.3,72,0.0,5.8,134.0,454.95,3.395149253731343
2016-12-03,188.0,18.2,62,0.0,6.6,239.0,1009.27,4.222887029288703
2016-12-04,149.0,17.7,59,0.0,7.5,277.0,1029.24,3.715667870036101
2016-12-05,168.0,18.0,63,0.0,8.1,158.0,724.4399999999999,4.58506329113924
2016-12-06,278.0,18.2,68,0.0,5.8,99.0,392.72,3.966868686868687
2016-12-07,271.0,18.2,72,0.0,4.8,85.0,309.0,3.635294117647059
2016-12-08,261.0,17.8,73,0.0,4.2,147.0,569.24,3.8723809523809525
2016-12-09,230.0,18.2,71,0.0,4.4,199.0,750.49,3.7713065326633166
2016-12-10,219.0,18.6,74,0.0,7.8,6.0,11.35,1.8916666666666666
2016-12-11,188.0,19.2,71,0.0,5.7,74.0,286.71,3.8744594594594592
2016-12-12,164.0,18.7,68,0.0,7.0,46.0,135.39,2.943260869565217
2016-12-13,173.0,18.1,72,0.0,7.3,80.0,354.52,4.4315
2016-12-14,142.0,17.4,69,0.0,9.3,170.0,555.17,3.265705882352941
2016-12-15,146.0,16.4,61,0.0,11.4,139.0,461.38,3.3192805755395685
2016-12-16,152.0,15.3,64,0.0,7.6,128.0,457.62,3.57515625
2016-12-17,228.0,15.3,66,0.0,8.0,148.0,935.9499999999999,6.323986486486486
2016-12-18,225.0,15.0,64,0.0,8.4,212.0,854.89,4.0325
2016-12-19,245.0,15.3,63,0.0,11.1,280.0,1277.66,4.563071428571429
2016-12-20,157.0,17.2,57,0.0,16.7,220.0,1180.04,5.363818181818182
2016-12-21,119.0,17.3,52,0.0,14.8,374.0,1642.7,4.392245989304813
2016-12-22,165.0,16.5,60,0.0,7.5,246.0,969.39,3.940609756097561
2016-12-23,342.0,16.7,68,0.0,3.2,186.0,883.75,4.751344086021505
2016-12-24,443.0,16.1,73,0.0,9.6,148.0,682.63,4.6123648648648645
2016-12-25,279.0,16.2,78,0.0,9.1,132.0,457.11,3.4629545454545454
2016-12-26,186.0,16.1,73,0.0,11.5,100.0,395.43,3.9543
2016-12-27,185.0,15.7,63,0.0,10.2,89.0,337.42,3.79123595505618
2016-12-28,201.0,15.8,68,0.0,6.3,61.0,399.95,6.55655737704918
2016-12-29,262.0,15.8,76,0.0,8.7,51.0,246.24,4.828235294117647
2016-12-30,208.0,16.0,80,0.0,9.1,137.0,472.84,3.4513868613138685
2016-12-31,210.0,15.6,79,0.0,9.3,84.0,336.6,4.007142857142857
2017-01-01,162.0,15.7,80,0.0,9.1,74.0,312.37,4.221216216216217
2017-01-02,162.0,15.5,82,0.0,7.0,73.0,259.29,3.5519178082191782
2017-01-03,216.0,16.1,75,0.0,5.2,62.0,192.14,3.0990322580645158
2017-01-04,174.0,16.6,74,0.0,5.8,128.0,477.85,3.733203125
2017-01-05,156.0,16.7,78,0.0,6.6,133.0,412.16,3.0989473684210527
2017-01-06,154.0,16.8,77,1.8,10.8,24.0,130.77,5.44875
2017-01-07,134.0,14.6,87,5.4,10.7,2.0,6.5,3.25
2017-01-08,125.0,13.6,81,0.0,8.0,7.0,19.73,2.8185714285714285
2017-01-09,145.0,13.0,72,0.0,9.5,47.0,177.01,3.766170212765957
2017-01-10,102.0,11.0,60,0.0,10.9,75.0,255.06,3.4008
2017-01-11,137.0,9.7,58,0.0,10.7,78.0,310.64,3.9825641025641025
2017-01-12,217.0,10.1,64,0.0,8.9,36.0,119.61,3.3225
2017-01-13,229.0,10.5,66,0.0,9.2,68.0,302.23,4.4445588235294125
2017-01-14,297.0,11.3,64,0.0,7.5,31.0,127.99,4.128709677419355
2017-01-15,178.0,13.8,63,0.0,6.7,79.0,269.59,3.41253164556962
2017-01-16,165.0,14.5,62,0.2,11.6,57.0,162.62,2.852982456140351
2017-01-17,129.0,10.7,76,0.0,9.7,9.0,29.63,3.292222222222222
2017-01-18,169.0,11.5,73,0.0,8.8,22.0,77.68,3.530909090909091
2017-01-19,160.0,12.9,66,0.0,13.5,60.0,245.83,4.097166666666667
2017-01-20,106.0,12.0,68,0.0,12.3,58.0,219.47,3.7839655172413793
2017-01-21,224.0,13.2,66,0.1,9.5,26.0,95.28,3.664615384615385
2017-01-22,269.0,15.7,73,0.0,8.0,80.0,344.37,4.304625
2017-01-23,219.0,16.3,71,0.0,9.2,18.0,62.82,3.49
2017-01-24,190.0,16.9,71,0.0,6.7,39.0,145.71,3.7361538461538464
2017-01-25,218.0,18.4,75,12.8,12.9,4.0,28.11,7.0275
2017-01-26,134.0,16.3,90,33.3,11.8,8.0,28.86,3.6075
2017-01-27,54.3,14.7,81,1.8,12.9,2.0,2.6500000000000004,1.3250000000000002
2017-01-28,116.0,14.2,82,0.0,10.0,1.0,5.72,5.72
2017-01-29,110.0,14.9,82,0.0,12.4,5.0,22.110000000000003,4.422000000000001
2017-01-30,153.0,14.8,84,0.0,7.3,9.0,28.11,3.123333333333333
2017-01-31,149.0,15.6,84,0.0,6.9,64.0,287.6,4.49375
2017-02-01,116.0,14.7,81,0.0,9.0,55.0,156.78,2.8505454545454545
2017-02-02,180.0,14.7,79,0.0,6.3,30.0,155.12,5.1706666666666665
2017-02-03,191.0,14.7,82,0.0,6.9,27.0,138.82,5.141481481481481
2017-02-04,149.0,16.8,79,0.0,14.6,3.0,7.32,2.44
2017-02-05,136.0,17.7,79,3.2,13.0,33.0,128.47,3.893030303030303
2017-02-06,165.0,16.2,78,0.1,10.7,61.0,273.82,4.488852459016393
2017-02-07,70.2,14.3,73,0.0,11.4,57.0,321.1,5.633333333333334
2017-02-08,118.0,14.8,73,0.0,8.2,79.0,349.39,4.4226582278481015
2017-02-09,110.0,14.7,72,0.0,10.9,119.0,436.21,3.6656302521008404
2017-02-10,105.0,14.5,68,0.0,12.4,169.0,831.59,4.920650887573965
2017-02-11,111.0,14.0,70,0.0,8.1,202.0,785.32,3.887722772277228
2017-02-12,123.0,15.0,72,0.0,7.6,180.0,702.54,3.9029999999999996
2017-02-13,104.0,15.8,68,0.0,9.3,117.0,534.57,4.568974358974359
2017-02-14,121.0,16.4,65,0.0,10.5,37.0,192.29,5.197027027027027
2017-02-15,126.0,17.6,65,0.0,9.7,62.0,341.68,5.510967741935484
2017-02-16,121.0,19.9,61,0.0,12.7,89.0,387.26,4.35123595505618
2017-02-17,99.3,20.1,64,0.0,12.0,63.0,225.05,3.5722222222222224
2017-02-18,97.0,20.6,66,0.0,10.2,48.0,210.25,4.380208333333333
2017-02-19,103.0,21.5,62,0.0,8.9,63.0,228.09,3.6204761904761904
2017-02-20,98.7,22.4,63,0.0,7.6,50.0,183.93,3.6786000000000003
2017-02-21,89.2,19.4,64,0.0,10.3,74.0,257.94,3.4856756756756755
2017-02-22,91.3,18.9,57,0.0,8.9,106.0,361.93,3.414433962264151
2017-02-23,40.8,17.9,44,0.0,13.8,69.0,323.1,4.682608695652174
2017-02-24,44.3,18.3,37,0.0,17.7,82.0,299.1,3.6475609756097565
2017-02-25,53.4,19.3,39,0.0,16.9,67.0,372.3,5.556716417910448
2017-02-26,98.5,18.8,46,0.0,13.2,98.0,412.05,4.204591836734694
2017-02-27,70.4,19.4,48,0.0,11.2,118.0,487.0,4.127118644067797
2017-02-28,60.6,22.0,47,0.0,5.6,34.0,182.09,5.3555882352941175
2017-03-01,89.1,22.2,56,2.9,7.3,59.0,313.34,5.310847457627118
2017-03-02,95.2,20.3,62,1.3,7.4,54.0,264.79,4.903518518518519
2017-03-03,43.8,19.7,46,0.0,10.3,38.0,104.4,2.7473684210526317
2017-03-04,65.6,18.4,43,0.0,11.4,90.0,338.62,3.7624444444444447
2017-03-05,68.5,18.8,43,0.0,13.4,108.0,586.63,5.431759259259259
2017-03-06,86.7,19.4,43,0.0,11.9,101.0,416.78,4.126534653465346
2017-03-07,79.9,20.5,46,0.0,8.0,21.0,86.32000000000001,4.110476190476191
2017-03-08,44.5,20.5,50,1.2,11.3,22.0,99.03999999999999,4.501818181818181
2017-03-09,47.2,19.1,64,0.3,9.6,26.0,76.3,2.9346153846153844
2017-03-10,33.5,17.1,77,12.1,11.1,32.0,96.47,3.0146875
2017-03-11,22.1,16.1,76,1.3,10.0,11.0,35.55,3.2318181818181815
2017-03-12,32.3,15.9,63,0.0,9.6,40.0,121.05,3.02625
2017-03-13,60.5,16.2,53,0.0,11.7,53.0,164.57,3.1050943396226414
2017-03-14,52.5,17.5,53,0.0,8.2,60.0,245.29,4.088166666666667
2017-03-15,110.0,18.9,54,0.0,9.7,62.0,270.52,4.363225806451613
2017-03-16,87.0,20.3,52,0.0,8.3,23.0,113.41,4.9308695652173915
2017-03-17,83.2,19.8,56,0.0,11.4,67.0,350.36,5.229253731343284
2017-03-18,74.9,20.5,50,0.0,8.8,27.0,97.3,3.6037037037037036
2017-03-19,70.7,21.5,55,1.3,7.8,42.0,148.67999999999998,3.5399999999999996
2017-03-20,109.0,21.8,56,0.0,11.7,48.0,250.64000000000001,5.221666666666667
2017-03-21,169.0,23.5,48,0.0,11.9,60.0,245.71,4.095166666666667
2017-03-22,87.1,25.5,48,0.0,12.3,19.0,75.34,3.965263157894737
2017-03-23,132.0,25.8,50,0.2,7.8,39.0,147.91,3.7925641025641026
2017-03-24,103.0,26.0,47,0.0,12.2,43.0,154.17,3.585348837209302
2017-03-25,49.1,25.4,41,0.0,12.8,52.0,175.76,3.38
2017-03-26,82.2,26.7,38,0.0,15.1,72.0,363.05,5.042361111111111
2017-03-27,61.0,28.4,40,0.0,16.9,37.0,193.75,5.236486486486487
2017-03-28,110.0,28.9,43,0.0,12.0,30.0,148.09,4.936333333333334
2017-03-29,96.1,29.7,39,0.0,14.2,50.0,141.64000000000001,2.8328
2017-03-30,48.2,29.8,36,0.0,13.6,91.0,392.48,4.312967032967033
2017-03-31,66.0,30.0,39,0.0,10.8,147.0,511.81,3.481700680272109
2017-04-01,78.6,29.8,35,0.0,12.9,112.0,402.91,3.5974107142857146
2017-04-02,72.1,29.4,29,0.0,13.4,135.0,543.24,4.024
2017-04-03,52.7,29.1,31,0.0,10.6,153.0,579.78,3.789411764705882
2017-04-04,43.2,29.0,32,0.0,10.5,20.0,91.24,4.561999999999999
2017-04-05,27.5,28.3,41,1.1,20.4,14.0,61.2,4.371428571428572
2017-04-06,49.3,28.7,40,0.0,17.5,23.0,93.3,4.056521739130434
2017-04-07,161.0,26.4,40,0.0,10.2,25.0,71.03,2.8412
2017-04-08,107.0,25.5,24,0.0,10.2,31.0,106.5,3.435483870967742
2017-04-09,26.9,25.6,22,0.0,17.4,101.0,362.77,3.5917821782178216
2017-04-10,35.9,25.9,22,0.0,20.5,103.0,604.26,5.8666019417475725
2017-04-11,58.2,28.1,24,0.0,19.1,86.0,321.19,3.7347674418604653
2017-04-12,77.9,29.5,26,0.0,15.6,72.0,294.66,4.0925
2017-04-13,85.0,30.3,27,0.0,8.8,42.0,162.87,3.877857142857143
2017-04-14,121.0,30.9,28,0.0,8.6,95.0,464.79,4.892526315789474
2017-04-15,108.0,31.3,27,0.0,10.2,94.0,456.96,4.86127659574468
2017-04-16,559.0,31.0,31,0.0,8.7,71.0,281.26,3.961408450704225
2017-04-17,700.0,31.9,38,0.0,10.7,61.0,451.19,7.39655737704918
2017-04-18,174.0,32.7,35,0.0,8.8,161.0,1564.59,9.717950310559006
2017-04-19,75.9,33.7,20,0.0,11.2,173.0,1297.71,7.50121387283237
2017-04-20,78.4,33.7,25,0.0,9.7,125.0,754.97,6.03976
2017-04-21,98.4,33.3,38,0.0,10.8,117.0,538.06,4.598803418803418
2017-04-22,102.0,32.5,47,2.0,8.6,30.0,296.38,9.879333333333333
2017-04-23,94.3,31.4,38,0.0,10.8,97.0,574.72,5.9249484536082475
2017-04-24,243.0,30.4,31,2.1,11.6,213.0,882.29,4.142206572769953
2017-04-25,63.6,30.5,24,0.0,13.3,309.0,1958.7,6.3388349514563105
2017-04-26,32.7,29.9,23,0.0,10.3,441.0,2666.99,6.0475963718820855
2017-04-27,54.7,30.6,24,0.0,8.4,215.0,1136.51,5.286093023255814
2017-04-28,64.4,30.4,29,0.3,9.5,328.0,1655.78,5.048109756097561
2017-04-29,34.6,30.8,30,0.0,7.1,404.0,2167.33,5.364678217821782
2017-04-30,36.55,30.0,34,0.1,12.1,434.0,2580.5,5.945852534562212
2017-05-01,38.5,29.9,31,0.0,7.4,803.0,7125.75,8.873910336239103
2017-05-02,88.9,31.9,22,0.0,5.7,686.0,4991.44,7.276151603498541
2017-05-03,112.0,31.6,25,0.0,8.9,280.0,1626.04,5.807285714285714
2017-05-04,74.3,31.6,25,0.0,12.9,1723.0,8996.75,5.221561230412072
2017-05-05,142.0,31.7,26,0.0,10.4,2668.0,15905.51,5.961585457271364
2017-05-06,151.0,33.2,24,0.0,9.2,2088.0,15598.77,7.470675287356322
2017-05-07,128.0,34.5,23,0.0,8.6,2291.0,18214.6,7.950501964207769
2017-05-08,120.0,34.2,23,0.0,8.1,1528.0,14709.63,9.626721204188481
2017-05-09,68.2,33.7,32,0.0,13.4,1930.0,12372.53,6.410637305699482
2017-05-10,52.6,32.3,44,1.8,14.5,1356.0,7078.99,5.220494100294985
2017-05-11,167.0,33.6,38,0.0,10.6,1051.0,6427.78,6.1158705994291145
2017-05-12,146.0,33.1,37,1.4,9.1,1282.0,9494.03,7.405639625585024
2017-05-13,98.6,33.6,33,0.1,9.4,613.0,4361.42,7.114877650897227
2017-05-14,86.8,35.0,23,0.0,9.9,1213.0,8324.04,6.8623577906018145
2017-05-15,64.5,35.2,22,0.0,9.6,691.0,3021.25,4.3722865412445735
2017-05-16,92.0,33.8,28,0.7,11.8,362.0,1890.07,5.221187845303867
2017-05-17,58.5,31.1,40,1.0,8.0,261.0,1261.23,4.832298850574713
2017-05-18,71.6,31.5,43,0.4,9.5,491.0,3091.37,6.296069246435845
2017-05-19,52.6,33.1,38,0.0,8.3,528.0,3314.88,6.278181818181818
2017-05-20,66.6,33.1,31,0.0,8.0,236.0,1326.43,5.620466101694915
2017-05-21,110.0,32.4,34,0.0,9.5,24.0,77.74,3.2391666666666663
2017-05-22,124.0,30.7,44,0.9,7.1,234.0,1230.32,5.257777777777777
2017-05-23,117.0,31.5,42,0.1,9.4,365.0,2484.41,6.806602739726027
2017-05-24,71.8,33.0,40,0.2,8.8,239.0,1542.56,6.454225941422594
2017-05-25,59.8,33.5,39,0.0,8.0,186.0,1128.15,6.065322580645161
2017-05-26,76.0,35.4,33,0.0,10.5,196.0,994.22,5.072551020408163
2017-05-27,48.8,32.9,46,0.2,15.7,127.0,740.85,5.833464566929134
2017-05-28,29.5,32.4,51,0.3,16.8,201.0,1090.14,5.423582089552239
2017-05-29,39.6,29.9,57,2.4,13.8,56.0,366.47,6.544107142857143
2017-05-30,49.9,30.0,61,0.5,7.3,124.0,662.41,5.342016129032258
2017-05-31,43.1,30.9,57,0.2,12.4,23.0,74.11,3.2221739130434783
2017-06-01,72.7,31.4,55,0.0,7.4,75.0,440.43,5.8724
2017-06-02,97.8,32.6,43,0.0,8.9,118.0,729.38,6.181186440677966
2017-06-03,74.6,35.2,35,0.0,12.2,77.0,352.57,4.578831168831169
2017-06-04,80.5,37.3,26,0.0,16.4,147.0,753.32,5.124625850340136
2017-06-05,41.4,37.9,29,0.0,19.3,60.0,379.25,6.320833333333334
2017-06-06,45.0,36.8,36,0.3,16.4,15.0,70.97,4.731333333333334
2017-06-07,27.8,31.7,57,0.6,13.0,9.0,38.16,4.239999999999999
2017-06-08,35.6,31.4,57,3.8,6.4,4.0,54.730000000000004,13.682500000000001
2017-06-09,57.0,31.0,55,0.3,6.4,22.0,86.4,3.9272727272727277
2017-06-10,61.5,32.2,51,0.6,6.4,61.0,222.87,3.6536065573770493
2017-06-11,34.3,32.1,46,0.2,7.0,25.0,95.52,3.8207999999999998
2017-06-12,46.5,32.8,42,0.0,10.6,78.0,350.21,4.489871794871795
2017-06-13,39.4,33.7,37,0.1,9.8,133.0,501.49,3.7706015037593987
2017-06-14,42.6,34.4,35,0.4,12.2,54.0,297.89,5.516481481481481
2017-06-15,57.9,32.9,48,2.2,10.6,72.0,287.84,3.9977777777777774
2017-06-16,44.0,31.0,49,0.4,6.6,21.0,77.9,3.7095238095238097
2017-06-17,94.7,30.5,61,7.0,7.2,10.0,36.63,3.6630000000000003
2017-06-18,50.9,30.8,66,3.1,8.7,134.0,458.61,3.4224626865671643
2017-06-19,53.6,31.4,65,5.5,11.7,7.0,17.15,2.4499999999999997
2017-06-20,28.1,29.7,70,10.2,5.6,10.0,39.29,3.929
2017-06-21,106.0,28.7,71,2.4,10.0,3.0,6.02,2.0066666666666664
2017-06-22,59.4,29.1,68,0.0,8.3,3.0,2.06,0.6866666666666666
2017-06-23,38.8,29.3,71,5.5,7.5,57.0,210.19,3.687543859649123
2017-06-24,51.3,31.6,60,0.0,4.5,78.0,245.06,3.141794871794872
2017-06-25,65.6,33.1,58,0.2,8.2,73.0,318.13,4.357945205479452
2017-06-26,45.6,33.5,60,2.3,11.5,20.0,128.22,6.411
2017-06-27,34.5,32.9,62,1.1,11.6,12.0,48.28,4.023333333333333
2017-06-28,24.0,29.4,80,24.1,12.7,0.0,0.0,0.0
2017-06-29,20.7,27.8,85,3.6,12.6,0.0,0.0,0.0
2017-06-30,19.1,27.8,86,15.1,7.8,4.0,16.93,4.2325
2017-07-01,36.2,28.6,85,10.5,5.8,9.0,34.94,3.882222222222222
2017-07-02,20.5,27.9,86,12.4,9.3,7.0,20.86,2.98
2017-07-03,39.4,29.2,82,3.5,6.1,13.0,43.31,3.331538461538462
2017-07-04,43.6,30.8,75,3.8,14.9,48.0,155.29,3.235208333333333
2017-07-05,48.3,30.8,71,0.4,12.3,2.0,6.539999999999999,3.2699999999999996
2017-07-06,46.3,30.1,72,1.0,8.5,10.0,36.73,3.6729999999999996
2017-07-07,42.0,29.9,75,1.7,9.2,11.0,34.52,3.1381818181818186
2017-07-08,41.1,31.0,72,0.1,8.0,12.0,47.410000000000004,3.9508333333333336
2017-07-09,52.5,32.2,64,0.0,11.0,36.0,158.15,4.393055555555556
2017-07-10,39.3,32.0,60,0.4,13.5,26.0,72.7,2.7961538461538464
2017-07-11,33.1,30.4,69,1.4,9.8,8.0,24.13,3.01625
2017-07-12,21.0,28.2,78,1.1,12.1,7.0,19.58,2.7971428571428567
2017-07-13,21.1,29.2,72,0.6,12.9,8.0,16.94,2.1175
2017-07-14,24.2,29.7,73,0.6,13.5,15.0,54.49,3.6326666666666667
2017-07-15,26.1,29.5,76,9.6,12.7,23.0,116.66,5.072173913043478
2017-07-16,26.666666666666668,29.8,79,5.1,9.4,5.0,14.0,2.8
2017-07-17,27.23333333333333,29.7,80,5.8,8.3,1.0,0.59,0.59
2017-07-18,27.8,30.2,79,4.3,6.6,6.0,17.46,2.91
2017-07-19,47.3,31.5,73,2.0,6.3,14.0,59.1,4.2214285714285715
2017-07-20,30.2,29.4,78,14.0,11.0,6.0,10.370000000000001,1.7283333333333335
2017-07-21,27.7,29.7,76,5.7,12.2,10.0,23.03,2.303
2017-07-22,27.419047619047618,28.4,79,1.8,18.3,13.0,54.67,4.205384615384616
2017-07-23,27.13809523809524,28.0,82,5.3,17.9,6.0,17.17,2.861666666666667
2017-07-24,,27.6,84,6.3,15.1,6.0,27.509999999999998,4.585
2017-07-25,,27.7,83,5.6,13.8,18.0,79.2,4.4
2017-07-26,,28.7,80,0.7,10.5,12.0,28.54,2.3783333333333334
2017-07-27,,29.4,75,1.9,11.9,5.0,22.85,4.57
2017-07-28,,29.1,76,0.9,14.2,3.0,5.62,1.8733333333333333
2017-07-29,,28.9,77,1.8,17.1,6.0,15.32,2.5533333333333332
2017-07-30,,28.5,80,2.3,9.2,4.0,12.36,3.09
2017-07-31,,27.3,87,17.6,7.2,1.0,4.37,4.37
2017-08-01,,26.8,90,4.8,10.5,1.0,1.25,1.25
2017-08-02,,28.2,83,2.6,9.8,1.0,6.99,6.99
2017-08-03,,28.9,77,1.0,14.0,2.0,1.54,0.77
2017-08-04,,29.1,74,0.7,11.0,6.0,7.0600000000000005,1.1766666666666667
2017-08-05,,29.8,72,3.8,6.9,9.0,26.74,2.971111111111111
2017-08-06,,29.5,79,1.3,6.9,4.0,20.35,5.0875
2017-08-07,,28.4,87,17.7,5.4,2.0,7.1899999999999995,3.5949999999999998
2017-08-08,,28.6,86,12.5,4.9,5.0,12.27,2.4539999999999997
2017-08-09,,27.9,89,17.3,5.4,6.0,14.58,2.43
2017-08-10,,28.8,81,10.2,11.6,10.0,36.82,3.682
2017-08-11,21.8,30.2,70,0.2,18.5,8.0,21.55,2.69375
2017-08-12,14.5,30.0,69,0.3,20.6,9.0,33.82,3.7577777777777777
2017-08-13,17.8,29.8,71,0.5,15.4,1.0,3.21,3.21
2017-08-14,23.6,29.7,69,0.2,8.1,4.0,5.24,1.31
2017-08-15,29.0,29.8,71,0.6,9.4,6.0,8.61,1.4349999999999998
2017-08-16,30.4,30.4,67,0.0,12.6,15.0,34.93,2.3286666666666664
2017-08-17,34.9,31.1,64,0.0,12.8,3.0,6.67,2.223333333333333
2017-08-18,38.4,31.1,65,0.0,10.8,6.0,30.33,5.055
2017-08-19,34.6,28.2,83,6.3,13.4,12.0,46.61,3.8841666666666668
2017-08-20,23.8,29.6,74,0.4,13.1,7.0,14.15,2.0214285714285714
2017-08-21,27.8,29.2,78,6.2,11.8,11.0,41.74,3.794545454545455
2017-08-22,,28.8,81,6.0,8.3,10.0,22.59,2.259
2017-08-23,,28.0,86,3.8,8.3,2.0,3.48,1.74
2017-08-24,104.0,28.6,84,1.7,5.9,0.0,0.0,0.0
2017-08-25,56.7,28.1,86,6.7,5.6,5.0,26.52,5.304
2017-08-26,55.33846153846154,27.6,88,26.7,4.9,14.0,42.18,3.012857142857143
2017-08-27,53.97692307692308,28.6,83,1.8,6.3,15.0,68.16,4.544
2017-08-28,,27.4,84,2.0,13.6,9.0,52.89,5.876666666666667
2017-08-29,,27.9,80,8.0,15.0,5.0,10.15,2.0300000000000002
2017-08-30,,28.2,81,4.4,14.9,2.0,1.73,0.865
2017-08-31,,26.4,90,24.2,10.0,0.0,0.0,0.0
2017-09-01,,26.5,88,33.7,10.0,3.0,10.040000000000001,3.346666666666667
2017-09-02,,25.7,88,24.7,9.8,4.0,7.28,1.82
2017-09-03,,27.5,80,0.5,6.4,8.0,6.86,0.8575
2017-09-04,,28.6,78,0.0,10.3,3.0,3.89,1.2966666666666666
2017-09-05,,28.5,77,0.1,10.1,6.0,50.16,8.36
2017-09-06,,28.7,76,1.5,7.3,5.0,14.64,2.928
2017-09-07,39.0,27.4,84,0.4,6.6,13.0,22.62,1.74
2017-09-08,57.7,28.2,81,0.3,6.2,10.0,30.209999999999997,3.021
2017-09-09,50.5,28.7,76,0.0,8.2,20.0,69.9,3.495
2017-09-10,55.9,29.8,73,0.0,5.9,11.0,25.63,2.33
2017-09-11,58.0,29.7,72,0.0,6.9,21.0,77.82000000000001,3.705714285714286
2017-09-12,96.2,29.4,71,0.0,7.2,37.0,125.82,3.4005405405405402
2017-09-13,50.9,29.8,69,0.0,6.5,29.0,108.13,3.7286206896551723
2017-09-14,64.6,29.5,73,0.0,6.1,20.0,76.57000000000001,3.8285000000000005
2017-09-15,55.9,29.3,69,0.0,7.8,13.0,28.88,2.2215384615384615
2017-09-16,50.3,28.7,71,0.0,6.0,44.0,174.85,3.973863636363636
2017-09-17,44.4,28.7,69,0.0,9.8,101.0,469.86,4.652079207920792
2017-09-18,43.8,29.1,65,0.0,9.5,39.0,155.94,3.9984615384615383
2017-09-19,54.0,29.5,74,0.1,5.8,58.0,267.15,4.60603448275862
2017-09-20,50.9,30.0,67,0.0,5.2,64.0,311.03,4.85984375
2017-09-21,39.6,29.1,72,0.0,10.7,41.0,214.16,5.223414634146342
2017-09-22,9.78,25.6,85,12.4,11.7,69.0,338.71999999999997,4.908985507246376
2017-09-23,8.83,24.3,91,18.0,10.6,45.0,159.43,3.542888888888889
2017-09-24,30.3,25.3,83,0.0,11.3,41.0,146.68,3.577560975609756
2017-09-25,48.5,27.5,76,0.0,10.0,32.0,147.4,4.60625
2017-09-26,64.7,28.3,71,0.0,6.5,62.0,346.6,5.590322580645162
2017-09-27,79.0,28.4,66,0.0,6.4,93.0,491.29,5.282688172043011
2017-09-28,71.4,28.6,64,0.0,6.2,171.0,817.33,4.779707602339181
2017-09-29,138.0,29.0,64,0.0,6.8,108.0,514.64,4.765185185185185
2017-09-30,80.4,28.8,63,0.0,7.6,146.0,663.29,4.5430821917808215
2017-10-01,86.8,28.4,59,0.0,6.7,122.0,601.75,4.932377049180328
2017-10-02,54.8,29.0,57,0.0,7.0,131.0,638.85,4.876717557251909
2017-10-03,54.4,28.1,59,0.0,7.9,184.0,791.57,4.302010869565217
2017-10-04,76.3,28.1,62,0.0,7.7,226.0,1104.65,4.88783185840708
2017-10-05,63.7,28.1,65,0.0,8.5,248.0,1325.54,5.3449193548387095
2017-10-06,57.1,27.9,56,0.0,8.9,247.0,1283.45,5.196153846153846
2017-10-07,66.1,27.7,52,0.0,6.8,316.0,1749.74,5.5371518987341775
2017-10-08,108.0,27.4,62,0.0,6.4,559.0,3158.82,5.650840787119857
2017-10-09,94.5,27.9,63,0.0,7.7,504.0,2050.95,4.069345238095238
2017-10-10,99.7,27.9,60,0.0,6.9,448.0,2362.82,5.274151785714286
2017-10-11,104.0,27.9,59,0.0,7.2,231.0,1379.58,5.972207792207792
2017-10-12,128.0,28.2,55,0.0,6.8,549.0,2799.29,5.098888888888889
2017-10-13,113.0,28.1,48,0.0,7.3,548.0,3344.26,6.102664233576642
2017-10-14,114.0,28.0,51,0.0,7.5,1119.0,5966.01,5.331554959785523
2017-10-15,1120.0,28.0,52,0.0,6.6,1278.0,7523.61,5.887018779342723
2017-10-16,695.0,27.9,52,0.0,7.5,630.0,3859.56,6.126285714285714
2017-10-17,138.0,26.5,51,0.0,9.3,1032.0,5679.0,5.502906976744186
2017-10-18,146.0,26.2,62,0.0,7.8,1148.0,7801.44,6.79567944250871
2017-10-19,158.0,27.3,63,0.0,6.6,2230.0,14372.57,6.44509865470852
2017-10-20,612.0,28.0,58,0.0,7.1,2577.0,13606.86,5.2801164144353905
2017-10-21,226.0,27.1,53,0.0,8.5,1407.0,8700.12,6.183454157782516
2017-10-22,150.0,27.0,49,0.0,8.3,1090.0,6104.11,5.600100917431193
2017-10-23,132.0,26.5,55,0.0,6.7,1185.0,7239.75,6.109493670886076
2017-10-24,162.0,25.5,51,0.0,10.2,1916.0,12516.45,6.532593945720251
2017-10-25,291.0,25.1,46,0.0,7.0,2333.0,12857.88,5.511307329618517
2017-10-26,158.0,24.7,51,0.0,7.2,1951.0,13644.44,6.993562275756023
2017-10-27,162.0,24.0,60,0.0,6.4,1491.0,10175.5,6.8246143527833665
2017-10-28,178.0,24.7,61,0.0,6.8,2788.0,16737.44,6.00338593974175
2017-10-29,188.0,23.9,61,0.0,6.5,3431.0,23634.69,6.888571844943165
2017-10-30,191.0,23.4,63,0.0,6.4,3788.0,23509.77,6.206380675818374
2017-10-31,231.0,24.0,63,0.0,4.8,3600.0,23616.88,6.560244444444445
2017-11-01,209.0,24.4,61,0.0,7.8,2759.0,19738.32,7.154157303370787
2017-11-02,171.0,23.9,69,0.0,6.5,1427.0,7572.67,5.3067063770147165
2017-11-03,194.0,23.4,70,0.0,6.6,2024.0,12875.02,6.361175889328064
2017-11-04,188.0,22.9,73,0.0,7.4,5387.0,32238.62,5.984521997401151
2017-11-05,190.0,23.9,67,0.0,4.8,2703.0,12409.22,4.590906400295967
2017-11-06,171.0,23.7,64,0.0,6.3,241.0,990.95,4.111825726141079
2017-11-07,566.0,22.9,71,0.0,6.2,500.0,2849.78,5.69956
2017-11-08,896.0,22.9,68,0.0,7.1,2568.0,12999.22,5.0620015576323985
2017-11-09,534.0,22.2,72,0.0,7.8,1045.0,6074.89,5.813291866028709
2017-11-10,408.0,22.1,68,0.0,7.8,2101.0,9480.31,4.512284626368396
2017-11-11,354.0,21.3,69,0.0,7.5,160.0,589.92,3.687
2017-11-12,505.0,21.0,70,0.0,7.5,45.0,189.28,4.206222222222222
2017-11-13,446.0,20.9,70,0.0,6.4,302.0,940.67,3.1148013245033113
2017-11-14,298.0,21.1,66,0.0,11.9,1044.0,5479.75,5.248802681992337
2017-11-15,213.0,20.8,64,0.0,9.1,98.0,324.06,3.306734693877551
2017-11-16,205.0,20.0,66,0.2,8.6,122.0,502.75,4.120901639344262
2017-11-17,164.0,19.9,69,0.1,9.4,290.0,1683.79,5.806172413793103
2017-11-18,179.0,20.2,67,0.1,10.7,2478.0,14459.76,5.835254237288136
2017-11-19,166.0,19.0,52,0.0,12.7,2537.0,17683.17,6.970110366574694
2017-11-20,182.0,17.0,50,0.0,11.6,2631.0,16617.27,6.3159521094640825
2017-11-21,186.0,16.5,51,0.0,11.8,2293.0,14161.18,6.175830789358918
2017-11-22,190.0,16.7,51,0.0,11.8,992.0,6265.66,6.3161895161290325
2017-11-23,182.0,16.6,47,0.0,11.6,1037.0,7354.21,7.091812921890067
2017-11-24,176.0,16.9,47,0.0,9.9,730.0,5458.78,7.477780821917808
2017-11-25,185.0,17.0,52,0.0,9.7,767.0,5353.2699999999995,6.979491525423728
2017-11-26,218.0,17.0,61,0.0,8.4,680.0,3576.79,5.259985294117647
2017-11-27,240.0,17.3,56,0.0,11.1,362.0,2104.36,5.813149171270719
2017-11-28,141.0,17.4,58,0.0,8.8,201.0,1420.92,7.069253731343284
2017-11-29,169.0,17.8,63,0.0,7.3,218.0,992.71,4.553715596330275
2017-11-30,245.0,17.4,66,0.0,7.0,186.0,1070.12,5.753333333333333
2017-12-01,205.0,17.1,60,0.0,5.8,219.0,886.9,4.0497716894977165
2017-12-02,172.0,17.3,57,0.0,5.2,205.0,869.08,4.239414634146342
2017-12-03,240.0,17.4,53,0.0,4.4,46.0,196.68,4.275652173913044
2017-12-04,270.0,16.6,61,0.0,6.4,15.0,42.24,2.8160000000000003
2017-12-05,280.0,17.3,60,0.0,6.4,19.0,73.93,3.8910526315789475
2017-12-06,157.0,17.5,51,0.0,8.4,77.0,395.79,5.14012987012987
2017-12-07,159.14285714285714,17.4,37,0.1,11.3,190.0,675.53,3.5554210526315786
2017-12-08,161.28571428571428,16.7,37,0.0,11.8,117.0,462.97,3.9570085470085474
2017-12-09,,16.7,46,0.0,7.2,94.0,389.7,4.145744680851064
2017-12-10,,17.0,60,0.0,5.4,77.0,271.54,3.5264935064935066
2017-12-11,,17.2,67,2.1,7.0,15.0,40.31,2.6873333333333336
2017-12-12,,16.5,84,5.6,5.6,13.0,21.12,1.6246153846153848
2017-12-13,,14.3,83,0.0,6.2,1.0,2.22,2.22
2017-12-14,,13.6,71,0.0,9.0,10.0,22.220000000000002,2.2220000000000004
2017-12-15,,13.0,70,0.0,12.5,15.0,44.83,2.9886666666666666
2017-12-16,,12.7,63,0.0,15.1,78.0,282.63,3.6234615384615383
2017-12-17,,13.7,51,0.0,17.0,144.0,466.09,3.236736111111111
2017-12-18,,15.6,46,0.0,17.8,189.0,561.58,2.9713227513227514
2017-12-19,,14.7,59,0.0,11.2,53.0,192.5,3.6320754716981134
2017-12-20,,15.3,74,0.0,7.6,33.0,139.26,4.22
2017-12-21,,16.2,79,0.0,8.0,124.0,408.57,3.2949193548387097
2017-12-22,,16.3,66,0.0,14.9,121.0,390.64,3.2284297520661154
2017-12-23,,15.7,59,0.0,14.0,136.0,558.28,4.1049999999999995
2017-12-24,,15.6,65,0.0,5.4,72.0,268.29,3.7262500000000003
2017-12-25,,15.1,70,0.0,8.8,88.0,291.78,3.315681818181818
2017-12-26,,14.4,72,0.0,9.8,50.0,200.73,4.0146
2017-12-27,202.0,15.2,66,0.0,6.9,57.0,161.2,2.8280701754385964
2017-12-28,277.0,14.9,71,0.0,7.9,159.0,471.95,2.968238993710692
2017-12-29,252.0,14.1,76,0.0,8.1,136.0,510.96999999999997,3.757132352941176
2017-12-30,305.0,14.1,76,0.0,6.7,59.0,214.18,3.630169491525424
2017-12-31,273.0,12.9,75,0.0,6.8,49.0,214.33,4.374081632653062
2018-01-01,370.0,13.1,66,0.0,5.9,50.0,181.75,3.635
2018-01-02,383.0,13.4,69,0.0,5.8,73.0,259.27,3.551643835616438
2018-01-03,306.0,12.2,74,0.0,7.7,81.0,331.63,4.094197530864197
2018-01-04,243.0,11.8,74,0.0,7.0,19.0,75.64,3.9810526315789474
2018-01-05,289.0,12.3,74,0.0,6.8,44.0,185.75,4.221590909090909
2018-01-06,274.0,12.0,76,0.0,7.4,98.0,452.21999999999997,4.614489795918367
2018-01-07,235.0,11.9,69,0.0,12.0,119.0,409.05,3.4373949579831935
2018-01-08,169.0,12.1,70,0.0,10.8,158.0,501.57,3.174493670886076
2018-01-09,329.0,12.1,71,0.0,9.6,106.0,399.31,3.767075471698113
2018-01-10,189.0,13.3,68,0.0,14.3,76.0,263.98,3.473421052631579
2018-01-11,180.0,13.9,63,0.0,14.7,28.0,262.7,9.382142857142856
2018-01-12,196.0,14.8,58,0.0,10.9,99.0,227.22,2.295151515151515
2018-01-13,209.0,14.0,69,0.0,8.1,218.0,839.1800000000001,3.849449541284404
2018-01-14,195.0,13.5,69,0.0,9.8,194.0,817.31,4.212938144329897
2018-01-15,238.0,13.9,63,0.0,12.0,143.0,480.33,3.358951048951049
2018-01-16,141.0,14.6,57,0.0,12.1,151.0,1011.6,6.699337748344371
2018-01-17,242.0,13.6,74,0.0,10.3,80.0,371.9,4.64875
2018-01-18,364.0,15.1,76,0.0,7.4,247.0,810.73,3.2823076923076924
2018-01-19,298.0,15.6,74,0.0,9.1,295.0,1100.77,3.731423728813559
2018-01-20,169.0,14.5,64,0.0,11.9,201.0,719.79,3.581044776119403
2018-01-21,152.0,14.1,57,0.0,6.8,252.0,1323.02,5.250079365079365
2018-01-22,206.0,14.1,67,0.0,7.8,212.0,890.65,4.201179245283019
2018-01-23,203.0,13.4,79,6.0,11.9,17.0,41.17,2.421764705882353
2018-01-24,180.0,12.7,82,0.8,7.6,29.0,128.41,4.427931034482759
2018-01-25,137.0,13.1,79,0.0,11.6,19.0,64.06,3.371578947368421
2018-01-26,201.0,12.5,80,0.0,8.5,17.0,93.65,5.508823529411765
2018-01-27,200.0,12.1,77,0.0,9.0,45.0,185.6,4.124444444444444
2018-01-28,208.0,12.8,75,0.0,9.1,64.0,243.49,3.80453125
2018-01-29,198.0,13.8,74,0.0,10.6,131.0,419.49,3.2022137404580153
2018-01-30,155.0,16.3,68,0.0,16.7,99.0,324.3,3.275757575757576
2018-01-31,145.0,17.6,64,0.0,18.4,42.0,172.49,4.1069047619047625
2018-02-01,137.0,17.4,67,0.0,10.9,102.0,449.26,4.404509803921568
2018-02-02,167.0,16.8,72,0.0,7.8,107.0,528.02,4.934766355140186
2018-02-03,89.8,16.3,60,0.0,9.1,152.0,594.4,3.9105263157894736
2018-02-04,150.0,14.4,59,0.0,11.0,152.0,656.49,4.319013157894737
2018-02-05,166.0,14.8,56,0.0,8.0,32.0,470.09,14.6903125
2018-02-06,161.0,16.0,52,0.0,11.5,71.0,300.45,4.23169014084507
2018-02-07,126.0,14.4,53,0.0,12.4,114.0,441.61,3.8737719298245614
2018-02-08,146.0,13.8,60,0.0,9.2,132.0,522.78,3.9604545454545454
2018-02-09,167.0,14.4,60,0.0,9.1,206.0,805.11,3.9083009708737864
2018-02-10,141.0,16.7,51,0.0,6.2,88.0,763.5600000000001,8.676818181818183
2018-02-11,111.0,16.2,57,1.6,11.4,12.0,62.81,5.234166666666667
2018-02-12,81.3,15.8,79,2.9,16.6,13.0,57.17,4.397692307692308
2018-02-13,84.3,15.4,79,0.0,7.8,47.0,126.39999999999999,2.6893617021276595
2018-02-14,65.8,15.5,66,0.0,14.8,84.0,299.56,3.566190476190476
2018-02-15,67.0,16.8,64,0.0,15.6,42.0,117.91,2.807380952380952
2018-02-16,871.0,17.7,66,0.0,11.8,33.0,139.15,4.216666666666667
2018-02-17,1990.0,18.0,67,0.0,11.7,56.0,309.79,5.531964285714286
2018-02-18,1990.0,17.6,59,0.0,9.7,85.0,387.74,4.56164705882353
2018-02-19,1990.0,17.4,58,0.0,7.6,153.0,602.75,3.939542483660131
2018-02-20,1080.0,19.4,60,0.0,8.2,134.0,605.72,4.5202985074626865
2018-02-21,513.0,21.4,58,0.0,6.9,97.0,374.23,3.8580412371134023
2018-02-22,144.0,21.7,63,0.0,7.8,35.0,87.67999999999999,2.505142857142857
2018-02-23,124.0,21.9,69,0.0,6.3,17.0,129.36,7.609411764705883
2018-02-24,138.0,21.1,73,1.9,8.5,27.0,104.13,3.8566666666666665
2018-02-25,99.4,21.0,68,0.3,9.8,102.0,346.73,3.399313725490196
2018-02-26,68.8,20.5,63,0.0,16.8,47.0,218.48,4.648510638297872
2018-02-27,66.6,21.5,62,0.0,11.4,44.0,185.97,4.226590909090909
2018-02-28,150.0,21.6,67,0.0,8.2,25.0,83.27,3.3308
2018-03-01,107.0,21.4,65,0.0,9.0,59.0,122.13,2.07
2018-03-02,118.0,23.1,58,0.0,8.8,94.0,348.51,3.7075531914893616
2018-03-03,106.0,22.6,60,0.0,7.7,12.0,38.55,3.2125
2018-03-04,66.3,21.5,59,1.2,10.6,21.0,79.84,3.801904761904762
2018-03-05,80.6,20.4,57,0.0,10.0,66.0,297.25,4.503787878787879
2018-03-06,78.2,20.3,53,0.0,12.5,73.0,346.16,4.741917808219179
2018-03-07,80.8,21.1,52,0.0,11.6,111.0,442.38,3.9854054054054053
2018-03-08,71.5,22.3,53,0.0,5.2,124.0,550.59,4.440241935483871
2018-03-09,141.0,22.9,52,1.1,8.8,105.0,419.71,3.997238095238095
2018-03-10,85.4,23.1,48,0.0,12.4,59.0,214.94,3.643050847457627
2018-03-11,104.0,23.3,52,0.0,11.6,97.0,347.14,3.578762886597938
2018-03-12,118.0,23.7,53,0.0,10.8,109.0,522.99,4.798073394495413
2018-03-13,90.5,25.4,49,0.0,9.0,136.0,489.41,3.5986029411764706
2018-03-14,81.4,25.8,37,0.0,8.7,57.0,246.45,4.323684210526316
2018-03-15,76.3,23.8,42,0.0,9.8,61.0,261.37,4.284754098360656
2018-03-16,80.3,22.7,48,0.0,9.7,68.0,265.66,3.9067647058823534
2018-03-17,58.1,21.9,40,0.0,12.3,121.0,469.85,3.8830578512396694
2018-03-18,106.0,22.7,41,0.0,11.3,174.0,685.53,3.9398275862068965
2018-03-19,62.9,23.6,41,0.0,8.5,127.0,563.22,4.434803149606299
2018-03-20,176.0,24.3,49,0.2,6.5,93.0,314.65,3.3833333333333333
2018-03-21,127.0,23.6,56,1.6,10.7,12.0,39.9,3.3249999999999997
2018-03-22,70.4,23.0,56,0.3,8.3,38.0,135.32999999999998,3.5613157894736838
2018-03-23,54.3,23.0,54,0.0,9.4,69.0,295.75,4.286231884057971
2018-03-24,75.0,24.3,48,0.0,10.8,63.0,231.11,3.668412698412699
2018-03-25,98.0,25.0,44,0.0,12.8,53.0,206.56,3.8973584905660377
2018-03-26,99.3,26.0,42,0.0,13.6,86.0,365.58,4.250930232558139
2018-03-27,92.8,26.3,40,0.0,9.8,106.0,445.74,4.205094339622642
2018-03-28,85.7,27.9,37,0.0,9.4,254.0,1151.79,4.534606299212598
2018-03-29,73.2,27.2,34,0.0,13.4,207.0,768.21,3.7111594202898552
2018-03-30,73.7,26.8,34,0.0,14.4,124.0,598.21,4.824274193548387
2018-03-31,92.5,25.7,47,0.0,11.9,96.0,559.61,5.829270833333333
2018-04-01,59.1,26.5,45,0.0,10.7,79.0,325.06,4.114683544303798
2018-04-02,69.7,28.0,45,0.0,8.5,59.0,251.39,4.2608474576271185
2018-04-03,82.0,28.7,44,1.7,9.0,76.0,388.25,5.108552631578948
2018-04-04,78.9,29.2,43,0.0,8.3,67.0,261.13,3.897462686567164
2018-04-05,157.0,28.6,49,2.1,6.4,28.0,95.15,3.398214285714286
2018-04-06,76.3,27.9,52,1.1,6.9,33.0,191.52,5.803636363636364
2018-04-07,27.8,26.9,54,3.4,10.6,38.0,123.75,3.2565789473684212
2018-04-08,41.3,26.7,55,1.3,13.0,55.0,200.7,3.649090909090909
2018-04-09,44.8,25.6,62,3.5,10.3,6.0,70.54,11.756666666666668
2018-04-10,58.2,26.7,58,3.1,8.6,33.0,105.60000000000001,3.2
2018-04-11,37.3,25.3,63,2.5,12.8,15.0,54.98,3.6653333333333333
2018-04-12,25.3,25.4,61,0.2,6.1,24.0,67.2,2.8000000000000003
2018-04-13,57.1,26.2,43,0.0,8.5,48.0,164.35,3.423958333333333
2018-04-14,63.3,27.2,34,0.0,10.4,59.0,193.53,3.280169491525424
2018-04-15,83.2,28.8,35,0.0,8.8,63.0,342.52,5.436825396825396
2018-04-16,76.7,29.2,36,5.4,10.5,51.0,387.46,7.597254901960784
2018-04-17,53.8,29.4,35,1.3,8.9,97.0,312.48,3.2214432989690724
2018-04-18,48.7,29.4,28,0.0,15.5,202.0,1371.73,6.7907425742574254
2018-04-19,85.4,30.0,28,0.0,11.5,248.0,1060.28,4.275322580645161
2018-04-20,79.8,30.3,27,1.1,16.2,63.0,610.58,9.691746031746032
2018-04-21,132.0,27.0,34,0.0,12.4,138.0,1064.77,7.715724637681159
2018-04-22,43.8,27.5,25,0.0,15.0,166.0,822.39,4.954156626506024
2018-04-23,69.2,28.3,23,0.0,13.6,257.0,1703.71,6.629221789883268
2018-04-24,216.0,30.1,20,0.0,10.1,317.0,1695.38,5.34820189274448
2018-04-25,68.0,31.8,20,0.0,10.2,377.0,1729.79,4.5883023872679045
2018-04-26,111.0,32.5,20,0.0,9.1,307.0,1926.91,6.276579804560261
2018-04-27,88.3,30.9,43,1.2,13.5,246.0,1170.0,4.7560975609756095
2018-04-28,81.8,30.7,44,0.9,13.3,285.0,1392.15,4.884736842105263
2018-04-29,77.3,30.8,43,0.4,9.8,538.0,3939.92,7.323271375464684
2018-04-30,68.5,31.0,42,0.7,11.3,390.0,3268.65,8.381153846153847
2018-05-01,44.0,30.5,52,10.5,17.7,638.0,3360.57,5.267351097178683
2018-05-02,53.6,29.8,54,5.9,17.1,82.0,426.82,5.205121951219512
2018-05-03,42.6,28.7,58,0.0,16.1,360.0,2571.3,7.1425
2018-05-04,33.8,29.0,55,0.0,13.5,1088.0,6195.13,5.69405330882353
2018-05-05,49.7,30.3,48,0.0,7.7,1410.0,10778.25,7.644148936170213
2018-05-06,81.5,31.0,38,0.0,10.4,934.0,5439.59,5.823972162740899
2018-05-07,81.9,30.5,37,0.0,8.6,1701.0,8936.42,5.253627278071723
2018-05-08,52.8,27.2,46,3.5,9.1,1924.0,9792.68,5.0897505197505195
2018-05-09,83.7,28.1,44,2.2,7.2,2351.0,17244.73,7.335061675882603
2018-05-10,81.4,30.2,38,0.0,8.3,3505.0,24881.39,7.0988273894436515
2018-05-11,118.0,32.5,36,0.0,9.2,2168.0,18629.52,8.592952029520296
2018-05-12,141.0,32.3,42,1.1,9.6,1762.0,10987.2,6.235641316685585
2018-05-13,86.9,29.6,56,3.8,11.7,1316.0,6097.24,4.633161094224924
2018-05-14,40.4,30.0,52,0.0,8.0,349.0,1408.92,4.037020057306591
2018-05-15,57.7,31.2,50,0.0,8.4,759.0,3322.26,4.3771541501976285
2018-05-16,175.0,31.9,42,0.4,8.1,287.0,1682.98,5.86404181184669
2018-05-17,86.7,32.7,30,0.0,8.2,361.0,1942.67,5.381357340720222
2018-05-18,87.2,32.5,32,0.0,6.9,1066.0,4761.34,4.466547842401501
2018-05-19,73.2,32.1,38,1.5,6.5,830.0,4461.82,5.3756867469879515
2018-05-20,61.8,32.9,28,0.0,10.2,1320.0,8477.79,6.422568181818183
2018-05-21,52.7,33.7,17,0.0,11.7,1451.0,6571.86,4.529193659545141
2018-05-22,802.0,35.5,18,0.0,9.8,1540.0,8826.34,5.731389610389611
2018-05-23,443.0,34.5,26,0.1,10.2,1178.0,6717.2,5.70220713073005
2018-05-24,188.0,33.8,30,0.0,9.2,1508.0,11117.98,7.372665782493368
2018-05-25,410.0,34.6,25,0.0,9.3,1214.0,8286.8,6.826029654036243
2018-05-26,99.5,34.9,17,0.0,9.2,1311.0,7221.38,5.508299008390542
2018-05-27,63.8,35.3,19,0.0,10.8,834.0,4069.7,4.879736211031175
2018-05-28,81.0,34.8,28,0.0,9.2,846.0,4362.1,5.156146572104019
2018-05-29,89.2,34.0,33,0.0,12.6,589.0,4028.3,6.839219015280136
2018-05-30,47.5,32.8,49,0.7,14.3,272.0,1373.0,5.047794117647059
2018-05-31,51.5,34.3,45,0.0,11.1,215.0,1067.26,4.9639999999999995
2018-06-01,59.0,33.9,48,4.8,18.0,56.0,265.92,4.748571428571429
2018-06-02,37.1,33.0,49,0.0,15.6,94.0,399.98,4.255106382978724
2018-06-03,44.0,32.9,53,0.0,13.3,131.0,537.76,4.105038167938932
2018-06-04,53.5,34.9,45,0.0,16.0,89.0,412.48,4.634606741573034
2018-06-05,38.3,35.3,45,0.7,16.1,109.0,559.5,5.13302752293578
2018-06-06,47.8,33.4,55,0.8,12.3,10.0,23.68,2.368
2018-06-07,58.6,34.1,53,0.0,8.3,102.0,366.65,3.5946078431372546
2018-06-08,59.6,34.8,52,0.0,16.1,99.0,352.72,3.562828282828283
2018-06-09,47.6,31.5,69,15.2,14.0,0.0,0.0,0.0
2018-06-10,47.2,31.5,68,1.9,6.6,79.0,307.33,3.890253164556962
2018-06-11,60.8,34.0,52,0.0,11.1,41.0,196.32,4.788292682926829
2018-06-12,146.0,35.5,40,0.0,13.5,80.0,495.34000000000003,6.191750000000001
2018-06-13,237.0,36.4,38,0.0,16.8,84.0,487.14,5.799285714285714
2018-06-14,286.0,36.0,37,0.0,19.8,7.0,23.37,3.3385714285714285
2018-06-15,124.0,35.5,36,0.0,17.8,10.0,26.96,2.696
2018-06-16,155.0,34.9,41,0.0,14.1,6.0,11.57,1.9283333333333335
2018-06-17,95.65,31.7,58,0.2,10.4,2.0,2.37,1.185
2018-06-18,36.3,31.1,55,0.6,8.2,4.0,10.23,2.5575
2018-06-19,41.2,32.6,51,0.0,8.5,19.0,41.62,2.1905263157894734
2018-06-20,56.6,34.9,45,0.0,5.7,75.0,304.85,4.064666666666667
2018-06-21,64.6,35.4,42,0.0,7.4,135.0,652.73,4.835037037037037
2018-06-22,60.9,36.5,38,0.0,5.8,34.0,151.27,4.449117647058824
2018-06-23,66.4,35.9,39,0.0,8.5,25.0,96.14,3.8456
2018-06-24,47.4,35.6,39,0.0,9.2,122.0,628.78,5.153934426229508
2018-06-25,65.5,36.3,36,0.0,13.2,95.0,326.28000000000003,3.434526315789474
2018-06-26,43.6,32.9,52,1.8,9.3,144.0,581.87,4.040763888888889
2018-06-27,38.3,29.2,78,29.8,9.0,6.0,20.25,3.375
2018-06-28,20.4,28.6,81,12.6,14.5,1.0,0.44,0.44
2018-06-29,33.3,29.4,76,4.3,16.6,4.0,8.36,2.09
2018-06-30,38.3,29.6,79,4.9,8.5,2.0,4.470000000000001,2.2350000000000003
2018-07-01,25.7,30.7,75,4.7,10.8,4.0,15.3,3.825
2018-07-02,27.5,30.6,72,15.2,12.0,52.0,153.87,2.9590384615384617
2018-07-03,36.0,30.6,68,0.7,8.6,2.0,11.48,5.74
2018-07-04,41.8,29.1,78,4.8,8.9,0.0,0.0,0.0
2018-07-05,46.8,30.8,71,0.0,6.0,2.0,4.78,2.39
2018-07-06,50.2,31.1,67,0.0,8.2,8.0,25.14,3.1425
2018-07-07,56.3,31.7,65,0.0,7.8,35.0,87.36,2.496
2018-07-08,59.5,32.9,61,0.0,6.3,28.0,73.37,2.620357142857143
2018-07-09,70.3,32.9,64,0.1,9.6,55.0,187.06,3.401090909090909
2018-07-10,43.0,32.8,67,0.3,11.8,7.0,33.32,4.76
2018-07-11,36.8,31.8,72,4.5,9.6,2.0,1.54,0.77
2018-07-12,48.1,29.6,80,25.5,7.9,18.0,56.879999999999995,3.1599999999999997
2018-07-13,29.4,29.1,82,6.6,8.3,1.0,1.54,1.54
2018-07-14,33.4,28.5,85,6.4,8.6,9.0,22.21,2.467777777777778
2018-07-15,30.8,29.4,83,7.4,9.4,16.0,49.629999999999995,3.1018749999999997
2018-07-16,116.0,29.1,85,10.9,9.3,4.0,11.71,2.9275
2018-07-17,50.5,30.4,80,3.5,9.3,5.0,9.42,1.884
2018-07-18,29.9,30.1,80,12.2,9.8,10.0,32.33,3.2329999999999997
2018-07-19,34.3,30.1,80,13.3,6.5,0.0,0.0,0.0
2018-07-20,36.4,29.4,84,8.3,4.2,2.0,9.8,4.9
2018-07-21,55.4,28.4,89,20.9,5.5,0.0,0.0,0.0
2018-07-22,27.7,27.4,91,30.6,4.9,0.0,0.0,0.0
2018-07-23,29.7,28.8,86,5.1,6.5,6.0,9.81,1.635
2018-07-24,37.4,30.0,78,1.5,5.0,2.0,1.3399999999999999,0.6699999999999999
2018-07-25,30.2,28.8,85,8.2,6.6,1.0,2.2,2.2
2018-07-26,30.7,26.9,91,16.3,7.1,0.0,0.0,0.0
2018-07-27,26.1,26.8,90,14.2,6.6,0.0,0.0,0.0
2018-07-28,95.0,28.1,83,2.8,12.6,0.0,0.0,0.0
2018-07-29,35.0,29.0,82,2.4,9.2,1.0,2.58,2.58
2018-07-30,397.0,29.2,79,2.4,10.4,2.0,9.66,4.83
2018-07-31,40.1,29.7,76,2.5,11.9,2.0,4.53,2.265
2018-08-01,35.7,29.9,74,0.4,12.5,7.0,10.58,1.5114285714285713
2018-08-02,63.8,30.5,70,0.2,12.0,9.0,28.7,3.1888888888888887
2018-08-03,54.2,30.4,67,0.0,13.1,8.0,19.009999999999998,2.3762499999999998
2018-08-04,54.4,30.4,66,0.0,12.4,0.0,0.0,0.0
2018-08-05,53.9,29.1,72,1.3,11.8,4.0,18.14,4.535
2018-08-06,48.5,26.8,86,4.6,5.7,0.0,0.0,0.0
2018-08-07,41.6,26.6,91,19.4,4.9,3.0,16.41,5.47
2018-08-08,26.0,27.9,86,9.4,8.4,16.0,38.050000000000004,2.3781250000000003
2018-08-09,26.8,29.2,82,2.9,8.6,11.0,24.17,2.1972727272727273
2018-08-10,34.9,29.5,83,2.9,5.7,5.0,28.64,5.728
2018-08-11,22.3,29.8,78,2.7,13.7,1.0,3.23,3.23
2018-08-12,13.2,28.8,79,2.1,9.2,7.0,44.12,6.3028571428571425
2018-08-13,21.7,29.1,77,2.5,5.2,5.0,39.47,7.894
2018-08-14,35.3,29.3,79,1.0,6.3,7.0,13.700000000000001,1.9571428571428573
2018-08-15,35.7,29.0,84,7.4,7.4,3.0,10.6,3.533333333333333
2018-08-16,25.0,29.1,85,3.4,6.9,2.0,2.88,1.44
2018-08-17,19.6,29.4,83,3.4,10.1,2.0,3.68,1.84
2018-08-18,20.5,29.2,84,6.4,7.2,4.0,12.7,3.175
2018-08-19,41.2,28.9,87,4.9,6.0,12.0,38.36,3.1966666666666668
2018-08-20,103.0,29.2,86,3.6,5.3,3.0,6.34,2.1133333333333333
2018-08-21,111.0,29.5,85,2.5,6.6,3.0,15.850000000000001,5.283333333333334
2018-08-22,119.0,29.3,84,10.1,5.7,0.0,0.0,0.0
2018-08-23,127.0,28.3,88,12.4,7.6,1.0,1.22,1.22
2018-08-24,11.5,28.6,83,9.1,10.1,7.0,22.8,3.257142857142857
2018-08-25,11.9,28.5,79,1.8,12.5,3.0,4.35,1.45
2018-08-26,135.0,28.6,80,1.7,8.4,0.0,0.0,0.0
2018-08-27,14.8,27.5,89,6.0,4.2,1.0,3.12,3.12
2018-08-28,23.0,27.6,88,14.0,7.4,0.0,0.0,0.0
2018-08-29,17.1,28.0,89,4.6,5.9,8.0,44.86,5.6075
2018-08-30,91.5,29.0,85,3.5,6.2,15.0,44.93,2.9953333333333334
2018-08-31,42.6,29.5,81,1.2,8.8,8.0,67.0,8.375
2018-09-01,178.0,28.3,86,1.3,5.1,3.0,12.82,4.273333333333333
2018-09-02,1990.0,26.7,90,32.7,4.7,1.0,5.92,5.92
2018-09-03,668.0,26.7,90,8.2,4.2,9.0,39.97,4.441111111111111
2018-09-04,248.0,26.7,91,9.0,4.8,26.0,105.05,4.040384615384616
2018-09-05,780.0,27.7,85,0.9,8.4,1.0,1.44,1.44
2018-09-06,34.6,28.0,83,7.9,6.4,9.0,61.28,6.808888888888889
2018-09-07,29.3,27.9,88,8.6,6.8,3.0,3.0700000000000003,1.0233333333333334
2018-09-08,17.0,27.4,86,8.0,13.1,8.0,44.13,5.51625
2018-09-09,12.7,27.0,83,0.2,14.1,3.0,4.84,1.6133333333333333
2018-09-10,62.3,27.5,83,2.4,7.0,7.0,17.77,2.5385714285714287
2018-09-11,182.0,27.8,84,3.0,8.4,12.0,39.46,3.2883333333333336
2018-09-12,,28.5,76,0.4,14.8,12.0,34.97,2.9141666666666666
2018-09-13,,28.5,71,0.0,13.6,12.0,33.02,2.751666666666667
2018-09-14,103.0,27.8,71,0.0,9.4,26.0,80.77,3.1065384615384612
2018-09-15,1990.0,27.9,70,0.0,8.6,50.0,184.54,3.6908
2018-09-16,34.4,28.0,68,0.0,9.0,12.0,43.28,3.606666666666667
2018-09-17,52.6,28.1,71,0.0,7.8,15.0,92.45,6.163333333333333
2018-09-18,48.2,27.6,69,0.0,8.9,20.0,76.34,3.817
2018-09-19,53.0,27.7,69,0.0,8.8,47.0,213.73,4.547446808510638
2018-09-20,153.0,28.4,70,0.0,5.4,100.0,458.61,4.5861
2018-09-21,124.0,27.2,78,6.2,13.2,83.0,391.81,4.720602409638555
2018-09-22,61.5,24.9,88,50.6,17.1,9.0,61.730000000000004,6.858888888888889
2018-09-23,25.5,25.4,89,15.6,20.6,2.0,9.58,4.79
2018-09-24,14.9,24.6,92,12.8,15.6,8.0,24.33,3.04125
2018-09-25,18.4,25.2,85,0.3,13.2,33.0,157.71,4.779090909090909
2018-09-26,34.4,26.0,81,0.0,8.5,59.0,214.01,3.6272881355932203
2018-09-27,59.5,27.0,77,0.0,5.5,50.0,213.34,4.2668
2018-09-28,66.8,27.7,74,0.6,5.0,28.0,105.44,3.7657142857142856
2018-09-29,72.3,27.2,74,0.0,5.5,34.0,118.73,3.492058823529412
2018-09-30,50.3,26.6,73,0.0,10.0,78.0,394.71999999999997,5.0605128205128205
2018-10-01,64.7,26.6,72,0.0,8.9,137.0,503.99,3.678759124087591
2018-10-02,124.0,27.5,68,0.0,6.9,108.0,452.0,4.185185185185185
2018-10-03,95.2,26.9,65,0.0,5.5,58.0,281.26,4.849310344827586
2018-10-04,86.1,26.4,71,1.0,5.0,95.0,427.13,4.496105263157895
2018-10-05,101.0,26.4,72,0.0,5.2,170.0,827.17,4.865705882352941
2018-10-06,121.0,25.8,64,0.0,8.3,293.0,1383.41,4.721535836177475
2018-10-07,69.8,25.3,67,0.0,7.1,480.0,1918.96,3.9978333333333333
2018-10-08,101.0,26.1,67,0.0,4.3,141.0,628.39,4.456666666666667
2018-10-09,184.0,26.2,72,0.0,9.1,141.0,591.54,4.19531914893617
2018-10-10,77.3,25.3,78,0.2,11.9,126.0,747.47,5.932301587301588
2018-10-11,51.5,24.1,80,1.3,10.2,283.0,1250.07,4.417208480565371
2018-10-12,63.0,23.7,71,0.0,6.5,424.0,1565.47,3.6921462264150944
2018-10-13,115.0,23.2,66,0.0,7.9,345.0,1672.42,4.847594202898551
2018-10-14,79.0,23.2,61,0.0,9.9,295.0,1523.53,5.164508474576271
2018-10-15,133.0,24.4,58,0.0,6.7,282.0,1250.22,4.433404255319149
2018-10-16,96.4,24.8,68,0.0,7.3,386.0,1809.7,4.688341968911917
2018-10-17,101.0,25.0,68,0.0,7.1,769.0,3429.82,4.460104031209363
2018-10-18,96.1,24.8,71,0.4,9.3,702.0,3722.43,5.302606837606837
2018-10-19,115.0,25.3,60,0.0,6.4,578.0,3300.9900000000002,5.711055363321799
2018-10-20,139.0,24.4,56,0.0,7.0,797.0,4524.19,5.676524466750313
2018-10-21,111.0,23.4,54,0.0,8.8,1026.0,6844.11,6.670672514619882
2018-10-22,102.0,22.5,49,0.0,9.6,1038.0,5795.89,5.583709055876686
2018-10-23,82.7,23.0,48,0.0,7.7,1291.0,7221.39,5.5936405886909375
2018-10-24,125.0,23.4,57,0.0,6.0,1084.0,6975.87,6.43530442804428
2018-10-25,358.0,23.2,59,0.0,6.7,1217.0,7301.43,5.999531635168447
2018-10-26,91.5,22.7,63,0.0,7.3,1547.0,11044.8,7.139495798319327
2018-10-27,192.0,23.3,61,0.0,7.3,2339.0,17320.77,7.405203078238563
2018-10-28,192.0,23.0,63,0.0,8.2,3563.0,22183.42,6.226051080550098
2018-10-29,214.0,22.8,64,0.0,7.5,1592.0,10831.75,6.803863065326633
2018-10-30,259.0,23.7,63,0.0,4.5,1577.0,10744.26,6.813100824350032
2018-10-31,200.0,23.8,63,0.0,4.8,3116.0,18021.71,5.783603979460847
2018-11-01,205.0,23.2,65,0.0,4.8,3914.0,29953.57,7.652930505876341
2018-11-02,191.0,23.5,67,0.1,7.1,4078.0,28360.05,6.954401667484061
2018-11-03,146.0,23.5,64,0.0,15.5,1359.0,9003.81,6.625320088300221
2018-11-04,77.4,22.3,61,0.0,8.9,1129.0,7419.7699999999995,6.5719840566873335
2018-11-05,374.0,20.2,62,0.0,9.4,3398.0,22207.47,6.535453207769276
2018-11-06,167.0,20.0,50,0.0,13.2,3768.0,31253.82,8.29453821656051
2018-11-07,143.0,19.1,40,0.0,9.1,5072.0,37474.76,7.388556782334385
2018-11-08,430.0,20.1,49,0.0,4.3,5144.0,31860.87,6.193792768273717
2018-11-09,284.0,20.4,60,0.0,5.6,2309.0,13859.8,6.002511909917713
2018-11-10,255.0,20.8,63,0.0,4.7,1923.0,10737.65,5.583801352054082
2018-11-11,206.0,21.8,61,0.0,4.8,1689.0,10327.7,6.114683244523387
2018-11-12,239.0,21.5,68,0.0,6.0,1538.0,10881.06,7.074811443433029
2018-11-13,235.0,22.1,69,0.1,6.7,1921.0,11520.59,5.997183758459136
2018-11-14,438.0,21.5,72,1.1,7.3,1020.0,6893.74,6.75856862745098
2018-11-15,96.8,20.7,72,0.6,9.4,1784.0,11956.81,6.702247757847533
2018-11-16,148.0,19.1,61,0.0,14.5,1700.0,9914.28,5.8319294117647065
2018-11-17,125.0,18.5,64,0.0,10.4,1292.0,9098.21,7.041958204334365
2018-11-18,136.0,19.8,64,0.0,7.0,2012.0,12352.53,6.13942842942346
2018-11-19,285.0,20.8,63,0.0,10.6,1028.0,6774.57,6.590048638132296
2018-11-20,197.0,20.5,72,0.0,7.1,453.0,3087.87,6.816490066225166
2018-11-21,216.0,19.7,62,0.0,10.0,737.0,4226.05,5.734124830393488
2018-11-22,101.0,19.6,58,0.0,5.9,535.0,3853.91,7.203570093457944
2018-11-23,166.0,19.3,57,0.0,12.9,640.0,4099.18,6.40496875
2018-11-24,96.8,19.3,53,0.0,14.9,397.0,2465.46,6.210226700251889
2018-11-25,100.0,17.8,60,0.0,8.1,219.0,1131.86,5.168310502283105
2018-11-26,620.0,18.5,66,0.0,8.6,119.0,686.32,5.767394957983194
2018-11-27,138.0,19.5,69,0.0,6.7,15.0,46.07,3.0713333333333335
2018-11-28,145.0,19.6,72,0.0,5.1,132.0,520.58,3.9437878787878793
2018-11-29,166.0,18.6,72,0.0,8.5,141.0,598.69,4.2460283687943265
2018-11-30,187.0,18.3,69,0.0,9.6,105.0,458.19,4.363714285714286
2018-12-01,144.0,17.4,67,0.0,9.0,52.0,252.81,4.861730769230769
2018-12-02,107.0,17.8,58,0.0,5.3,57.0,213.15,3.7394736842105263
2018-12-03,165.0,17.7,61,0.0,5.0,55.0,210.27,3.8230909090909093
2018-12-04,168.0,17.3,66,0.0,6.0,89.0,309.35,3.4758426966292135
2018-12-05,154.0,16.7,69,0.0,6.5,110.0,304.36,2.766909090909091
2018-12-06,178.0,17.0,67,0.0,5.7,64.0,174.68,2.729375
2018-12-07,180.0,15.9,70,0.0,9.7,53.0,163.68,3.0883018867924528
2018-12-08,202.0,15.4,70,0.0,7.3,58.0,177.83,3.066034482758621
2018-12-09,186.0,15.9,67,0.0,6.0,102.0,448.81,4.4000980392156865
2018-12-10,238.0,15.5,72,0.1,8.0,81.0,219.99,2.715925925925926
2018-12-11,247.0,15.5,68,0.0,6.1,40.0,160.36,4.009
2018-12-12,192.0,14.6,76,0.8,8.7,9.0,18.8,2.088888888888889
2018-12-13,84.0,14.3,75,0.1,7.6,31.0,63.43,2.0461290322580643
2018-12-14,122.0,14.0,70,0.0,8.6,95.0,293.91,3.0937894736842106
2018-12-15,138.33333333333334,13.8,68,0.0,10.8,147.0,414.33,2.8185714285714285
2018-12-16,154.66666666666666,13.4,67,0.0,8.7,125.0,400.6,3.2048
2018-12-17,171.0,13.0,69,0.0,8.4,57.0,148.27,2.6012280701754387
2018-12-18,211.0,12.9,66,0.0,10.3,61.0,215.39000000000001,3.530983606557377
2018-12-19,230.0,12.8,68,0.0,9.1,75.0,274.99,3.6665333333333336
2018-12-20,231.0,12.4,68,0.0,7.3,169.0,577.22,3.4155029585798817
2018-12-21,261.0,12.1,69,0.0,8.8,129.0,404.15,3.1329457364341082
2018-12-22,320.0,11.9,70,0.0,6.5,102.0,353.63,3.4669607843137253
2018-12-23,363.0,12.3,70,0.0,7.9,65.0,506.56,7.793230769230769
2018-12-24,323.0,13.2,66,0.0,7.3,98.0,397.37,4.054795918367347
2018-12-25,303.0,12.2,66,0.0,11.0,104.0,383.8,3.6903846153846156
2018-12-26,220.0,11.9,63,0.0,8.0,131.0,466.43,3.560534351145038
2018-12-27,241.0,12.1,63,0.0,6.6,76.0,249.06,3.2771052631578947
2018-12-28,247.0,11.5,67,0.0,12.6,43.0,134.9,3.1372093023255814
2018-12-29,215.0,11.2,64,0.0,9.9,76.0,302.62,3.981842105263158
2018-12-30,252.0,13.2,61,0.0,4.8,100.0,363.76,3.6376
2018-12-31,323.0,12.3,70,0.0,9.2,152.0,572.71,3.767828947368421
2019-01-01,273.0,12.7,71,0.0,7.1,66.0,186.43,2.8246969696969697
2019-01-02,281.0,14.1,71,0.0,6.9,45.0,160.34,3.563111111111111
2019-01-03,348.0,13.4,70,0.0,9.9,34.0,137.74,4.051176470588236
2019-01-04,242.0,12.6,70,0.0,7.5,18.0,71.67999999999999,3.9822222222222217
2019-01-05,228.0,13.4,69,0.0,11.9,29.0,84.29,2.9065517241379313
2019-01-06,170.0,13.0,77,2.3,8.7,25.0,79.74,3.1896
2019-01-07,180.0,12.4,77,0.0,8.3,19.0,56.79,2.988947368421053
2019-01-08,179.0,12.2,75,0.0,10.2,23.0,83.11,3.6134782608695653
2019-01-09,139.0,12.6,69,0.0,12.8,55.0,210.95,3.8354545454545454
2019-01-10,225.0,12.7,66,0.0,8.7,53.0,196.56,3.708679245283019
2019-01-11,247.0,12.9,68,0.0,6.9,102.0,311.0,3.049019607843137
2019-01-12,236.0,13.9,67,0.0,5.9,34.0,130.27,3.8314705882352946
2019-01-13,292.0,14.5,72,0.0,7.5,22.0,53.99,2.454090909090909
2019-01-14,71.7,12.5,58,0.0,15.0,57.0,262.58,4.6066666666666665
2019-01-15,112.0,11.5,56,0.0,13.2,45.0,249.53,5.545111111111111
2019-01-16,238.0,11.7,67,0.0,6.6,30.0,70.35,2.3449999999999998
2019-01-17,304.0,12.7,71,0.0,7.5,82.0,280.62,3.4221951219512197
2019-01-18,223.0,12.0,72,0.0,8.7,21.0,100.48,4.784761904761905
2019-01-19,223.0,14.4,67,0.0,7.1,16.0,58.47,3.654375
2019-01-20,201.0,17.8,67,0.0,5.0,17.0,86.39,5.081764705882353
2019-01-21,146.0,16.2,80,6.5,14.8,4.0,52.89,13.2225
2019-01-22,44.9,14.8,86,16.9,14.2,1.0,0.92,0.92
2019-01-23,225.0,13.2,84,0.1,6.4,0.0,0.0,0.0
2019-01-24,133.0,13.7,81,0.3,8.1,3.0,4.41,1.47
2019-01-25,76.3,12.1,79,0.1,8.3,20.0,70.44,3.522
2019-01-26,104.0,11.3,66,0.0,10.3,57.0,166.94,2.9287719298245616
2019-01-27,141.0,10.1,66,0.0,11.7,60.0,207.38,3.4563333333333333
2019-01-28,112.0,10.6,61,0.0,12.8,50.0,227.10999999999999,4.542199999999999
2019-01-29,127.0,11.1,60,0.0,12.5,40.0,128.79,3.21975
2019-01-30,183.0,11.5,68,0.0,9.4,2.0,3.42,1.71
2019-01-31,220.0,13.0,69,0.6,11.4,13.0,46.45,3.5730769230769233
2019-02-01,173.0,14.2,74,0.2,9.2,30.0,94.05,3.135
2019-02-02,196.0,12.9,80,0.0,10.2,55.0,180.55,3.2827272727272727
2019-02-03,144.0,12.6,81,0.0,8.7,35.0,121.51,3.471714285714286
2019-02-04,118.0,14.2,73,0.0,6.6,25.0,69.03999999999999,2.7615999999999996
2019-02-05,171.0,15.9,75,0.0,7.0,45.0,192.89,4.286444444444444
2019-02-06,510.0,17.1,84,9.1,12.2,72.0,264.79,3.677638888888889
2019-02-07,1540.0,15.7,89,12.7,20.9,2.0,2.66,1.33
2019-02-08,1450.0,12.7,71,0.0,9.1,9.0,27.42,3.046666666666667
2019-02-09,70.6,12.5,68,0.0,13.0,26.0,79.51,3.058076923076923
2019-02-10,152.0,12.4,72,0.5,7.4,15.0,69.13,4.608666666666666
2019-02-11,366.0,13.2,73,0.0,6.5,23.0,87.66,3.811304347826087
2019-02-12,354.5,15.2,75,0.0,5.2,26.0,94.58,3.6376923076923076
2019-02-13,343.0,16.5,73,0.4,7.0,10.0,41.33,4.133
2019-02-14,,16.3,83,4.0,14.8,5.0,8.71,1.7420000000000002
2019-02-15,,15.9,85,4.5,6.9,4.0,3.06,0.765
2019-02-16,,14.4,85,0.1,8.2,32.0,213.41,6.6690625
2019-02-17,,14.6,79,0.0,11.7,21.0,48.72,2.32
2019-02-18,,16.3,71,0.1,11.2,15.0,52.6,3.506666666666667
2019-02-19,,16.9,77,0.0,6.3,8.0,32.019999999999996,4.0024999999999995
2019-02-20,,17.0,82,2.6,12.5,1.0,1.58,1.58
2019-02-21,,19.3,75,0.0,11.2,11.0,17.07,1.5518181818181818
2019-02-22,,17.9,72,0.4,15.2,42.0,102.0,2.4285714285714284
2019-02-23,,15.1,64,0.0,14.6,64.0,236.65,3.69765625
2019-02-24,,15.4,66,0.2,9.1,91.0,407.36,4.476483516483516
2019-02-25,,15.5,65,0.0,7.6,81.0,330.51,4.08037037037037
2019-02-26,,15.6,67,2.8,11.7,18.0,73.0,4.055555555555555
2019-02-27,,13.5,79,11.2,7.5,48.0,174.32,3.6316666666666664
2019-02-28,,13.1,70,0.0,9.4,76.0,252.41,3.3211842105263156
2019-03-01,,13.9,66,0.0,9.5,44.0,181.06,4.115
2019-03-02,,15.0,73,6.8,6.0,0.0,0.0,0.0
2019-03-03,,15.9,80,4.1,8.8,8.0,7.37,0.92125
2019-03-04,,16.9,80,0.2,7.9,28.0,43.28,1.5457142857142858
2019-03-05,,16.1,71,0.0,10.5,78.0,309.41,3.966794871794872
2019-03-06,,16.7,63,0.0,10.7,80.0,304.92,3.8115
2019-03-07,,17.1,62,0.0,8.2,41.0,217.97,5.316341463414634
2019-03-08,,18.6,58,0.0,7.9,16.0,85.3,5.33125
2019-03-09,,18.2,65,0.0,11.6,68.0,428.32,6.298823529411765
2019-03-10,,17.7,54,0.0,9.3,90.0,368.69,4.096555555555556
2019-03-11,,20.0,55,1.7,14.6,15.0,49.29,3.286
2019-03-12,,19.6,57,0.0,10.9,30.0,130.83,4.361000000000001
2019-03-13,,18.3,63,0.0,6.9,4.0,2.48,0.62
2019-03-14,,17.2,72,0.3,11.1,18.0,27.78,1.5433333333333334
2019-03-15,,17.9,65,0.0,11.0,68.0,204.98,3.014411764705882
2019-03-16,13.666666666666666,18.1,57,0.0,10.5,32.0,126.06,3.939375
2019-03-17,29.33333333333333,20.1,49,0.0,9.1,49.0,171.69,3.503877551020408
2019-03-18,45.0,20.7,49,0.0,7.0,30.0,102.2,3.4066666666666667
2019-03-19,90.3,21.7,50,0.0,8.7,39.0,144.19,3.697179487179487
2019-03-20,71.1,23.3,47,0.0,14.4,46.0,100.43,2.1832608695652174
2019-03-21,118.0,22.8,49,0.0,10.5,41.0,150.45,3.669512195121951
2019-03-22,34.8,22.0,40,0.0,13.2,48.0,198.93,4.144375
2019-03-23,48.7,22.4,38,0.0,15.7,21.0,63.0,3.0
2019-03-24,57.4,24.1,45,0.0,12.9,9.0,34.27,3.807777777777778
2019-03-25,64.4,21.7,62,0.5,11.5,20.0,47.35,2.3675
2019-03-26,81.0,22.3,57,0.0,11.2,38.0,88.66,2.333157894736842
2019-03-27,66.0,23.6,52,0.0,9.5,33.0,127.85000000000001,3.8742424242424245
2019-03-28,82.6,26.0,52,0.0,8.2,15.0,52.63,3.508666666666667
2019-03-29,83.3,27.9,50,0.0,7.0,14.0,50.33,3.5949999999999998
2019-03-30,83.0,27.0,54,0.0,7.4,24.0,55.51,2.3129166666666667
2019-03-31,53.8,26.5,41,0.0,14.1,56.0,245.63,4.3862499999999995
2019-04-01,65.4,25.5,33,0.0,13.7,38.0,109.97,2.8939473684210526
2019-04-02,64.2,25.5,39,0.0,8.6,47.0,332.53999999999996,7.0753191489361695
2019-04-03,72.0,26.3,39,0.0,9.4,27.0,108.8,4.029629629629629
2019-04-04,92.5,28.0,40,0.0,8.2,22.0,98.84,4.492727272727273
2019-04-05,68.5,29.4,41,0.0,7.1,27.0,124.72,4.619259259259259
2019-04-06,73.9,28.8,47,0.0,9.3,23.0,48.01,2.087391304347826
2019-04-07,135.0,28.2,54,0.0,10.1,12.0,75.09,6.2575
2019-04-08,71.4,26.9,54,0.2,11.2,9.0,26.81,2.9788888888888887
2019-04-09,67.3,28.4,47,0.0,8.1,20.0,80.91,4.0455
2019-04-10,88.1,29.2,43,0.0,7.9,29.0,119.44,4.118620689655172
2019-04-11,58.4,30.4,36,0.0,8.3,30.0,71.4,2.3800000000000003
2019-04-12,58.7,29.6,36,0.0,10.0,13.0,50.32,3.870769230769231
2019-04-13,57.3,29.9,38,0.0,12.0,15.0,43.370000000000005,2.8913333333333338
2019-04-14,48.7,30.6,34,0.0,14.0,23.0,33.18,1.442608695652174
2019-04-15,48.9,31.1,31,0.0,11.5,18.0,76.48,4.248888888888889
2019-04-16,62.9,26.2,49,0.5,12.6,0.0,0.0,0.0
2019-04-17,18.9,21.8,73,4.6,11.6,3.0,5.050000000000001,1.6833333333333336
2019-04-18,34.8,22.5,67,0.1,5.6,11.0,18.95,1.7227272727272727
2019-04-19,77.0,24.5,53,0.1,9.0,22.0,47.21,2.145909090909091
2019-04-20,92.5,26.4,47,0.0,7.3,22.0,89.91,4.086818181818182
2019-04-21,81.7,28.7,39,0.0,9.3,32.0,109.69,3.4278125
2019-04-22,97.8,30.1,40,0.0,9.4,35.0,220.02,6.2862857142857145
2019-04-23,93.6,32.1,34,0.0,8.5,33.0,114.98,3.4842424242424244
2019-04-24,157.0,32.7,35,0.0,10.9,30.0,366.12,12.204
2019-04-25,87.3,33.0,36,0.0,11.1,34.0,206.63,6.07735294117647
2019-04-26,77.8,33.0,33,0.0,12.6,100.0,727.98,7.2798
2019-04-27,75.8,33.5,22,0.0,18.9,383.0,7858.48,20.51822454308094
2019-04-28,98.6,33.3,20,0.0,15.8,147.0,2571.56,17.49360544217687
2019-04-29,95.6,33.6,19,0.0,10.5,178.0,1217.94,6.842359550561798
2019-04-30,88.6,34.2,20,0.0,12.0,269.0,1936.06,7.19724907063197
2019-05-01,104.0,33.0,25,0.0,8.9,234.0,1295.48,5.536239316239317
2019-05-02,80.5,31.5,33,0.5,13.4,233.0,1762.44,7.56412017167382
2019-05-03,99.8,31.0,33,0.0,9.7,177.0,1319.22,7.453220338983051
2019-05-04,87.8,31.1,22,0.0,13.8,670.0,7559.87,11.283388059701492
2019-05-05,131.0,31.1,19,0.0,14.1,1211.0,9874.42,8.153938893476466
2019-05-06,116.0,32.2,21,0.0,10.8,1222.0,11200.23,9.165490998363339
2019-05-07,117.0,32.3,20,0.0,13.3,1087.0,9846.36,9.058288868445263
2019-05-08,226.0,34.0,18,0.0,13.5,1490.0,11754.13,7.888677852348993
2019-05-09,157.0,34.2,19,0.0,17.1,1667.0,13361.61,8.015362927414518
2019-05-10,130.0,34.6,20,0.0,16.8,2282.0,13722.69,6.013448729184926
2019-05-11,97.9,32.3,29,0.0,13.1,940.0,4829.05,5.137287234042553
2019-05-12,227.0,31.9,30,0.0,10.8,2824.0,17608.63,6.235350566572238
2019-05-13,247.0,32.4,30,0.0,8.3,1906.0,15388.84,8.07389296956978
2019-05-14,49.1,30.1,42,0.0,8.0,966.0,5945.12,6.154368530020704
2019-05-15,68.7,30.3,45,0.1,7.3,460.0,2595.5099999999998,5.6424130434782604
2019-05-16,65.3,30.2,46,0.0,8.9,985.0,4995.11,5.071177664974619
2019-05-17,74.7,28.3,57,2.7,7.2,230.0,1504.79,6.542565217391304
2019-05-18,40.3,27.4,60,0.2,11.9,2124.0,11527.68,5.427344632768362
2019-05-19,85.0,30.1,43,0.0,10.8,1543.0,10560.83,6.844348671419313
2019-05-20,92.3,31.9,34,0.0,11.1,3156.0,18780.14,5.950614702154626
2019-05-21,158.0,32.6,31,0.0,10.6,3032.0,15779.43,5.204297493403694
2019-05-22,55.2,32.8,35,0.0,9.9,942.0,5565.79,5.90848195329087
2019-05-23,82.6,33.1,37,0.0,8.3,446.0,3364.28,7.54322869955157
2019-05-24,41.9,30.8,45,0.0,12.4,214.0,984.42,4.600093457943925
2019-05-25,41.8,31.1,39,0.0,15.3,1146.0,7034.13,6.137984293193718
2019-05-26,53.1,31.6,34,0.0,11.5,1300.0,7106.44,5.466492307692308
2019-05-27,51.1,33.7,27,0.0,12.0,1032.0,6786.26,6.575833333333334
2019-05-28,62.2,33.5,20,0.0,12.4,608.0,4324.86,7.113256578947368
2019-05-29,60.8,34.7,20,0.0,10.5,751.0,3870.83,5.154234354194408
2019-05-30,246.0,35.6,21,0.0,9.0,705.0,4288.74,6.0833191489361695
2019-05-31,70.0,36.8,20,0.0,10.8,572.0,3275.8,5.726923076923077
2019-06-01,83.0,35.6,29,0.0,10.3,580.0,3275.41,5.647258620689655
2019-06-02,65.5,35.5,40,0.0,13.8,195.0,1282.12,6.574974358974359
2019-06-03,59.6,34.6,46,0.0,15.5,141.0,946.8,6.714893617021276
2019-06-04,53.0,34.8,42,0.0,14.4,83.0,299.78000000000003,3.611807228915663
2019-06-05,61.9,35.5,39,0.3,9.4,197.0,1094.49,5.555786802030457
2019-06-06,301.0,35.6,37,0.5,11.2,230.0,1121.22,4.8748695652173915
2019-06-07,47.9,34.1,42,0.0,8.6,169.0,999.7,5.915384615384616
2019-06-08,44.7,35.5,33,0.0,8.1,269.0,1224.52,4.552118959107807
2019-06-09,60.2,36.9,24,0.0,8.1,396.0,1483.77,3.7468939393939396
2019-06-10,53.2,37.2,23,0.0,7.9,426.0,2326.62,5.461549295774647
2019-06-11,113.0,37.4,23,0.0,10.4,242.0,1611.93,6.6608677685950415
2019-06-12,62.5,34.6,44,2.2,11.6,24.0,66.85,2.7854166666666664
2019-06-13,44.1,35.4,38,0.0,12.2,113.0,620.78,5.49362831858407
2019-06-14,41.8,36.0,29,0.0,15.2,226.0,839.14,3.713008849557522
2019-06-15,71.1,36.5,22,0.0,14.5,216.0,1115.82,5.165833333333333
2019-06-16,43.2,33.8,43,0.0,20.4,144.0,439.46,3.051805555555555
2019-06-17,157.0,33.5,47,0.0,19.0,124.0,735.05,5.927822580645161
2019-06-18,463.0,30.5,55,0.5,8.7,69.0,179.12,2.5959420289855073
2019-06-19,25.0,31.0,53,0.0,7.5,161.0,598.29,3.716086956521739
2019-06-20,38.3,31.8,48,0.0,7.1,19.0,157.78,8.30421052631579
2019-06-21,64.1,33.3,47,1.2,6.3,101.0,354.58,3.5106930693069307
2019-06-22,62.5,34.7,38,0.0,8.9,143.0,589.2,4.12027972027972
2019-06-23,36.5,34.0,49,0.0,14.3,130.0,613.5,4.719230769230769
2019-06-24,23.9,31.5,60,0.6,10.5,8.0,29.21,3.65125
2019-06-25,53.3,32.1,62,4.8,5.4,25.0,95.97,3.8388
2019-06-26,64.3,34.8,48,0.6,8.6,180.0,735.93,4.0885
2019-06-27,55.7,34.6,40,0.0,11.8,113.0,435.06,3.8500884955752213
2019-06-28,58.2,35.5,38,0.0,13.3,137.0,505.44,3.6893430656934307
2019-06-29,57.0,36.3,36,0.0,12.9,161.0,656.77,4.0793167701863355
2019-06-30,68.6,36.8,35,0.0,11.7,111.0,417.24,3.758918918918919
2019-07-01,281.0,36.0,42,0.0,6.8,56.0,214.07,3.8226785714285714
2019-07-02,62.7,35.7,46,0.0,9.1,142.0,493.77,3.4772535211267606
2019-07-03,33.6,33.7,56,1.6,11.5,59.0,362.34,6.141355932203389
2019-07-04,31.8,33.0,60,6.6,10.4,86.0,323.44,3.7609302325581395
2019-07-05,45.5,31.0,72,3.7,5.9,104.0,326.2,3.1365384615384615
2019-07-06,32.1,31.0,69,0.3,7.9,4.0,6.98,1.745
2019-07-07,34.3,31.1,69,2.1,4.6,48.0,179.45,3.7385416666666664
2019-07-08,50.0,31.9,68,4.0,5.3,7.0,32.03,4.575714285714286
2019-07-09,44.7,30.7,72,4.9,8.7,13.0,53.32,4.101538461538461
2019-07-10,74.5,31.0,74,7.1,9.1,30.0,120.05,4.001666666666667
2019-07-11,76.1,33.4,57,0.0,15.2,2.0,4.86,2.43
2019-07-12,57.0,33.4,51,0.5,13.6,5.0,15.96,3.192
2019-07-13,60.9,34.1,47,0.0,19.6,1.0,5.3,5.3
2019-07-14,65.5,32.9,52,0.0,15.9,0.0,0.0,0.0
2019-07-15,42.7,29.7,72,4.4,10.0,4.0,13.01,3.2525
2019-07-16,83.0,26.6,89,20.6,9.2,1.0,1.62,1.62
2019-07-17,34.5,27.2,85,14.8,6.8,4.0,11.42,2.855
2019-07-18,28.7,27.5,82,12.8,5.0,6.0,19.32,3.22
2019-07-19,58.0,29.4,79,6.7,4.6,2.0,6.4399999999999995,3.2199999999999998
2019-07-20,43.7,30.0,80,12.5,6.7,12.0,36.08,3.0066666666666664
2019-07-21,43.6,29.7,81,11.1,7.8,30.0,105.3,3.51
2019-07-22,51.5,30.4,80,6.1,6.3,3.0,28.79,9.596666666666666
2019-07-23,65.0,31.6,77,4.6,6.2,12.0,63.36,5.28
2019-07-24,60.0,31.5,74,6.8,9.2,4.0,24.0,6.0
2019-07-25,20.8,27.6,86,10.9,6.6,0.0,0.0,0.0
2019-07-26,29.5,27.2,87,26.9,10.4,0.0,0.0,0.0
2019-07-27,23.3,26.6,90,6.0,13.5,0.0,0.0,0.0
2019-07-28,19.3,28.1,86,7.3,14.2,0.0,0.0,0.0
2019-07-29,18.3,29.2,79,1.3,14.4,1.0,0.22,0.22
2019-07-30,25.0,28.9,78,0.8,12.4,4.0,20.95,5.2375
2019-07-31,26.1,29.0,78,0.5,9.7,4.0,15.38,3.845
2019-08-01,29.5,29.3,82,2.1,9.2,0.0,0.0,0.0
2019-08-02,32.8,28.7,85,12.9,7.1,0.0,0.0,0.0
2019-08-03,35.3,28.3,88,6.8,8.2,2.0,3.33,1.665
2019-08-04,50.5,28.9,87,4.2,4.3,8.0,21.28,2.66
2019-08-05,48.6,29.2,86,18.5,5.7,8.0,42.22,5.2775
2019-08-06,28.0,27.9,89,20.7,8.6,14.0,53.14,3.795714285714286
2019-08-07,30.8,28.2,88,7.0,5.6,0.0,0.0,0.0
2019-08-08,22.0,30.1,78,0.5,9.2,2.0,12.549999999999999,6.2749999999999995
2019-08-09,13.0,29.3,75,0.8,21.4,3.0,7.26,2.42
2019-08-10,14.4,28.8,80,1.7,18.8,3.0,8.45,2.8166666666666664
2019-08-11,25.7,29.5,79,0.3,7.9,7.0,35.239999999999995,5.034285714285714
2019-08-12,19.5,29.3,80,7.6,9.3,1.0,1.03,1.03
2019-08-13,21.3,29.1,84,20.1,9.0,5.0,28.57,5.714
2019-08-14,30.2,28.3,88,2.8,4.0,0.0,0.0,0.0
2019-08-15,29.9,29.0,82,11.2,14.0,0.0,0.0,0.0
2019-08-16,16.7,27.9,84,9.4,17.3,0.0,0.0,0.0
2019-08-17,9.91,26.1,90,8.4,20.7,1.0,2.46,2.46
2019-08-18,14.0,26.8,87,31.0,10.1,4.0,13.139999999999999,3.2849999999999997
2019-08-19,36.1,28.0,84,1.3,5.0,5.0,33.45,6.69
2019-08-20,45.6,28.5,82,0.8,9.6,9.0,45.8,5.088888888888889
2019-08-21,44.7,29.3,78,0.0,9.9,26.0,148.0,5.6923076923076925
2019-08-22,47.9,28.6,84,0.8,6.3,47.0,195.38,4.157021276595745
2019-08-23,54.2,29.2,82,4.0,3.5,13.0,42.089999999999996,3.237692307692307
2019-08-24,68.0,29.1,83,3.9,5.8,13.0,69.5,5.346153846153846
2019-08-25,43.2,27.5,88,12.9,8.2,10.0,44.32,4.432
2019-08-26,18.4,28.8,83,0.6,8.6,3.0,9.37,3.123333333333333
2019-08-27,38.2,29.8,80,0.1,6.3,12.0,48.78,4.065
2019-08-28,37.0,30.4,78,0.4,8.4,11.0,36.67,3.333636363636364
2019-08-29,32.0,30.1,80,1.0,9.1,13.0,56.94,4.38
2019-08-30,33.3,30.1,81,0.9,5.1,6.0,18.51,3.0850000000000004
2019-08-31,42.3,30.5,78,6.4,5.4,2.0,6.12,3.06
2019-09-01,30.2,28.6,86,4.7,10.0,6.0,15.55,2.591666666666667
2019-09-02,46.3,29.5,83,1.3,4.2,12.0,26.47,2.205833333333333
2019-09-03,67.1,30.2,80,5.5,5.1,6.0,26.54,4.423333333333333
2019-09-04,74.6,29.0,85,7.8,8.9,5.0,27.02,5.404
2019-09-05,30.5,29.4,82,0.6,7.8,8.0,34.25,4.28125
2019-09-06,28.5,29.7,81,0.4,7.8,15.0,50.36,3.3573333333333335
2019-09-07,28.3,28.8,85,2.1,9.1,14.0,43.38,3.0985714285714288
2019-09-08,32.7,29.1,83,0.2,6.3,6.0,22.11,3.685
2019-09-09,51.4,30.1,78,0.1,4.9,17.0,84.5,4.970588235294118
2019-09-10,52.8,30.6,74,0.0,5.5,14.0,88.09,6.292142857142857
2019-09-11,72.6,31.2,73,0.4,5.8,9.0,54.82,6.091111111111111
2019-09-12,55.4,30.2,79,0.6,13.4,18.0,71.64,3.98
2019-09-13,31.0,29.8,77,0.6,10.8,21.0,66.83,3.182380952380952
2019-09-14,25.7,28.7,79,0.7,12.1,16.0,75.2,4.7
2019-09-15,35.8,28.1,83,5.2,8.3,23.0,146.78,6.381739130434783
2019-09-16,55.2,29.3,81,0.4,5.4,14.0,62.03,4.430714285714286
2019-09-17,57.0,29.2,80,2.0,7.8,55.0,289.32,5.260363636363636
2019-09-18,33.1,28.5,80,3.0,11.2,82.0,338.15,4.123780487804877
2019-09-19,20.0,26.9,80,1.0,12.7,17.0,55.37,3.2570588235294116
2019-09-20,29.8,27.0,83,7.7,7.0,18.0,107.42,5.967777777777778
2019-09-21,34.6,27.8,80,0.7,6.1,55.0,259.36,4.715636363636364
2019-09-22,22.9,27.1,83,13.9,8.7,74.0,476.04,6.432972972972974
2019-09-23,30.9,26.7,81,2.0,8.0,111.0,458.39,4.129639639639639
2019-09-24,32.7,27.0,80,2.9,8.6,136.0,714.1,5.250735294117647
2019-09-25,29.8,27.2,81,3.6,11.3,54.0,268.83,4.978333333333333
2019-09-26,17.0,27.6,76,1.9,15.9,26.0,123.03,4.731923076923077
2019-09-27,11.6,26.6,78,0.5,13.0,29.0,137.17000000000002,4.73
2019-09-28,17.1,25.5,83,4.6,12.8,54.0,302.05,5.593518518518518
2019-09-29,13.6,25.0,84,2.0,11.7,8.0,17.689999999999998,2.2112499999999997
2019-09-30,27.7,25.3,83,6.0,7.9,11.0,36.26,3.2963636363636364
2019-10-01,29.4,25.1,85,4.5,7.5,7.0,14.16,2.0228571428571427
2019-10-02,36.4,26.5,80,0.2,5.3,42.0,151.82,3.6147619047619046
2019-10-03,50.2,27.5,73,0.0,4.5,60.0,229.48,3.8246666666666664
2019-10-04,45.7,26.1,72,4.9,8.2,47.0,160.31,3.4108510638297873
2019-10-05,35.6,26.1,66,0.0,10.4,67.0,251.93,3.7601492537313432
2019-10-06,53.9,26.4,62,0.0,8.2,34.0,106.97,3.146176470588235
2019-10-07,54.7,26.3,62,0.0,10.9,69.0,293.86,4.258840579710145
2019-10-08,39.4,26.4,57,0.0,7.0,198.0,1043.25,5.268939393939394
2019-10-09,73.2,25.5,61,0.0,6.3,347.0,1524.45,4.393227665706052
2019-10-10,84.4,26.4,59,0.0,5.9,404.0,1722.07,4.262549504950495
2019-10-11,129.0,26.6,54,0.0,5.7,270.0,1374.48,5.0906666666666665
2019-10-12,59.0,27.3,57,0.0,6.6,229.0,978.51,4.272969432314411
2019-10-13,59.0,27.7,52,0.0,6.8,359.0,1736.22,4.836267409470752
2019-10-14,59.0,27.0,58,0.0,7.5,423.0,2284.46,5.400614657210402
2019-10-15,101.0,27.1,62,0.0,6.2,690.0,2934.07,4.252275362318841
2019-10-16,133.0,27.6,58,0.0,6.3,435.0,2267.66,5.213011494252873
2019-10-17,108.0,27.0,61,0.0,7.4,300.0,1505.95,5.019833333333334
2019-10-18,83.0,26.4,65,2.7,8.9,164.0,803.02,4.896463414634146
2019-10-19,74.5,25.5,67,2.5,5.8,629.0,3379.58,5.372941176470588
2019-10-20,95.1,25.7,49,0.0,9.3,1165.0,5975.47,5.129158798283262
2019-10-21,109.0,25.0,51,0.0,10.8,1176.0,6909.72,5.875612244897959
2019-10-22,89.3,24.4,48,0.0,12.0,808.0,5178.5,6.409034653465347
2019-10-23,101.0,24.4,54,0.0,8.5,1022.0,5837.45,5.71179060665362
2019-10-24,138.0,24.2,65,0.0,6.7,1248.0,8644.1,6.92636217948718
2019-10-25,115.0,24.4,63,0.0,7.2,2004.0,12397.55,6.186402195608782
2019-10-26,125.0,24.5,61,0.0,6.2,2720.0,15631.05,5.746709558823529
2019-10-27,170.0,24.5,58,0.0,9.2,2585.0,17760.75,6.870696324951644
2019-10-28,256.0,24.1,59,0.0,7.5,2408.0,15929.83,6.615377906976744
2019-10-29,265.0,24.4,65,0.0,5.6,1631.0,12461.22,7.640232985898222
2019-10-30,241.0,25.4,64,0.0,7.7,3423.0,27881.49,8.145337423312883
2019-10-31,286.0,24.3,66,0.0,7.9,10.0,13.08,1.308
2019-11-01,389.0,24.8,65,0.0,6.7,402.0,2315.28,5.759402985074628
2019-11-02,328.0,24.4,69,0.2,9.3,20.0,70.61,3.5305
2019-11-03,525.0,23.8,71,0.0,9.1,3010.0,16389.65,5.445066445182725
2019-11-04,263.0,23.7,63,0.0,12.6,5263.0,40201.82,7.638574957248718
2019-11-05,209.0,22.9,57,0.0,12.5,5769.0,38598.36,6.69065002600104
2019-11-06,88.2,23.3,59,0.0,7.8,4574.0,36892.21,8.065634018364669
2019-11-07,197.0,22.1,71,1.4,9.7,170.0,1265.66,7.445058823529412
2019-11-08,152.0,21.9,74,0.8,7.1,522.0,3212.54,6.154291187739464
2019-11-09,193.0,21.8,60,0.0,11.2,1993.0,16686.59,8.372599096838936
2019-11-10,162.0,20.8,60,0.0,9.5,2914.0,20668.38,7.092786547700755
2019-11-11,246.0,20.3,59,0.0,8.4,840.0,4973.79,5.921178571428571
2019-11-12,380.0,19.6,62,0.0,8.2,676.0,3818.15,5.648150887573965
2019-11-13,408.0,20.7,67,0.0,7.0,26.0,126.91,4.881153846153846
2019-11-14,401.0,21.4,69,0.0,6.6,3.0,3.7,1.2333333333333334
2019-11-15,460.0,21.0,72,0.0,9.0,185.0,947.72,5.122810810810811
2019-11-16,189.0,21.9,64,0.0,14.0,135.0,638.52,4.729777777777778
2019-11-17,101.0,21.7,61,0.0,18.4,636.0,3564.67,5.604827044025157
2019-11-18,100.0,19.9,64,0.0,12.6,725.0,4903.87,6.763958620689655
2019-11-19,119.0,19.4,66,0.0,9.3,1588.0,10371.32,6.531057934508816
2019-11-20,139.0,19.1,65,0.0,5.8,958.0,8280.62,8.64365344467641
2019-11-21,199.0,19.6,67,0.0,7.1,224.0,1031.95,4.606919642857143
2019-11-22,176.0,20.6,65,0.0,6.6,39.0,190.69,4.88948717948718
2019-11-23,130.0,20.6,62,0.0,10.6,286.0,2284.09,7.986328671328672
2019-11-24,108.0,20.7,64,0.0,11.1,531.0,3507.52,6.605499058380414
2019-11-25,114.0,20.0,67,0.0,6.6,382.0,2488.57,6.514581151832461
2019-11-26,100.0,20.1,67,0.9,9.5,38.0,131.0,3.4473684210526314
2019-11-27,60.9,19.7,68,0.0,7.1,52.0,194.98,3.7496153846153844
2019-11-28,31.5,18.3,83,22.1,13.4,18.0,96.51,5.361666666666667
2019-11-29,54.8,17.7,82,0.0,6.1,58.0,277.98,4.792758620689655
2019-11-30,106.0,17.0,78,0.0,8.8,123.0,723.99,5.886097560975609
2019-12-01,129.0,15.5,74,0.0,8.5,224.0,1186.64,5.2975
2019-12-02,132.0,15.4,70,0.0,9.8,252.0,968.02,3.8413492063492063
2019-12-03,129.0,15.1,66,0.0,10.8,175.0,918.37,5.247828571428571
2019-12-04,128.0,15.3,72,0.0,6.4,77.0,367.1,4.767532467532468
2019-12-05,243.0,15.4,74,0.0,6.6,59.0,320.76,5.436610169491526
2019-12-06,254.0,15.4,82,0.0,6.5,117.0,533.95,4.563675213675214
2019-12-07,227.0,16.0,79,0.0,5.7,192.0,656.22,3.4178125
2019-12-08,230.0,15.7,79,0.0,6.9,201.0,752.8,3.7452736318407958
2019-12-09,239.0,15.3,73,0.0,6.2,50.0,156.42,3.1283999999999996
2019-12-10,203.0,15.1,70,0.0,7.4,81.0,319.27,3.9416049382716047
2019-12-11,255.0,15.7,71,0.0,6.1,3.0,8.59,2.8633333333333333
2019-12-12,263.0,15.6,78,5.9,13.3,1.0,2.05,2.05
2019-12-13,105.0,15.1,87,3.7,12.3,3.0,3.13,1.0433333333333332
2019-12-14,85.1,13.0,85,0.0,5.0,3.0,3.2,1.0666666666666667
2019-12-15,99.6,13.2,80,0.0,8.1,6.0,13.73,2.2883333333333336
2019-12-16,101.0,12.4,80,0.0,10.2,3.0,20.060000000000002,6.686666666666667
2019-12-17,102.0,11.8,80,0.0,10.1,11.0,33.06,3.005454545454546
2019-12-18,149.0,11.9,78,0.0,9.4,26.0,75.45,2.901923076923077
2019-12-19,280.0,11.5,80,0.0,5.4,1.0,4.41,4.41
2019-12-20,335.0,13.0,79,0.0,5.1,10.0,30.2,3.02
2019-12-21,282.0,13.4,81,0.2,6.2,12.0,28.5,2.375
2019-12-22,157.0,12.5,84,0.0,10.1,24.0,98.12,4.088333333333334
2019-12-23,192.0,11.8,82,0.0,10.5,31.0,99.9,3.2225806451612904
2019-12-24,293.0,9.6,90,0.0,6.2,98.0,293.39,2.9937755102040815
2019-12-25,181.0,8.7,87,0.0,9.7,3.0,15.900000000000002,5.300000000000001
2019-12-26,219.0,8.4,84,0.0,11.2,5.0,13.48,2.696
2019-12-27,242.0,7.3,88,0.0,7.2,27.0,99.03,3.667777777777778
2019-12-28,297.0,6.7,90,0.0,6.5,21.0,82.95,3.95
2019-12-29,368.0,7.3,86,0.0,5.2,93.0,284.0,3.053763440860215
2019-12-30,354.0,6.9,89,0.0,6.8,0.0,0.0,0.0
2019-12-31,228.0,7.6,78,0.0,6.8,26.0,85.09,3.272692307692308
2020-01-01,311.0,10.0,79,0.0,8.1,5.0,8.97,1.794
2020-01-02,287.0,12.9,79,0.0,8.6,34.0,104.64,3.0776470588235294
2020-01-03,228.0,14.0,78,0.1,6.5,75.0,237.68,3.1690666666666667
2020-01-04,206.0,13.4,82,0.5,5.4,56.0,181.91,3.248392857142857
2020-01-05,160.0,13.3,74,0.0,9.1,23.0,123.74,5.38
2020-01-06,150.0,13.5,76,0.0,6.7,0.0,0.0,0.0
2020-01-07,123.0,14.0,83,2.1,9.8,4.0,128.91,32.2275
2020-01-08,104.0,12.8,92,17.5,9.2,8.0,11.95,1.49375
2020-01-09,106.0,10.5,78,0.0,12.0,3.0,11.52,3.84
2020-01-10,142.0,10.1,77,0.0,11.7,10.0,19.47,1.9469999999999998
2020-01-11,157.0,10.3,77,0.0,9.3,22.0,58.120000000000005,2.641818181818182
2020-01-12,193.0,11.8,78,0.0,8.4,17.0,63.23,3.719411764705882
2020-01-13,221.0,14.6,83,16.6,10.5,6.0,11.08,1.8466666666666667
2020-01-14,116.0,14.0,86,0.3,8.6,17.0,40.64,2.3905882352941177
2020-01-15,112.0,12.4,83,0.0,8.6,8.0,38.93,4.86625
2020-01-16,152.0,12.4,90,11.1,7.7,0.0,0.0,0.0
2020-01-17,111.0,13.0,88,0.6,7.6,1.0,3.66,3.66
2020-01-18,135.0,12.5,89,0.2,6.3,12.0,36.01,3.000833333333333
2020-01-19,136.0,11.7,82,0.0,9.3,33.0,100.78,3.053939393939394
2020-01-20,158.0,12.1,84,0.0,8.2,21.0,105.02,5.000952380952381
2020-01-21,206.0,12.9,86,0.0,5.8,6.0,17.23,2.8716666666666666
2020-01-22,220.0,12.5,82,0.0,10.1,39.0,166.68,4.273846153846154
2020-01-23,68.3,12.5,66,0.0,17.9,57.0,174.25,3.057017543859649
2020-01-24,77.2,12.8,60,0.0,17.7,129.0,470.57,3.647829457364341
2020-01-25,123.0,11.8,74,0.0,7.7,59.0,221.29,3.7506779661016947
2020-01-26,193.0,13.6,79,0.0,7.0,61.0,245.95,4.031967213114754
2020-01-27,199.0,14.0,77,0.4,8.2,12.0,45.089999999999996,3.7575
2020-01-28,113.0,14.2,83,16.0,13.2,6.0,7.38,1.23
2020-01-29,75.8,13.3,82,0.5,6.6,17.0,181.08,10.651764705882353
2020-01-30,96.0,12.6,77,0.0,11.2,40.0,136.99,3.4247500000000004
2020-01-31,95.3,12.1,74,0.0,9.3,15.0,46.57,3.1046666666666667
2020-02-01,101.0,12.3,74,0.0,7.7,23.0,66.16,2.8765217391304345
2020-02-02,134.0,11.7,76,0.0,10.1,63.0,194.89,3.093492063492063
2020-02-03,126.0,12.0,74,0.0,8.3,74.0,246.04999999999998,3.3249999999999997
2020-02-04,167.0,13.0,74,0.0,8.1,54.0,146.99,2.7220370370370373
2020-02-05,137.0,12.9,74,0.0,10.3,61.0,262.99,4.311311475409836
2020-02-06,110.0,11.7,75,0.0,8.2,65.0,304.19,4.679846153846154
2020-02-07,149.0,12.7,71,0.1,6.7,48.0,183.77,3.8285416666666667
2020-02-08,142.0,12.4,75,0.0,8.5,78.0,335.1,4.296153846153847
2020-02-09,162.0,12.8,75,0.0,8.0,142.0,501.65,3.5327464788732392
2020-02-10,180.0,13.2,73,0.0,9.1,106.0,448.79,4.233867924528302
2020-02-11,162.0,13.5,73,0.0,8.6,37.0,134.35999999999999,3.631351351351351
2020-02-12,194.0,15.9,68,0.0,13.2,84.0,407.7,4.853571428571429
2020-02-13,99.7,19.2,57,0.0,18.9,78.0,442.13,5.668333333333333
2020-02-14,70.3,18.5,51,0.0,21.6,106.0,419.18,3.9545283018867927
2020-02-15,82.2,17.5,47,0.0,16.4,146.0,598.23,4.0974657534246575
2020-02-16,118.0,17.1,60,0.0,10.2,77.0,304.84,3.958961038961039
2020-02-17,157.0,17.5,56,0.0,10.8,93.0,341.42,3.671182795698925
2020-02-18,133.0,17.0,48,0.0,13.4,100.0,364.29,3.6429
2020-02-19,120.0,18.2,54,0.0,14.9,40.0,295.6,7.390000000000001
2020-02-20,101.0,20.0,62,2.1,20.1,85.0,326.89,3.845764705882353
2020-02-21,54.2,16.2,84,13.4,18.2,13.0,33.64,2.5876923076923077
2020-02-22,64.5,17.8,79,0.7,8.8,32.0,147.68,4.615
2020-02-23,98.4,17.5,82,2.6,7.2,39.0,200.28,5.135384615384615
2020-02-24,63.9,17.6,78,0.1,8.0,49.0,243.49,4.969183673469388
2020-02-25,152.0,18.0,74,0.0,9.2,75.0,268.09,3.574533333333333
2020-02-26,133.0,18.6,74,0.0,6.6,94.0,332.69,3.539255319148936
2020-02-27,102.0,19.1,76,0.0,8.1,35.0,135.58,3.873714285714286
2020-02-28,85.2,20.3,74,0.0,15.8,19.0,38.04,2.002105263157895
2020-02-29,58.0,18.7,82,9.1,14.8,9.0,28.88,3.2088888888888887
2020-03-01,36.6,19.1,80,0.0,8.6,17.0,32.65,1.9205882352941175
2020-03-02,82.5,19.7,78,0.2,6.2,64.0,315.59,4.93109375
2020-03-03,67.7,19.6,70,0.0,7.8,56.0,234.08,4.180000000000001
2020-03-04,70.6,19.2,72,1.0,8.6,47.0,200.51,4.2661702127659575
2020-03-05,27.6,18.2,79,13.0,13.9,9.0,36.78,4.086666666666667
2020-03-06,19.7,16.4,86,23.3,18.2,2.0,1.55,0.775
2020-03-07,42.0,15.9,85,1.7,10.7,5.0,3.57,0.714
2020-03-08,87.5,16.5,79,0.0,7.2,15.0,25.490000000000002,1.6993333333333334
2020-03-09,45.2,17.0,67,0.0,14.0,23.0,110.34,4.797391304347826
2020-03-10,85.2,17.1,68,0.0,6.4,51.0,183.54,3.5988235294117645
2020-03-11,54.7,18.7,74,2.6,14.3,5.0,13.74,2.748
2020-03-12,52.1,19.6,67,0.0,13.2,12.0,41.9,3.4916666666666667
2020-03-13,59.3,18.7,65,10.0,8.3,8.0,21.94,2.7425
2020-03-14,38.1,16.4,82,4.2,10.2,4.0,5.38,1.345
2020-03-15,58.9,16.3,78,0.1,5.5,19.0,54.93,2.8910526315789475
2020-03-16,68.6,18.0,75,0.0,9.6,15.0,36.24,2.416
2020-03-17,70.0,18.9,71,0.0,10.7,57.0,174.67,3.0643859649122804
2020-03-18,65.3,20.4,67,0.0,11.0,61.0,189.75,3.110655737704918
2020-03-19,81.2,20.8,71,0.2,7.7,33.0,152.51,4.621515151515151
2020-03-20,91.9,21.2,69,0.4,8.1,33.0,106.59,3.23
2020-03-21,66.7,21.7,70,1.6,5.3,15.0,38.23,2.5486666666666666
2020-03-22,69.4,22.0,68,0.0,8.1,31.0,201.2,6.490322580645161
2020-03-23,60.0,22.5,61,0.0,5.6,31.0,99.87,3.2216129032258065
2020-03-24,45.9,23.6,64,0.7,7.4,11.0,42.13,3.83
2020-03-25,29.6,23.8,62,0.0,10.1,6.0,18.669999999999998,3.1116666666666664
2020-03-26,42.2,23.5,61,0.0,12.7,0.0,0.0,0.0
2020-03-27,25.2,21.4,74,6.0,10.7,0.0,0.0,0.0
2020-03-28,18.1,21.3,69,0.1,10.5,6.0,15.55,2.591666666666667
2020-03-29,24.5,21.9,59,0.0,14.5,21.0,75.48,3.5942857142857143
2020-03-30,36.6,21.9,55,0.0,12.1,12.0,47.98,3.998333333333333
2020-03-31,31.5,22.7,56,0.1,11.4,10.0,48.949999999999996,4.895
2020-04-01,30.4,23.9,56,0.0,7.4,11.0,44.3,4.027272727272727
2020-04-02,23.9,23.3,53,0.0,14.7,23.0,75.44,3.28
2020-04-03,36.6,22.4,44,0.0,12.0,33.0,110.14,3.3375757575757574
2020-04-04,37.4,23.2,48,0.0,11.8,22.0,87.39,3.972272727272727
2020-04-05,44.0,24.0,53,0.0,9.0,16.0,49.51,3.094375
2020-04-06,51.0,26.2,46,0.0,10.0,15.0,60.440000000000005,4.029333333333334
2020-04-07,33.1,25.0,46,0.4,13.7,7.0,11.61,1.6585714285714286
2020-04-08,33.2,24.9,46,0.0,11.9,22.0,96.44,4.383636363636364
2020-04-09,35.8,24.4,46,0.0,10.6,8.0,33.28,4.16
2020-04-10,59.9,25.7,47,0.0,8.4,19.0,78.28999999999999,4.120526315789474
2020-04-11,44.8,27.7,42,0.0,8.1,13.0,49.83,3.833076923076923
2020-04-12,41.8,28.0,42,0.0,11.3,8.0,22.54,2.8175
2020-04-13,60.6,29.3,41,0.0,10.9,22.0,123.71000000000001,5.623181818181819
2020-04-14,45.0,30.1,41,0.0,8.7,16.0,41.98,2.62375
2020-04-15,49.6,30.4,38,0.0,10.2,15.0,49.21,3.280666666666667
2020-04-16,65.1,30.3,36,0.0,10.2,6.0,15.549999999999999,2.5916666666666663
2020-04-17,23.7,29.6,34,0.0,12.7,9.0,56.77,6.307777777777778
2020-04-18,27.8,29.0,38,0.0,13.8,10.0,44.18,4.418
2020-04-19,32.6,27.9,43,0.0,9.8,11.0,22.86,2.078181818181818
2020-04-20,38.1,26.8,45,0.4,7.6,11.0,53.95,4.904545454545455
2020-04-21,33.7,26.1,51,0.0,8.4,23.0,98.11,4.265652173913043
2020-04-22,49.7,27.5,41,0.0,7.8,27.0,132.1,4.892592592592592
2020-04-23,47.7,28.9,38,0.0,10.1,17.0,50.67,2.9805882352941175
2020-04-24,52.5,28.9,41,0.0,7.0,72.0,357.64,4.967222222222222
2020-04-25,46.9,28.5,43,0.5,8.1,47.0,263.99,5.616808510638298
2020-04-26,41.3,26.9,58,1.0,14.5,60.0,234.1,3.9016666666666664
2020-04-27,27.3,25.4,69,2.8,16.4,59.0,257.09,4.357457627118643
2020-04-28,36.9,26.4,64,0.2,9.0,83.0,400.36,4.823614457831326
2020-04-29,53.2,28.6,55,0.0,7.2,176.0,975.78,5.544204545454545
2020-04-30,52.0,29.4,51,0.2,10.8,75.0,465.95,6.212666666666666
2020-05-01,56.6,30.5,54,0.0,10.7,215.0,1086.84,5.05506976744186
2020-05-02,35.8,29.3,57,0.9,18.4,85.0,390.88,4.598588235294118
2020-05-03,33.7,27.7,64,21.8,13.7,44.0,210.56,4.785454545454545
2020-05-04,26.5,27.2,66,0.0,7.0,138.0,580.67,4.207753623188405
2020-05-05,44.1,28.8,50,0.0,7.7,182.0,1111.71,6.108296703296704
2020-05-06,53.6,28.6,45,0.0,7.5,216.0,905.67,4.192916666666666
2020-05-07,30.2,28.6,44,0.0,10.3,1597.0,7159.86,4.483318722604884
2020-05-08,44.3,30.7,40,0.0,9.4,1547.0,8148.31,5.267168713639302
2020-05-09,54.7,31.6,41,0.0,9.9,1441.0,10462.51,7.26058986814712
2020-05-10,43.9,29.6,54,0.8,13.2,321.0,1836.4,5.720872274143303
2020-05-11,44.4,29.1,57,0.3,11.2,756.0,4436.69,5.868637566137566
2020-05-12,42.6,29.4,55,0.0,10.0,1575.0,7273.34,4.617993650793651
2020-05-13,64.4,29.7,55,0.3,7.7,921.0,3775.63,4.099489685124865
2020-05-14,44.6,30.5,53,0.0,7.3,785.0,4931.93,6.282713375796178
2020-05-15,54.1,31.4,41,0.0,12.2,1168.0,7431.78,6.3628253424657535
2020-05-16,74.8,31.5,33,0.0,12.4,1577.0,12865.04,8.157920101458465
2020-05-17,89.9,31.8,32,0.0,8.8,1866.0,14281.77,7.653681672025724
2020-05-18,88.8,31.4,30,0.0,10.2,3626.0,20902.72,5.764677330391616
2020-05-19,92.6,32.1,22,0.0,7.8,1599.0,12723.45,7.957129455909945
2020-05-20,58.0,30.8,26,0.0,12.7,923.0,8252.58,8.941040086673889
2020-05-21,42.8,32.2,26,0.0,13.7,380.0,3911.59,10.293657894736842
2020-05-22,68.6,34.0,26,0.0,6.4,640.0,5374.3,8.397343750000001
2020-05-23,60.1,34.6,28,0.0,8.8,1025.0,5678.95,5.540439024390244
2020-05-24,46.5,35.6,25,0.0,12.6,555.0,3386.3,6.101441441441442
2020-05-25,61.0,35.7,22,0.0,12.8,318.0,2983.71,9.382735849056603
2020-05-26,57.5,36.9,19,0.0,11.0,223.0,1665.29,7.467668161434977
2020-05-27,43.8,36.5,21,0.0,9.9,183.0,1569.44,8.576174863387978
2020-05-28,37.1,33.0,41,0.1,19.6,119.0,527.18,4.430084033613445
2020-05-29,23.5,30.1,58,4.2,20.7,3.0,8.66,2.8866666666666667
2020-05-30,23.3,28.2,61,5.4,12.1,21.0,87.99,4.1899999999999995
2020-05-31,20.9,26.8,69,0.2,7.6,15.0,69.38,4.625333333333333
2020-06-01,37.2,27.8,67,0.0,6.5,23.0,92.45,4.019565217391304
2020-06-02,42.1,29.0,62,0.0,6.5,32.0,167.76,5.2425
2020-06-03,47.3,29.9,58,0.0,6.2,35.0,148.44,4.241142857142857
2020-06-04,65.8,29.6,57,0.0,7.1,51.0,291.18,5.709411764705883
2020-06-05,34.4,29.0,60,0.0,8.2,62.0,311.28000000000003,5.020645161290323
2020-06-06,27.2,29.5,58,0.0,7.6,6.0,11.84,1.9733333333333334
2020-06-07,27.0,30.6,59,1.2,8.4,11.0,42.81,3.891818181818182
2020-06-08,39.0,30.8,60,0.1,6.9,24.0,80.36,3.348333333333333
2020-06-09,57.2,33.0,51,0.0,6.5,19.0,66.76,3.513684210526316
2020-06-10,48.3,33.7,52,0.0,7.5,51.0,141.45,2.773529411764706
2020-06-11,45.0,33.5,53,0.0,6.4,21.0,58.52,2.7866666666666666
2020-06-12,61.1,33.8,52,0.0,9.0,51.0,173.79,3.4076470588235295
2020-06-13,46.2,33.6,55,0.0,9.0,38.0,149.14,3.9247368421052626
2020-06-14,61.8,33.6,56,0.0,8.6,75.0,277.67,3.702266666666667
2020-06-15,47.0,34.3,47,0.0,8.7,101.0,401.54,3.975643564356436
2020-06-16,38.3,33.8,48,0.1,9.4,57.0,327.2,5.7403508771929825
2020-06-17,27.2,33.9,52,0.0,11.5,76.0,447.5,5.8881578947368425
2020-06-18,35.8,34.6,50,0.0,10.1,114.0,392.14,3.439824561403509
2020-06-19,61.2,34.9,53,0.0,11.2,46.0,163.64000000000001,3.5573913043478265
2020-06-20,36.0,33.7,54,1.2,12.0,95.0,349.57,3.679684210526316
2020-06-21,39.5,33.4,54,0.0,9.0,149.0,486.71,3.2665100671140936
2020-06-22,40.4,31.9,61,1.0,7.2,11.0,37.45,3.4045454545454548
2020-06-23,26.4,31.5,64,2.0,14.3,109.0,512.27,4.699724770642201
2020-06-24,28.4,30.3,72,3.1,11.7,48.0,181.11,3.7731250000000003
2020-06-25,32.2,31.9,66,0.0,5.5,3.0,6.87,2.29
2020-06-26,40.5,32.4,65,1.4,10.0,14.0,43.45,3.1035714285714286
2020-06-27,37.0,33.7,57,0.1,13.6,9.0,22.88,2.542222222222222
2020-06-28,56.1,35.0,51,0.2,13.9,65.0,319.18,4.910461538461538
2020-06-29,37.2,34.4,54,0.5,12.8,0.0,0.0,0.0
2020-06-30,36.7,32.2,63,0.0,12.2,34.0,133.01,3.9120588235294114
2020-07-01,49.0,33.4,59,0.0,8.4,65.0,216.87,3.3364615384615384
2020-07-02,57.4,35.1,53,0.1,8.2,95.0,345.23,3.6340000000000003
2020-07-03,60.3,35.0,56,0.0,12.4,89.0,395.55,4.444382022471911
2020-07-04,42.4,33.1,64,0.0,14.5,90.0,402.91,4.476777777777778
2020-07-05,27.5,29.9,70,4.1,11.6,2.0,1.16,0.58
2020-07-06,40.2,30.6,70,0.3,10.8,13.0,45.38,3.490769230769231
2020-07-07,11.1,29.3,74,1.5,15.1,56.0,274.27,4.897678571428571
2020-07-08,21.1,28.8,82,5.4,12.5,4.0,18.45,4.6125
2020-07-09,27.5,30.2,78,2.2,8.2,19.0,92.39,4.862631578947369
2020-07-10,21.8,32.7,63,1.6,10.6,18.0,75.85,4.213888888888889
2020-07-11,17.2,31.9,64,0.9,12.0,27.0,95.55,3.5388888888888888
2020-07-12,18.5,31.7,66,0.5,7.9,12.0,25.64,2.1366666666666667
2020-07-13,27.7,31.9,65,0.1,8.3,6.0,12.6,2.1
2020-07-14,36.4,33.2,60,0.0,7.5,6.0,17.5,2.9166666666666665
2020-07-15,38.4,31.9,68,0.1,14.9,7.0,23.650000000000002,3.378571428571429
2020-07-16,27.7,30.7,73,4.6,14.2,0.0,0.0,0.0
2020-07-17,42.2,31.1,74,10.8,11.5,16.0,74.24000000000001,4.640000000000001
2020-07-18,38.6,31.6,74,2.5,10.5,6.0,14.02,2.3366666666666664
2020-07-19,21.2,30.5,80,14.1,9.5,7.0,27.86,3.98
2020-07-20,16.8,29.3,79,15.3,11.3,2.0,7.26,3.63
2020-07-21,20.1,28.2,82,13.5,7.3,1.0,0.87,0.87
2020-07-22,15.4,27.2,86,14.4,8.3,5.0,17.09,3.418
2020-07-23,30.3,28.5,79,0.2,6.3,9.0,17.44,1.9377777777777778
2020-07-24,35.7,28.8,78,1.6,8.4,7.0,13.85,1.9785714285714284
2020-07-25,27.7,28.8,82,1.9,10.1,1.0,3.2,3.2
2020-07-26,34.0,29.9,80,2.6,6.2,2.0,4.3,2.15
2020-07-27,28.7,31.0,75,2.7,9.9,6.0,33.71,5.618333333333333
2020-07-28,21.6,31.8,67,0.4,13.3,34.0,121.27,3.5667647058823526
2020-07-29,21.4,30.5,72,0.1,10.3,1.0,5.23,5.23
2020-07-30,14.4,28.9,79,3.9,7.8,1.0,4.39,4.39
2020-07-31,30.5,29.2,84,8.5,6.8,1.0,3.09,3.09
2020-08-01,26.933333333333334,29.4,84,5.6,5.6,4.0,14.59,3.6475
2020-08-02,23.366666666666667,31.1,75,0.2,8.8,1.0,0.71,0.71
2020-08-03,19.8,31.7,72,1.3,8.7,5.0,8.33,1.666
2020-08-04,21.4,31.7,73,0.9,8.3,3.0,9.18,3.06
2020-08-05,35.8,30.5,79,2.1,10.7,0.0,0.0,0.0
2020-08-06,9.11,30.9,71,0.1,23.0,3.0,10.18,3.393333333333333
2020-08-07,22.2,29.9,76,0.9,16.6,13.0,62.55,4.811538461538461
2020-08-08,45.8,30.8,78,3.3,3.9,23.0,113.45,4.932608695652174
2020-08-09,20.6,29.8,83,22.8,5.6,2.0,6.92,3.46
2020-08-10,25.0,28.8,87,2.4,9.1,4.0,28.07,7.0175
2020-08-11,35.7,28.9,87,15.8,6.2,3.0,13.28,4.426666666666667
2020-08-12,21.1,29.8,83,3.4,11.1,5.0,24.8,4.96
2020-08-13,12.1,26.6,95,84.6,8.1,21.0,73.11,3.4814285714285713
2020-08-14,16.9,27.6,89,5.0,12.6,3.0,4.18,1.3933333333333333
2020-08-15,27.0,28.9,86,2.6,11.0,14.0,63.09,4.506428571428572
2020-08-16,18.1,28.7,87,6.2,9.3,2.0,3.89,1.945
2020-08-17,25.3,29.1,86,2.1,9.1,2.0,6.6899999999999995,3.3449999999999998
2020-08-18,23.0,29.8,84,9.7,5.3,7.0,28.48,4.0685714285714285
2020-08-19,16.9,27.1,92,16.7,7.0,0.0,0.0,0.0
2020-08-20,18.4,26.5,93,8.8,8.1,0.0,0.0,0.0
2020-08-21,16.1,28.6,79,0.2,13.3,2.0,1.08,0.54
2020-08-22,14.9,28.6,75,0.1,18.1,2.0,3.74,1.87
2020-08-23,16.5,28.1,81,2.0,17.3,9.0,37.94,4.2155555555555555
2020-08-24,11.4,27.7,82,0.8,15.5,17.0,52.54,3.0905882352941174
2020-08-25,15.2,28.5,80,0.9,10.7,8.0,43.29,5.41125
2020-08-26,12.5,29.0,79,0.9,7.5,2.0,11.219999999999999,5.609999999999999
2020-08-27,14.3,28.7,80,1.1,6.7,0.0,0.0,0.0
2020-08-28,22.1,28.5,84,2.8,5.6,3.0,2.81,0.9366666666666666
2020-08-29,26.8,28.5,83,1.8,7.2,12.0,24.29,2.0241666666666664
2020-08-30,12.7,27.9,79,2.4,20.2,6.0,54.800000000000004,9.133333333333335
2020-08-31,7.44,27.9,77,1.5,16.2,2.0,4.449999999999999,2.2249999999999996
2020-09-01,14.8,28.5,75,1.3,9.5,0.0,0.0,0.0
2020-09-02,16.7,28.8,76,0.8,6.6,1.0,2.78,2.78
2020-09-03,30.3,28.5,83,5.4,10.4,4.0,29.9,7.475
2020-09-04,39.6,28.9,81,2.5,10.0,6.0,14.75,2.4583333333333335
2020-09-05,17.0,28.3,85,9.6,4.9,1.0,0.59,0.59
2020-09-06,23.8,28.2,86,5.3,5.5,6.0,12.77,2.1283333333333334
2020-09-07,45.0,28.7,83,4.5,4.5,8.0,12.47,1.55875
2020-09-08,28.2,29.3,79,0.4,5.4,6.0,7.92,1.32
2020-09-09,49.6,29.8,74,0.0,6.9,15.0,44.95,2.996666666666667
2020-09-10,50.8,29.8,72,0.0,8.6,13.0,28.74,2.210769230769231
2020-09-11,56.8,30.2,69,0.0,6.8,16.0,76.43,4.776875
2020-09-12,52.2,30.2,70,0.0,6.2,18.0,78.27,4.348333333333333
2020-09-13,59.9,30.0,73,0.0,6.0,33.0,187.49,5.681515151515152
2020-09-14,67.9,29.8,77,0.6,5.3,25.0,132.15,5.2860000000000005
2020-09-15,57.2,30.8,69,0.0,5.3,11.0,87.18,7.925454545454546
2020-09-16,60.3,31.4,65,0.0,7.0,8.0,36.57,4.57125
2020-09-17,41.1,31.7,61,0.0,10.3,35.0,227.8,6.508571428571429
2020-09-18,37.3,32.1,58,0.0,9.8,60.0,319.49,5.324833333333333
2020-09-19,51.7,31.4,63,0.0,6.1,81.0,453.67,5.600864197530864
2020-09-20,59.5,30.7,67,0.0,8.5,155.0,762.79,4.921225806451613
2020-09-21,58.8,30.8,62,0.0,7.0,95.0,565.86,5.956421052631579
2020-09-22,29.3,30.2,73,5.7,8.3,72.0,447.89,6.220694444444444
2020-09-23,22.9,29.5,73,2.3,8.5,91.0,547.7,6.0186813186813195
2020-09-24,32.4,29.6,70,0.0,7.5,151.0,869.75,5.759933774834437
2020-09-25,50.7,30.6,59,0.0,11.5,286.0,1655.91,5.7898951048951055
2020-09-26,53.3,29.2,56,0.0,9.7,211.0,1084.89,5.141658767772513
2020-09-27,32.1,28.9,58,0.0,8.9,124.0,702.4399999999999,5.664838709677419
2020-09-28,66.3,28.5,57,0.0,10.1,89.0,460.37,5.172696629213483
2020-09-29,64.9,28.0,55,0.0,10.8,154.0,901.14,5.851558441558441
2020-09-30,54.6,27.9,51,0.0,12.2,285.0,1580.0,5.543859649122807
2020-10-01,56.1,28.3,52,0.0,10.5,327.0,1705.8700000000001,5.216727828746178
2020-10-02,66.3,27.9,59,0.0,8.0,336.0,1900.37,5.655863095238095
2020-10-03,75.8,27.3,56,0.0,8.5,224.0,1187.41,5.300937500000001
2020-10-04,78.8,26.4,52,0.0,8.6,368.0,1727.69,4.694809782608695
2020-10-05,67.0,26.7,50,0.0,10.9,308.0,1599.57,5.193409090909091
2020-10-06,67.9,26.7,52,0.0,10.6,448.0,2046.4,4.567857142857143
2020-10-07,82.4,26.8,57,0.0,7.3,416.0,2447.06,5.882355769230769
2020-10-08,74.2,26.9,56,0.0,7.0,329.0,2285.39,6.946474164133738
2020-10-09,82.2,27.0,56,0.0,5.7,295.0,1462.69,4.958271186440678
2020-10-10,92.4,27.3,55,0.0,6.9,523.0,3153.28,6.029216061185469
2020-10-11,90.0,27.5,53,0.0,7.3,880.0,4492.43,5.105034090909092
2020-10-12,110.0,27.3,60,0.0,6.3,682.0,3259.22,4.77891495601173
2020-10-13,116.0,27.4,62,0.0,8.1,461.0,2746.26,5.957180043383948
2020-10-14,112.0,27.6,66,0.0,7.1,685.0,3791.88,5.535591240875912
2020-10-15,132.0,27.3,56,0.0,7.9,856.0,5320.92,6.216028037383178
2020-10-16,95.3,25.6,47,0.0,6.8,1084.0,6424.23,5.926411439114391
2020-10-17,119.0,27.0,43,0.0,5.8,1611.0,8711.49,5.407504655493482
2020-10-18,108.0,26.1,39,0.0,8.9,1352.0,8881.32,6.569023668639053
2020-10-19,106.0,25.3,36,0.0,9.1,879.0,5127.84,5.833720136518772
2020-10-20,97.8,24.9,36,0.0,8.9,1255.0,6838.75,5.449203187250996
2020-10-21,91.7,25.4,42,0.0,7.3,1386.0,9119.03,6.579386724386725
2020-10-22,141.0,26.2,42,0.0,6.5,1893.0,10601.35,5.600290544109878
2020-10-23,193.0,25.4,44,0.0,7.3,1359.0,8526.21,6.273885209713024
2020-10-24,161.0,24.9,43,0.0,7.7,997.0,6736.11,6.756379137412236
2020-10-25,163.0,25.6,42,0.0,6.6,1771.0,11345.37,6.406194240542067
2020-10-26,185.0,25.1,42,0.0,7.2,1998.0,15865.09,7.940485485485485
2020-10-27,166.0,23.1,35,0.0,11.0,2867.0,20255.48,7.065043599581444
2020-10-28,160.0,23.1,39,0.0,7.0,2822.0,18075.43,6.405184266477676
2020-10-29,223.0,23.9,45,0.0,5.5,1720.0,11627.37,6.760098837209303
2020-10-30,223.0,22.4,46,0.0,9.0,3507.0,25751.18,7.342794411177644
2020-10-31,266.0,21.9,40,0.0,10.7,4072.0,34179.56,8.393801571709233
2020-11-01,242.0,21.4,30,0.0,10.7,3942.0,34929.13,8.860763571790969
2020-11-02,135.0,21.9,29,0.0,10.1,3968.0,26555.31,6.692366431451613
2020-11-03,156.0,21.9,32,0.0,7.3,2752.0,22659.1,8.233684593023256
2020-11-04,354.0,21.4,39,0.0,9.2,4230.0,33984.96,8.0342695035461
2020-11-05,273.0,22.6,40,0.0,8.0,5540.0,37095.01,6.695850180505415
2020-11-06,224.0,21.9,41,0.0,8.6,4680.0,37723.43,8.060561965811965
2020-11-07,320.0,21.4,42,0.0,10.3,5886.0,42414.62,7.206017669045193
2020-11-08,307.0,21.5,45,0.0,5.6,3782.0,27537.3,7.281147540983606
2020-11-09,549.0,20.9,52,0.0,7.1,1701.0,12733.55,7.485920047031158
2020-11-10,487.0,21.1,57,0.0,6.0,3811.0,26635.64,6.9891472054578845
2020-11-11,120.0,20.6,62,0.0,7.7,2861.0,22748.92,7.951387626703949
2020-11-12,159.0,21.0,58,0.0,5.9,2304.0,15087.42,6.548359375
2020-11-13,161.0,21.0,53,0.0,5.1,2167.0,13026.710000000001,6.011402861098293
2020-11-14,360.0,20.4,55,0.0,6.1,469.0,2582.84,5.507121535181237
2020-11-15,306.0,21.1,61,4.2,14.2,148.0,738.69,4.991148648648649
2020-11-16,93.9,19.5,79,8.2,9.7,39.0,185.06,4.745128205128205
2020-11-17,80.2,18.7,74,0.0,8.3,431.0,2522.78,5.853317865429235
2020-11-18,112.0,17.8,68,0.0,7.0,942.0,5456.49,5.7924522292993625
2020-11-19,127.0,17.2,63,0.0,6.7,590.0,3864.57,6.550118644067797
2020-11-20,135.0,16.5,58,0.0,11.2,776.0,4985.65,6.424806701030928
2020-11-21,130.0,16.3,52,0.0,14.1,865.0,5187.89,5.997560693641619
2020-11-22,138.0,15.8,53,0.0,9.9,60.0,327.61,5.460166666666667
2020-11-23,147.0,15.8,58,0.0,5.8,203.0,1109.65,5.466256157635469
2020-11-24,235.0,16.1,62,0.0,7.2,57.0,274.33,4.812807017543859
2020-11-25,272.0,17.0,64,0.0,9.0,3.0,7.24,2.4133333333333336
2020-11-26,167.0,17.3,69,0.7,7.7,71.0,216.55,3.0500000000000003
2020-11-27,81.2,17.3,67,0.0,12.2,224.0,1145.69,5.1146875000000005
2020-11-28,118.0,16.4,63,0.0,11.4,327.0,1444.78,4.4182874617737005
2020-11-29,118.0,15.6,64,0.0,8.7,238.0,1077.06,4.525462184873949
2020-11-30,163.0,16.2,65,0.0,7.5,116.0,455.41,3.925948275862069
2020-12-01,215.0,16.6,69,0.0,7.7,135.0,661.58,4.900592592592593
2020-12-02,216.0,17.7,67,0.0,10.1,123.0,540.31,4.392764227642276
2020-12-03,214.0,18.5,64,0.0,6.3,173.0,731.37,4.22757225433526
2020-12-04,232.0,18.6,64,0.0,7.5,202.0,706.15,3.495792079207921
2020-12-05,254.0,18.9,68,0.0,10.2,148.0,534.16,3.609189189189189
2020-12-06,224.0,19.0,71,0.0,6.9,83.0,286.34,3.4498795180722888
2020-12-07,299.0,18.4,74,0.0,9.4,71.0,252.34,3.5540845070422535
2020-12-08,195.0,18.2,73,0.0,6.8,122.0,537.82,4.408360655737705
2020-12-09,181.0,19.4,67,0.0,5.7,93.0,339.01,3.645268817204301
2020-12-10,128.0,18.7,68,0.0,7.7,147.0,514.79,3.501972789115646
2020-12-11,146.0,18.9,70,0.2,6.8,30.0,83.53,2.7843333333333335
2020-12-12,116.25,17.9,82,0.9,6.3,4.0,6.54,1.635
2020-12-13,86.5,15.1,68,0.0,11.0,29.0,84.99,2.9306896551724138
2020-12-14,87.0,12.6,71,0.0,9.7,57.0,172.24,3.0217543859649125
2020-12-15,128.0,11.3,72,0.0,8.7,199.0,629.95,3.1655778894472366
2020-12-16,130.0,11.5,70,0.0,10.5,59.0,238.01,4.034067796610169
2020-12-17,148.0,10.2,65,0.0,13.9,80.0,275.82,3.44775
2020-12-18,134.0,11.0,58,0.0,14.0,125.0,523.07,4.18456
2020-12-19,197.0,12.2,59,0.0,13.1,171.0,684.99,4.005789473684211
2020-12-20,183.0,13.4,61,0.0,12.4,167.0,481.47,2.883053892215569
2020-12-21,181.0,13.2,70,0.0,9.0,97.0,326.03,3.3611340206185565
2020-12-22,293.0,14.1,71,0.0,6.9,124.0,349.54,2.8188709677419355
2020-12-23,349.0,14.0,72,0.0,6.4,137.0,541.61,3.9533576642335766
2020-12-24,335.0,13.8,67,0.0,8.6,130.0,587.64,4.520307692307692
2020-12-25,212.0,13.3,65,0.0,9.3,196.0,597.12,3.046530612244898
2020-12-26,205.0,12.8,71,0.0,9.7,193.0,627.33,3.250414507772021
2020-12-27,270.0,14.9,64,0.2,10.0,103.0,427.65,4.151941747572815
2020-12-28,96.5,12.0,53,0.0,10.7,30.0,67.39,2.2463333333333333
2020-12-29,128.0,10.3,67,0.0,11.3,59.0,331.19,5.613389830508474
2020-12-30,168.0,9.7,76,0.0,10.3,85.0,295.91,3.4812941176470593
2020-12-31,253.0,9.7,79,0.0,9.1,86.0,336.46,3.912325581395349
2021-01-01,392.0,10.5,75,0.0,5.7,95.0,358.45,3.773157894736842
2021-01-02,401.0,13.7,72,4.5,9.6,3.0,12.75,4.25
2021-01-03,125.0,16.0,83,8.1,15.1,14.0,53.99,3.8564285714285718
2021-01-04,85.8,16.6,88,5.6,9.9,33.0,170.65,5.171212121212122
2021-01-05,68.2,17.5,84,2.8,10.7,3.0,3.6,1.2
2021-01-06,129.0,17.5,86,2.7,8.0,1.0,0.58,0.58
2021-01-07,128.0,14.9,85,0.0,9.1,4.0,5.91,1.4775
2021-01-08,159.0,13.4,85,0.0,6.3,17.0,74.72,4.395294117647059
2021-01-09,163.0,14.9,81,0.0,12.1,12.0,37.98,3.1649999999999996
2021-01-10,145.0,12.3,74,0.0,14.0,27.0,60.160000000000004,2.2281481481481484
2021-01-11,135.0,11.6,80,0.0,14.1,98.0,226.28,2.3089795918367346
2021-01-12,197.0,11.4,77,0.0,11.3,35.0,111.0,3.1714285714285713
2021-01-13,250.0,10.9,77,0.0,10.7,51.0,188.26,3.691372549019608
2021-01-14,423.0,11.3,79,0.0,6.7,34.0,145.91,4.291470588235294
2021-01-15,410.0,12.3,82,0.0,4.9,82.0,370.57,4.519146341463415
2021-01-16,291.0,10.3,86,0.0,7.8,79.0,251.76,3.1868354430379746
2021-01-17,254.0,11.4,83,0.0,11.4,42.0,163.77,3.8992857142857145
2021-01-18,223.0,13.4,86,3.0,10.5,18.0,46.1,2.5611111111111113
2021-01-19,297.0,14.6,85,0.0,10.0,73.0,232.4,3.1835616438356165
2021-01-20,147.0,14.2,83,0.0,14.9,76.0,278.95,3.670394736842105
2021-01-21,147.0,13.7,76,0.0,14.4,156.0,643.09,4.122371794871795
2021-01-22,223.0,13.4,76,0.0,9.7,27.0,84.03,3.1122222222222224
2021-01-23,185.0,14.2,77,0.0,13.1,41.0,218.92,5.339512195121951
2021-01-24,240.0,13.1,79,0.0,9.8,34.0,140.99,4.146764705882354
2021-01-25,182.0,11.5,79,0.0,8.3,55.0,257.82,4.687636363636363
2021-01-26,175.0,11.7,77,0.0,9.6,164.0,559.05,3.408841463414634
2021-01-27,183.0,11.7,73,0.0,10.5,179.0,606.2,3.38659217877095
2021-01-28,258.0,10.8,75,0.0,8.6,117.0,402.93,3.443846153846154
2021-01-29,206.0,11.7,72,0.0,10.8,97.0,466.2,4.806185567010309
2021-01-30,152.0,12.0,67,0.0,12.0,105.0,425.21,4.049619047619047
2021-01-31,114.0,12.5,66,0.0,7.6,209.0,962.52,4.605358851674641
2021-02-01,308.0,14.3,72,0.0,7.4,225.0,737.01,3.2756
2021-02-02,213.0,15.1,72,0.0,6.5,121.0,560.61,4.633140495867769
2021-02-03,179.0,17.2,72,0.1,12.4,55.0,292.18,5.312363636363637
2021-02-04,155.0,15.6,80,11.0,9.9,19.0,76.61,4.032105263157895
2021-02-05,73.7,13.4,83,0.0,8.8,42.0,141.89,3.378333333333333
2021-02-06,119.0,13.9,73,0.0,11.6,129.0,416.78,3.2308527131782943
2021-02-07,137.0,14.7,70,0.0,12.8,120.0,612.63,5.10525
2021-02-08,183.0,15.0,75,0.0,8.3,59.0,217.69,3.6896610169491524
2021-02-09,195.0,16.6,71,0.0,9.2,71.0,402.25,5.665492957746479
2021-02-10,141.0,17.7,72,0.0,7.3,90.0,424.62,4.718
2021-02-11,188.0,17.0,75,0.0,7.5,199.0,749.38,3.7657286432160806
2021-02-12,229.0,17.2,77,0.0,7.0,92.0,391.19,4.252065217391304
2021-02-13,169.0,16.9,78,0.0,6.1,23.0,71.49,3.108260869565217
2021-02-14,191.0,18.2,71,0.0,5.9,52.0,198.89,3.824807692307692
2021-02-15,199.0,18.9,68,0.0,6.7,80.0,336.7,4.20875
2021-02-16,175.0,18.8,70,0.0,7.1,140.0,679.71,4.855071428571429
2021-02-17,157.0,18.1,71,0.0,7.4,166.0,539.62,3.250722891566265
2021-02-18,136.0,18.3,71,0.0,6.9,95.0,445.4,4.688421052631579
2021-02-19,182.0,17.9,74,0.0,7.9,80.0,325.42,4.06775
2021-02-20,154.66666666666666,18.0,69,0.0,8.9,96.0,469.54,4.891041666666667
2021-02-21,127.33333333333334,18.7,66,0.0,10.6,130.0,391.16,3.008923076923077
2021-02-22,100.0,19.5,66,0.0,10.7,170.0,715.57,4.209235294117647
2021-02-23,81.1,21.5,56,0.0,8.1,168.0,675.99,4.02375
2021-02-24,92.6,22.0,58,0.0,8.2,184.0,689.6,3.747826086956522
2021-02-25,147.0,22.5,59,0.0,9.5,128.0,965.94,7.54640625
2021-02-26,159.0,23.2,56,0.0,11.1,152.0,1063.0,6.993421052631579
2021-02-27,55.0,24.1,42,0.0,10.7,85.0,561.88,6.610352941176471
2021-02-28,47.7,22.2,49,0.0,8.8,150.0,717.17,4.781133333333333
2021-03-01,71.1,20.4,46,0.0,12.7,122.0,410.0,3.360655737704918
2021-03-02,65.9,20.7,40,0.0,17.8,187.0,1042.01,5.572245989304813
2021-03-03,91.3,22.3,39,0.0,12.4,152.0,561.56,3.694473684210526
2021-03-04,106.0,23.7,44,0.0,5.6,250.0,785.56,3.1422399999999997
2021-03-05,98.2,22.6,45,0.0,15.1,325.0,1298.29,3.9947384615384616
2021-03-06,109.0,22.6,43,0.0,12.4,143.0,849.5,5.940559440559441
2021-03-07,101.0,24.8,42,0.0,10.8,14.0,44.96,3.2114285714285713
2021-03-08,107.0,24.7,50,0.0,14.9,32.0,79.56,2.48625
2021-03-09,145.0,24.7,59,0.2,7.2,70.0,332.11,4.744428571428571
2021-03-10,74.8,23.9,61,0.1,8.0,92.0,228.89,2.4879347826086957
2021-03-11,111.0,24.8,53,0.0,7.9,139.0,497.81,3.58136690647482
2021-03-12,60.9,23.4,54,0.7,10.5,13.0,23.73,1.8253846153846154
2021-03-13,80.7,23.3,61,0.0,6.8,116.0,332.07,2.862672413793103
2021-03-14,102.0,23.2,50,0.0,10.5,135.0,647.23,4.794296296296296
2021-03-15,91.1,24.1,51,0.0,11.4,114.0,333.79,2.927982456140351
2021-03-16,122.0,24.4,47,0.0,11.4,132.0,485.34,3.6768181818181818
2021-03-17,110.0,25.1,42,0.0,9.5,122.0,483.04,3.9593442622950823
2021-03-18,109.0,24.8,47,0.0,7.8,72.0,400.45,5.561805555555555
2021-03-19,96.6,24.7,51,0.0,8.4,303.0,1228.98,4.0560396039603965
2021-03-20,114.0,24.9,44,0.0,11.5,250.0,1067.08,4.26832
2021-03-21,97.5,25.8,42,0.0,9.7,174.0,650.6899999999999,3.739597701149425
2021-03-22,73.1,25.0,48,0.0,11.6,14.0,68.83,4.916428571428571
2021-03-23,71.1,24.7,49,0.5,11.1,36.0,83.8,2.3277777777777775
2021-03-24,58.6,24.4,44,0.0,9.8,123.0,609.2,4.952845528455285
2021-03-25,48.3,23.5,40,0.0,16.2,206.0,858.29,4.166456310679611
2021-03-26,76.2,23.6,46,0.0,13.8,300.0,1034.91,3.4497000000000004
2021-03-27,79.4,25.6,45,0.0,7.8,188.0,605.32,3.2197872340425535
2021-03-28,74.6,27.9,43,0.0,7.2,117.0,421.91,3.6060683760683765
2021-03-29,84.3,29.3,37,0.0,8.7,133.0,414.16,3.113984962406015
2021-03-30,80.0,30.2,30,0.0,19.2,285.0,1216.21,4.26740350877193
2021-03-31,61.2,27.6,23,0.0,20.7,760.0,2863.35,3.767565789473684
2021-04-01,39.2,26.1,16,0.0,21.3,768.0,3090.09,4.0235546875
2021-04-02,62.3,25.3,17,0.0,12.2,905.0,3631.73,4.012961325966851
2021-04-03,33.9,25.2,19,0.0,8.8,1207.0,5510.79,4.565691797845899
2021-04-04,59.2,26.6,22,0.0,10.9,712.0,3672.57,5.15810393258427
2021-04-05,76.9,29.4,26,0.0,10.4,241.0,654.92,2.717510373443983
2021-04-06,124.0,30.1,29,0.0,10.0,19.0,85.99000000000001,4.525789473684211
2021-04-07,65.0,28.7,31,0.0,11.5,97.0,312.98,3.22659793814433
2021-04-08,47.4,27.1,25,0.0,11.5,108.0,446.27,4.132129629629629
2021-04-09,79.4,26.9,21,0.0,11.1,238.0,963.98,4.050336134453781
2021-04-10,72.5,28.2,18,0.0,11.3,449.0,1776.31,3.956146993318485
2021-04-11,69.3,29.1,20,0.0,10.1,584.0,2403.48,4.1155479452054795
2021-04-12,112.0,29.9,19,0.0,9.5,396.0,1664.16,4.202424242424243
2021-04-13,96.8,30.3,22,0.0,12.3,270.0,919.7,3.4062962962962966
2021-04-14,64.9,30.6,22,0.0,13.5,243.0,1375.5,5.660493827160494
2021-04-15,79.5,31.0,19,0.0,10.8,355.0,1103.2,3.107605633802817
2021-04-16,66.8,29.4,33,2.6,10.7,182.0,1279.17,7.028406593406594
2021-04-17,36.2,27.5,44,0.0,10.1,69.0,227.34,3.294782608695652
2021-04-18,49.7,28.9,29,0.0,8.4,189.0,1035.24,5.477460317460317
2021-04-19,66.7,29.5,29,0.0,11.2,238.0,1246.02,5.235378151260504
2021-04-20,57.3,27.7,29,0.0,15.4,9.0,25.240000000000002,2.8044444444444445
2021-04-21,38.3,26.2,41,0.0,13.5,115.0,532.5,4.630434782608695
2021-04-22,41.1,26.5,43,0.0,8.7,102.0,418.63,4.10421568627451
2021-04-23,40.6,27.7,35,0.0,17.5,87.0,387.02,4.448505747126436
2021-04-24,30.2,26.5,36,0.0,13.0,495.0,2479.95,5.01
2021-04-25,52.5,28.7,27,0.0,13.8,497.0,3164.19,6.366579476861167
2021-04-26,74.8,30.0,24,0.0,9.3,540.0,5179.15,9.591018518518517
2021-04-27,97.1,32.8,22,0.0,9.7,653.0,5055.23,7.741546707503828
2021-04-28,173.0,33.8,19,0.0,10.8,825.0,7196.54,8.723078787878787
2021-04-29,149.0,33.3,21,0.0,11.1,1050.0,7390.52,7.0385904761904765
2021-04-30,110.0,32.2,28,0.0,9.3,630.0,3469.57,5.507253968253969
2021-05-01,96.8,32.2,30,0.0,9.1,1197.0,8233.3,6.878279030910609
2021-05-02,77.3,31.9,30,0.0,7.9,1479.0,8781.52,5.937471264367816
2021-05-03,120.0,31.7,31,0.0,8.3,514.0,3714.63,7.226906614785992
2021-05-04,62.8,32.8,30,0.0,9.7,317.0,2347.56,7.405552050473186
2021-05-05,63.5,31.5,39,0.3,12.8,1368.0,6491.77,4.7454459064327486
2021-05-06,61.4,29.3,53,6.1,14.4,246.0,1509.37,6.135650406504064
2021-05-07,56.2,28.3,56,4.1,8.3,1884.0,12381.63,6.571990445859872
2021-05-08,52.0,31.1,39,0.0,7.3,1343.0,10690.54,7.9601935964259125
2021-05-09,55.5,31.0,40,0.0,8.4,2241.0,12086.67,5.393427041499331
2021-05-10,49.8,30.5,42,0.4,10.1,1044.0,4978.3,4.768486590038314
2021-05-11,45.6,31.3,41,0.1,11.3,668.0,3860.27,5.778847305389221
2021-05-12,35.4,29.8,45,0.4,11.6,345.0,2037.76,5.906550724637681
2021-05-13,35.2,27.3,58,1.5,13.3,25.0,66.37,2.6548000000000003
2021-05-14,55.5,29.6,47,0.0,8.8,859.0,4044.06,4.707869615832363
2021-05-15,45.0,30.2,41,0.0,6.8,1267.0,5670.57,4.475588003157064
2021-05-16,51.9,31.6,37,0.0,7.2,1557.0,6505.53,4.178246628131021
2021-05-17,73.4,32.3,35,0.0,7.2,753.0,5411.3,7.186321381142099
2021-05-18,23.0,27.1,54,1.1,10.5,87.0,715.93,8.229080459770115
2021-05-19,20.6,21.7,87,98.7,13.7,40.0,191.06,4.7765
2021-05-20,24.5,24.2,77,31.5,15.2,259.0,1264.17,4.880965250965251
2021-05-21,23.7,26.1,76,2.3,9.8,250.0,1064.05,4.2562
2021-05-22,20.4,28.5,66,0.0,6.6,220.0,1789.1399999999999,8.132454545454545
2021-05-23,27.8,28.4,56,0.0,10.1,45.0,196.35999999999999,4.363555555555555
2021-05-24,35.2,28.8,42,0.0,15.6,111.0,712.87,6.422252252252252
2021-05-25,42.6,30.1,35,0.0,14.8,183.0,1013.68,5.539234972677596
2021-05-26,60.3,30.2,36,0.0,8.2,270.0,1187.61,4.398555555555555
2021-05-27,39.6,30.2,44,0.0,6.8,130.0,794.41,6.110846153846154
2021-05-28,31.0,30.4,59,0.0,13.2,94.0,569.18,6.055106382978723
2021-05-29,18.1,31.1,55,0.0,16.9,60.0,224.42,3.740333333333333
2021-05-30,18.7,30.3,63,0.7,11.8,44.0,214.44,4.873636363636364
2021-05-31,38.8,31.6,59,0.1,8.2,54.0,243.12,4.502222222222223
2021-06-01,23.0,29.0,66,0.5,8.7,7.0,17.51,2.501428571428572
2021-06-02,48.1,29.3,64,5.4,6.1,31.0,123.23,3.9751612903225806
2021-06-03,57.3,30.3,59,0.0,5.9,15.0,81.01,5.400666666666667
2021-06-04,44.5,30.4,62,0.0,6.0,29.0,162.7,5.610344827586206
2021-06-05,42.5,30.9,59,0.1,9.0,85.0,359.73,4.232117647058824
2021-06-06,36.0,31.9,52,0.0,8.1,43.0,156.25,3.633720930232558
2021-06-07,53.6,32.7,50,0.0,7.8,69.0,275.62,3.9944927536231885
2021-06-08,61.6,35.0,39,0.0,15.6,74.0,442.65000000000003,5.9817567567567576
2021-06-09,47.3,36.0,38,0.0,16.0,15.0,69.12,4.6080000000000005
2021-06-10,33.0,33.0,58,0.0,15.8,69.0,291.28000000000003,4.221449275362319
2021-06-11,38.6,32.1,59,0.0,12.5,59.0,224.9,3.811864406779661
2021-06-12,34.8,32.4,59,0.0,16.0,51.0,229.8,4.5058823529411764
2021-06-13,36.7,30.7,67,7.2,8.1,12.0,20.36,1.6966666666666665
2021-06-14,34.0,31.3,61,0.0,7.9,8.0,23.18,2.8975
2021-06-15,29.1,30.6,64,4.2,9.0,17.0,80.09,4.711176470588235
2021-06-16,28.3,29.4,72,2.3,8.6,29.0,131.43,4.532068965517242
2021-06-17,35.8,30.0,68,0.1,9.2,4.0,18.19,4.5475
2021-06-18,29.3,29.3,70,0.7,12.0,144.0,573.19,3.9804861111111114
2021-06-19,21.8,28.4,72,0.2,11.6,59.0,215.79999999999998,3.6576271186440676
2021-06-20,25.2,28.9,73,1.1,8.8,90.0,720.71,8.007888888888889
2021-06-21,35.5,30.7,64,0.1,8.7,59.0,264.69,4.486271186440678
2021-06-22,41.8,33.5,48,0.0,8.7,91.0,332.54,3.6542857142857144
2021-06-23,75.2,34.4,43,0.0,7.7,136.0,562.37,4.135073529411764
2021-06-24,51.2,32.5,58,0.0,10.6,103.0,403.73,3.919708737864078
2021-06-25,47.1,32.5,59,1.6,8.8,4.0,8.97,2.2425
2021-06-26,41.3,32.0,57,0.0,5.9,42.0,210.96,5.022857142857143
2021-06-27,70.0,33.4,54,0.0,9.1,41.0,134.9,3.2902439024390246
2021-06-28,63.4,34.3,49,0.0,7.2,117.0,495.18,4.2323076923076925
2021-06-29,74.2,36.1,38,0.0,11.5,218.0,1091.74,5.007981651376147
2021-06-30,68.0,36.9,30,0.0,18.5,66.0,273.85,4.149242424242424
2021-07-01,27.0,37.0,33,0.0,16.6,166.0,794.51,4.786204819277108
2021-07-02,57.4,35.5,42,0.1,14.8,40.0,217.24,5.431
2021-07-03,37.1,33.3,50,0.0,10.9,28.0,134.45,4.801785714285714
2021-07-04,46.9,34.2,48,0.0,7.9,66.0,247.29,3.7468181818181816
2021-07-05,41.4,34.7,46,0.0,8.3,45.0,150.88,3.352888888888889
2021-07-06,41.5,35.2,45,0.0,11.9,70.0,325.53000000000003,4.650428571428572
2021-07-07,55.1,36.2,40,0.0,11.2,88.0,350.87,3.987159090909091
2021-07-08,45.2,36.0,39,0.0,13.2,44.0,166.70000000000002,3.788636363636364
2021-07-09,46.1,33.2,58,0.2,13.4,33.0,165.24,5.007272727272728
2021-07-10,36.7,33.6,58,1.2,10.7,76.0,322.77,4.246973684210526
2021-07-11,33.266666666666666,32.1,64,2.0,17.5,22.0,66.59,3.026818181818182
2021-07-12,29.83333333333333,30.5,69,4.9,18.6,11.0,77.36,7.032727272727272
2021-07-13,26.4,30.0,76,5.3,11.7,4.0,10.620000000000001,2.6550000000000002
2021-07-14,28.6,29.3,81,9.4,11.1,19.0,76.34,4.017894736842106
2021-07-15,44.5,30.7,75,2.5,11.7,44.0,190.47,4.328863636363637
2021-07-16,35.3,31.0,74,3.8,10.9,11.0,51.959999999999994,4.723636363636363
2021-07-17,40.7,32.7,67,0.7,7.4,18.0,69.85,3.880555555555555
2021-07-18,28.2,30.2,81,24.9,8.8,6.0,21.48,3.58
2021-07-19,11.4,26.3,96,122.7,6.8,1.0,4.02,4.02
2021-07-20,27.6,27.8,88,27.3,3.9,4.0,3.52,0.88
2021-07-21,34.0,28.8,85,5.3,6.7,3.0,9.04,3.013333333333333
2021-07-22,26.4,28.0,87,5.1,9.1,0.0,0.0,0.0
2021-07-23,26.4,28.9,85,5.8,9.1,2.0,3.01,1.505
2021-07-24,33.8,30.2,82,0.7,5.9,6.0,11.940000000000001,1.9900000000000002
2021-07-25,33.7,30.9,78,0.0,7.8,5.0,28.659999999999997,5.731999999999999
2021-07-26,32.12222222222223,29.0,85,4.9,8.3,0.0,0.0,0.0
2021-07-27,30.544444444444448,28.2,89,14.1,8.1,0.0,0.0,0.0
2021-07-28,,27.1,90,18.7,8.2,0.0,0.0,0.0
2021-07-29,,27.4,88,8.2,6.0,0.0,0.0,0.0
2021-07-30,,27.3,89,11.0,7.4,2.0,6.1,3.05
2021-07-31,,28.2,87,3.3,9.3,9.0,37.05,4.116666666666666
2021-08-01,,29.1,83,0.9,6.2,3.0,9.1,3.033333333333333
2021-08-02,,27.7,88,25.7,5.9,6.0,32.74,5.456666666666667
2021-08-03,19.5,28.6,85,8.2,11.0,5.0,18.39,3.678
2021-08-04,17.3,28.7,78,0.0,11.8,4.0,7.62,1.905
2021-08-05,29.4,29.1,79,0.3,5.7,19.0,88.31,4.6478947368421055
2021-08-06,46.0,29.7,81,2.0,4.6,3.0,6.66,2.22
2021-08-07,39.0,28.8,87,8.5,3.9,6.0,34.55,5.758333333333333
2021-08-08,51.4,28.3,89,17.1,4.5,12.0,52.18,4.348333333333334
2021-08-09,49.2,28.2,87,3.2,5.3,2.0,12.95,6.475
2021-08-10,34.4,29.9,77,0.7,10.2,24.0,119.75,4.989583333333333
2021-08-11,26.3,30.5,64,0.0,15.9,40.0,189.68,4.742
2021-08-12,28.1,30.2,66,0.0,12.8,3.0,17.75,5.916666666666667
2021-08-13,28.4,30.6,65,0.0,12.5,8.0,49.4,6.175
2021-08-14,26.8,30.6,64,0.0,14.0,5.0,14.74,2.948
2021-08-15,28.1,30.4,64,0.0,10.3,15.0,50.25,3.35
2021-08-16,33.7,30.4,66,0.0,7.9,18.0,52.559999999999995,2.92
2021-08-17,43.1,31.2,66,0.0,7.5,7.0,10.809999999999999,1.544285714285714
2021-08-18,51.2,31.2,66,0.0,6.2,34.0,195.87,5.760882352941176
2021-08-19,68.6,30.8,74,0.5,7.0,15.0,76.92,5.128
2021-08-20,37.9,27.8,86,2.0,12.0,10.0,52.82,5.282
2021-08-21,20.1,26.7,91,30.3,11.7,11.0,61.78,5.616363636363636
2021-08-22,31.6,27.6,88,9.8,9.4,3.0,2.49,0.8300000000000001
2021-08-23,28.4,28.5,87,5.9,5.8,3.0,20.009999999999998,6.669999999999999
2021-08-24,40.2,29.0,87,2.1,4.7,13.0,41.6,3.2
2021-08-25,30.5,30.4,68,0.0,15.2,17.0,71.16,4.185882352941176
2021-08-26,27.1,29.7,67,0.0,14.7,34.0,118.24,3.4776470588235293
2021-08-27,39.4,29.6,67,0.0,10.2,51.0,201.4,3.9490196078431374
2021-08-28,44.4,29.4,74,0.0,7.1,3.0,6.72,2.2399999999999998
2021-08-29,44.5,28.6,85,1.3,7.8,17.0,92.82,5.46
2021-08-30,16.0,27.4,86,1.2,10.8,8.0,39.11,4.88875
2021-08-31,18.4,27.0,87,5.3,11.3,14.0,96.65,6.903571428571429
2021-09-01,20.0,26.4,90,10.7,9.2,31.0,113.33,3.655806451612903
2021-09-02,24.5,27.8,87,1.2,6.0,10.0,53.53,5.353
2021-09-03,20.4,27.1,89,11.3,6.8,3.0,6.62,2.2066666666666666
2021-09-04,20.2,27.3,88,14.7,4.6,17.0,106.79,6.281764705882353
2021-09-05,33.7,28.2,86,3.8,4.7,25.0,127.41,5.0964
2021-09-06,40.7,29.0,84,4.1,4.9,41.0,295.89,7.216829268292683
2021-09-07,39.8,28.0,88,7.6,11.1,48.0,288.75,6.015625
2021-09-08,21.1,28.0,80,2.3,17.3,2.0,9.08,4.54
2021-09-09,26.1,27.7,84,4.4,11.5,10.0,19.38,1.938
2021-09-10,28.9,26.8,88,16.6,14.4,0.0,0.0,0.0
2021-09-11,17.7,25.9,91,15.3,17.0,1.0,0.7,0.7
2021-09-12,22.5,26.5,91,6.4,8.5,2.0,3.9000000000000004,1.9500000000000002
2021-09-13,33.2,27.6,88,7.8,6.3,2.0,6.17,3.085
2021-09-14,26.1,27.9,84,0.3,9.8,5.0,28.94,5.788
2021-09-15,16.0,28.4,77,0.0,10.6,7.0,25.05,3.5785714285714287
2021-09-16,18.7,27.9,77,4.1,13.3,12.0,53.94,4.495
2021-09-17,19.6,26.8,75,1.5,15.9,27.0,86.32000000000001,3.1970370370370373
2021-09-18,30.3,27.4,80,0.1,12.6,49.0,218.91,4.467551020408163
2021-09-19,24.9,28.1,81,0.3,9.5,36.0,250.61,6.961388888888889
2021-09-20,25.5,28.3,81,0.7,7.7,28.0,123.45,4.4089285714285715
2021-09-21,27.9,28.0,83,1.7,8.5,3.0,24.05,8.016666666666667
2021-09-22,24.4,26.4,90,17.3,10.2,0.0,0.0,0.0
2021-09-23,21.6,26.6,88,6.4,9.6,5.0,9.99,1.998
2021-09-24,20.8,27.0,85,2.1,8.6,20.0,110.95,5.5475
2021-09-25,39.0,27.2,86,2.1,6.9,26.0,137.45,5.286538461538461
2021-09-26,31.3,26.8,85,1.5,9.3,41.0,238.41,5.814878048780487
2021-09-27,49.1,28.1,81,0.2,5.7,95.0,557.62,5.869684210526316
2021-09-28,45.0,28.1,82,1.7,10.3,143.0,669.84,4.684195804195804
2021-09-29,30.2,28.2,80,0.2,11.8,149.0,721.1,4.839597315436242
2021-09-30,29.1,28.2,82,0.7,6.5,75.0,506.46,6.7528
2021-10-01,42.1,28.6,82,0.2,3.8,35.0,177.87,5.082
2021-10-02,49.7,28.9,77,0.2,7.6,33.0,208.31,6.3124242424242425
2021-10-03,30.0,29.1,74,0.0,10.1,142.0,758.77,5.343450704225352
2021-10-04,28.5,28.9,70,0.1,7.2,98.0,434.8,4.436734693877551
2021-10-05,36.9,28.4,77,2.3,5.1,60.0,277.98,4.633
2021-10-06,46.2,28.4,75,0.1,5.9,79.0,359.93,4.556075949367089
2021-10-07,64.0,27.3,71,0.0,8.4,208.0,893.86,4.297403846153847
2021-10-08,70.9,27.9,66,0.0,8.7,279.0,1592.72,5.708673835125448
2021-10-09,66.8,28.5,61,0.0,8.5,513.0,2263.92,4.4130994152046785
2021-10-10,51.3,28.3,63,0.0,7.1,603.0,2878.07,4.772918739635158
2021-10-11,50.4,28.0,61,0.0,7.5,307.0,1741.4,5.672312703583062
2021-10-12,73.6,27.9,58,0.0,7.5,306.0,1431.51,4.67813725490196
2021-10-13,67.75,26.4,54,0.0,10.8,551.0,2782.22,5.049401088929219
2021-10-14,61.9,25.2,54,0.0,11.1,977.0,4924.42,5.040348004094166
2021-10-15,91.8,25.8,53,0.0,9.5,1708.0,8296.0,4.857142857142857
2021-10-16,158.0,27.0,62,0.0,6.5,1038.0,5814.97,5.60209055876686
2021-10-17,125.0,26.4,77,3.3,10.7,82.0,409.52,4.994146341463415
2021-10-18,12.3,22.4,93,27.4,10.4,131.0,909.21,6.940534351145039
2021-10-19,52.3,23.8,80,0.0,12.6,955.0,5608.21,5.872471204188482
2021-10-20,99.0,24.4,70,0.0,10.5,1702.0,8170.54,4.800552291421857
2021-10-21,66.0,23.3,61,0.0,13.4,1282.0,7580.11,5.912722308892356
2021-10-22,45.3,23.9,61,0.0,13.4,1306.0,8344.59,6.389425727411945
2021-10-23,53.4,23.9,65,0.0,7.8,863.0,5365.83,6.2176477404403245
2021-10-24,60.0,22.8,70,0.2,8.9,82.0,455.61,5.556219512195122
2021-10-25,39.5,22.0,78,0.0,6.9,427.0,1996.36,4.675316159250586
2021-10-26,67.6,20.9,71,0.0,9.8,735.0,3942.88,5.364462585034014
2021-10-27,108.0,20.9,64,0.0,10.2,565.0,3430.03,6.070849557522124
2021-10-28,131.0,20.6,64,0.0,10.1,1382.0,8922.18,6.455991316931983
2021-10-29,142.0,21.0,63,0.0,7.2,1733.0,13020.34,7.513179457587998
2021-10-30,102.0,21.4,56,0.0,11.6,2490.0,17823.63,7.158084337349398
2021-10-31,130.0,22.2,51,0.0,10.3,3665.0,22997.05,6.274774897680763
2021-11-01,112.0,22.1,54,0.0,8.1,2660.0,18759.35,7.052387218045112
2021-11-02,127.0,21.5,65,0.0,10.5,3090.0,21049.0,6.811974110032362
2021-11-03,147.0,21.7,62,0.0,7.5,3229.0,25040.77,7.754961288324559
2021-11-04,303.0,21.2,64,0.0,6.1,4142.0,38187.19,9.219505070014486
2021-11-05,383.0,20.6,63,0.0,8.1,7272.0,50367.19,6.926181243124312
2021-11-06,335.0,20.9,57,0.0,12.0,4958.0,42865.75,8.645774505849133
2021-11-07,252.0,21.2,60,0.0,10.9,5413.0,47052.65,8.692527249214853
2021-11-08,241.0,21.0,60,0.0,9.5,5795.0,43961.06,7.586032786885245
2021-11-09,263.0,20.9,60,0.0,9.7,5303.0,44917.11,8.47013200075429
2021-11-10,217.0,20.7,61,0.0,8.6,6303.0,43513.46,6.903610978898937
2021-11-11,280.0,20.4,61,0.0,7.6,4956.0,36018.05,7.267564568200162
2021-11-12,409.0,20.2,60,0.0,8.7,4137.0,34484.02,8.335513657239545
2021-11-13,290.0,19.4,58,0.0,8.3,4909.0,38052.85,7.751650030556121
2021-11-14,158.0,18.6,54,0.0,7.2,3080.0,27269.82,8.853837662337662
2021-11-15,187.0,18.5,53,0.0,8.2,2739.0,20085.94,7.333311427528295
2021-11-16,253.0,17.9,57,0.0,7.5,2280.0,15253.34,6.690061403508772
2021-11-17,190.0,17.7,65,0.0,6.4,937.0,6334.17,6.760053361792957
2021-11-18,175.0,19.1,66,0.0,3.3,939.0,6845.24,7.289925452609158
2021-11-19,225.0,18.7,64,0.0,6.4,852.0,6065.22,7.118802816901408
2021-11-20,204.0,19.3,58,0.0,6.1,663.0,4210.97,6.351387631975868
2021-11-21,197.0,19.0,58,0.0,10.2,774.0,4179.61,5.40001291989664
2021-11-22,153.0,18.8,51,0.0,15.8,314.0,1978.78,6.301847133757962
2021-11-23,138.0,18.3,55,0.0,12.4,220.0,1422.99,6.468136363636364
2021-11-24,194.0,18.6,58,0.0,6.6,184.0,894.36,4.860652173913044
2021-11-25,249.0,17.9,70,0.0,6.7,142.0,831.48,5.855492957746479
2021-11-26,258.0,18.4,69,0.0,6.3,175.0,629.62,3.5978285714285714
2021-11-27,215.0,18.8,72,0.0,7.9,199.0,839.63,4.219246231155779
2021-11-28,288.0,18.9,74,0.0,7.2,91.0,353.37,3.8831868131868132
2021-11-29,204.0,18.1,64,0.0,9.8,98.0,334.63,3.4145918367346937
2021-11-30,182.0,18.0,65,0.0,11.5,74.0,276.62,3.7381081081081082
2021-12-01,220.0,17.1,73,0.0,6.3,20.0,69.74,3.4869999999999997
2021-12-02,301.0,16.4,81,3.9,7.2,31.0,83.48,2.6929032258064516
2021-12-03,215.0,17.2,80,0.0,6.4,31.0,94.81,3.0583870967741937
2021-12-04,166.0,17.4,73,0.0,7.2,72.0,262.51,3.645972222222222
2021-12-05,148.0,19.0,70,0.5,5.8,28.0,91.17,3.2560714285714285
2021-12-06,154.0,18.2,79,1.6,7.7,69.0,211.48,3.0649275362318837
2021-12-07,116.0,16.7,71,0.0,11.0,108.0,328.84,3.0448148148148144
2021-12-08,119.0,15.5,68,0.0,9.6,107.0,332.21999999999997,3.104859813084112
2021-12-09,149.0,15.1,70,0.0,6.6,44.0,169.28,3.847272727272727
2021-12-10,155.0,15.4,68,0.0,9.1,62.0,197.47,3.185
2021-12-11,115.0,14.6,65,0.0,10.0,69.0,296.86,4.30231884057971
2021-12-12,117.0,14.5,65,0.0,5.2,145.0,470.27,3.2432413793103447
2021-12-13,154.0,14.6,66,0.0,4.1,124.0,382.68,3.086129032258065
2021-12-14,203.0,14.9,71,0.0,6.3,70.0,212.31,3.033
2021-12-15,196.0,14.0,67,0.0,8.4,66.0,214.67,3.2525757575757575
2021-12-16,211.0,13.6,70,0.0,8.9,50.0,149.57999999999998,2.9915999999999996
2021-12-17,163.0,12.3,57,0.0,14.2,63.0,207.99,3.3014285714285716
2021-12-18,158.0,11.2,65,0.0,16.2,112.0,474.99,4.240982142857143
2021-12-19,146.0,11.1,63,0.0,14.0,55.0,216.77,3.9412727272727275
2021-12-20,181.0,11.6,67,0.0,9.7,39.0,125.69,3.2228205128205127
2021-12-21,227.0,12.1,71,0.0,7.3,69.0,243.56,3.5298550724637683
2021-12-22,268.0,13.3,67,0.0,6.4,106.0,364.2,3.4358490566037734
2021-12-23,332.0,14.2,72,0.0,7.4,133.0,391.49,2.943533834586466
2021-12-24,280.0,14.5,75,0.0,7.3,105.0,355.23,3.3831428571428575
2021-12-25,351.0,15.5,72,0.0,5.0,36.0,148.20000000000002,4.116666666666667
2021-12-26,369.0,15.0,80,4.6,7.5,4.0,6.33,1.5825
2021-12-27,123.0,14.9,72,3.2,6.9,39.0,119.56,3.0656410256410256
2021-12-28,128.0,13.9,78,1.7,5.5,46.0,138.45,3.009782608695652
2021-12-29,127.0,13.0,72,0.0,7.3,83.0,291.53000000000003,3.5124096385542174
2021-12-30,154.0,10.7,67,0.0,8.5,8.0,25.51,3.18875
2021-12-31,204.0,10.5,71,0.0,8.0,35.0,101.01,2.886
2022-01-01,227.0,10.9,76,0.0,7.7,65.0,283.76,4.365538461538462
2022-01-02,270.0,11.9,77,0.0,7.3,81.0,258.36,3.18962962962963
2022-01-03,248.0,12.6,75,0.0,8.1,95.0,341.3,3.5926315789473686
2022-01-04,205.0,14.5,71,0.2,6.6,13.0,64.65,4.973076923076923
2022-01-05,278.0,13.3,86,9.6,10.8,0.0,0.0,0.0
2022-01-06,123.0,14.6,83,0.9,12.0,2.0,2.09,1.045
2022-01-07,78.6,15.6,86,1.9,14.2,1.0,5.29,5.29
2022-01-08,47.4,15.4,90,16.2,15.3,1.0,0.67,0.67
2022-01-09,46.1,14.1,89,3.6,7.7,0.0,0.0,0.0
2022-01-10,107.0,11.5,82,0.0,8.6,0.0,0.0,0.0
2022-01-11,115.0,11.5,79,0.0,9.5,2.0,1.43,0.715
2022-01-12,125.0,11.3,80,0.0,8.3,6.0,11.99,1.9983333333333333
2022-01-13,249.0,12.3,75,0.0,4.2,10.0,25.75,2.575
2022-01-14,226.0,10.7,81,0.0,5.7,3.0,11.85,3.9499999999999997
2022-01-15,162.0,9.9,87,0.0,6.8,2.0,15.21,7.605
2022-01-16,163.0,10.2,86,0.0,6.1,6.0,14.76,2.46
2022-01-17,201.0,9.7,85,0.0,4.2,3.0,4.97,1.6566666666666665
2022-01-18,219.0,9.6,88,0.0,8.3,23.0,133.02,5.783478260869566
2022-01-19,204.0,11.0,89,0.7,6.2,15.0,37.69,2.5126666666666666
2022-01-20,274.0,13.1,85,0.9,5.5,0.0,0.0,0.0
2022-01-21,204.0,12.2,85,0.0,6.8,4.0,15.11,3.7775
2022-01-22,151.0,13.2,85,22.8,19.7,0.0,0.0,0.0
2022-01-23,120.0,12.7,86,3.5,8.2,2.0,2.42,1.21
2022-01-24,99.5,10.7,83,0.6,8.3,5.0,4.0200000000000005,0.804
2022-01-25,123.0,10.3,80,0.0,8.6,3.0,6.4399999999999995,2.1466666666666665
2022-01-26,122.0,10.7,81,0.0,10.1,6.0,16.62,2.77
2022-01-27,168.0,11.5,73,0.0,13.2,12.0,44.02,3.6683333333333334
2022-01-28,104.0,11.6,71,0.0,13.8,35.0,214.35,6.1242857142857146
2022-01-29,127.0,12.4,73,0.0,9.2,211.0,821.78,3.894691943127962
2022-01-30,154.0,13.7,72,0.0,14.7,73.0,274.21,3.756301369863013
2022-01-31,225.0,13.6,80,0.0,5.5,46.0,205.8,4.4739130434782615
2022-02-01,226.0,13.9,85,0.0,8.8,35.0,124.88,3.568
2022-02-02,175.0,14.2,78,0.0,10.4,41.0,130.98,3.194634146341463
2022-02-03,174.0,12.7,85,16.6,19.4,7.0,14.4,2.0571428571428574
2022-02-04,55.5,11.5,84,0.2,13.2,6.0,15.6,2.6
2022-02-05,118.0,10.9,83,0.0,6.6,6.0,17.09,2.848333333333333
2022-02-06,106.0,13.7,75,0.0,5.8,11.0,38.53,3.502727272727273
2022-02-07,116.0,15.2,78,0.0,7.8,36.0,110.51,3.0697222222222225
2022-02-08,115.0,16.1,81,1.4,5.3,72.0,352.0,4.888888888888889
2022-02-09,95.7,14.4,83,3.6,8.5,89.0,497.92,5.594606741573034
2022-02-10,77.8,13.8,75,0.0,10.7,72.0,378.31,5.254305555555556
2022-02-11,78.3,14.2,65,0.0,15.6,64.0,214.77,3.35578125
2022-02-12,79.5,14.3,67,0.0,12.9,89.0,401.4,4.510112359550561
2022-02-13,109.0,14.7,70,0.0,6.9,84.0,348.02,4.1430952380952375
2022-02-14,76.5,15.5,70,0.0,7.8,317.0,1401.42,4.420883280757098
2022-02-15,77.9,16.5,65,0.0,6.6,124.0,435.78,3.5143548387096772
2022-02-16,110.0,16.2,69,0.0,8.0,76.0,310.21,4.081710526315789
2022-02-17,102.0,17.3,64,0.0,8.3,89.0,294.98,3.3143820224719103
2022-02-18,105.0,17.3,61,0.0,7.8,93.0,350.84,3.7724731182795694
2022-02-19,74.8,16.6,61,0.0,11.9,100.0,408.35,4.0835
2022-02-20,81.5,17.2,57,0.0,16.0,111.0,360.90999999999997,3.251441441441441
2022-02-21,64.9,17.5,54,0.0,9.1,73.0,326.8,4.476712328767124
2022-02-22,86.1,18.6,56,0.0,20.7,35.0,161.53,4.615142857142857
2022-02-23,110.0,18.6,68,0.0,14.2,21.0,56.04,2.6685714285714286
2022-02-24,136.0,18.2,72,0.0,7.0,57.0,178.60999999999999,3.1335087719298245
2022-02-25,136.0,18.6,68,0.0,8.1,53.0,185.89,3.5073584905660375
2022-02-26,28.7,17.8,69,1.5,17.6,13.0,19.86,1.5276923076923077
2022-02-27,30.0,17.1,64,0.0,10.5,19.0,73.46,3.866315789473684
2022-02-28,39.4,16.4,63,0.0,12.1,23.0,83.19,3.61695652173913
2022-03-01,81.8,17.1,65,0.0,8.5,56.0,219.31,3.9162500000000002
2022-03-02,104.0,18.5,62,0.0,6.4,126.0,434.78,3.4506349206349203
2022-03-03,67.3,19.5,63,1.6,6.3,26.0,68.09,2.618846153846154
2022-03-04,78.3,18.8,70,0.0,13.6,55.0,157.59,2.8652727272727274
2022-03-05,50.9,18.9,65,0.0,15.0,31.0,94.69,3.0545161290322578
2022-03-06,69.1,19.6,63,0.0,7.6,3.0,7.01,2.3366666666666664
2022-03-07,88.0,20.9,60,0.0,7.1,44.0,159.91,3.634318181818182
2022-03-08,108.0,21.5,57,0.0,9.9,69.0,296.26,4.293623188405797
2022-03-09,55.2,22.1,51,0.0,11.0,48.0,242.5,5.052083333333333
2022-03-10,59.5,22.2,51,0.0,12.3,66.0,325.82,4.9366666666666665
2022-03-11,77.8,22.0,57,0.0,12.8,67.0,288.78,4.310149253731343
2022-03-12,74.7,22.2,54,0.0,12.0,70.0,343.51,4.907285714285714
2022-03-13,81.2,23.5,59,0.0,11.1,76.0,282.39,3.7156578947368417
2022-03-14,104.0,24.2,64,0.0,8.3,47.0,203.14000000000001,4.322127659574468
2022-03-15,108.0,26.1,64,0.0,9.9,41.0,154.64000000000001,3.771707317073171
2022-03-16,86.4,27.0,58,0.0,15.7,77.0,578.88,7.517922077922078
2022-03-17,106.0,26.5,64,0.0,7.8,56.0,304.43,5.43625
2022-03-18,119.0,27.3,66,0.0,9.1,40.0,194.27,4.85675
2022-03-19,92.7,27.8,60,0.0,7.1,51.0,199.7,3.9156862745098038
2022-03-20,83.2,28.1,48,0.0,9.4,41.0,130.06,3.1721951219512197
2022-03-21,117.0,27.8,45,0.0,10.1,69.0,525.77,7.619855072463768
2022-03-22,71.9,27.8,43,0.0,17.3,58.0,366.34999999999997,6.316379310344827
2022-03-23,77.0,27.5,38,0.0,9.9,62.0,398.73,6.431129032258065
2022-03-24,71.8,27.4,37,0.0,12.0,64.0,224.59,3.50921875
2022-03-25,76.9,26.8,31,0.0,12.5,55.0,218.79,3.9779999999999998
2022-03-26,85.0,27.2,30,0.0,17.5,65.0,240.71,3.7032307692307693
2022-03-27,71.4,28.0,28,0.0,14.4,101.0,716.26,7.091683168316831
2022-03-28,115.0,28.9,28,0.0,9.1,91.0,452.71,4.974835164835165
2022-03-29,72.9,29.1,27,0.0,11.7,101.0,376.92,3.731881188118812
2022-03-30,91.7,29.4,28,0.0,7.4,66.0,269.38,4.081515151515151
2022-03-31,121.0,29.5,38,0.0,8.3,69.0,208.93,3.0279710144927536
2022-04-01,72.7,28.9,26,0.0,13.9,75.0,328.36,4.378133333333333
2022-04-02,95.6,28.9,24,0.0,8.6,103.0,271.3,2.633980582524272
2022-04-03,86.9,30.1,19,0.0,9.9,186.0,528.32,2.840430107526882
2022-04-04,96.7,29.1,18,0.0,12.8,166.0,508.25,3.0617469879518073
2022-04-05,101.0,29.4,20,0.0,10.7,92.0,328.84999999999997,3.57445652173913
2022-04-06,101.0,30.2,19,0.0,12.2,140.0,476.38,3.4027142857142856
2022-04-07,118.0,31.0,18,0.0,11.2,105.0,343.62,3.2725714285714287
2022-04-08,83.0,32.1,16,0.0,11.1,154.0,675.01,4.383181818181818
2022-04-09,82.8,32.9,16,0.0,10.4,193.0,624.9,3.2378238341968912
2022-04-10,94.7,33.3,16,0.0,15.1,154.0,745.15,4.838636363636364
2022-04-11,94.4,32.9,18,0.0,11.0,77.0,336.07,4.364545454545454
2022-04-12,75.2,32.3,20,0.0,10.0,22.0,59.550000000000004,2.706818181818182
2022-04-13,92.8,32.5,20,0.0,10.2,144.0,706.19,4.904097222222223
2022-04-14,71.3,31.8,18,0.0,13.4,112.0,377.79,3.3731250000000004
2022-04-15,62.1,31.1,20,0.0,10.5,132.0,314.74,2.3843939393939393
2022-04-16,84.8,31.7,19,0.0,8.5,227.0,822.24,3.622202643171806
2022-04-17,95.3,32.0,19,0.0,9.3,225.0,948.61,4.216044444444445
2022-04-18,91.5,32.7,21,0.0,8.1,398.0,2004.1100000000001,5.035452261306533
2022-04-19,111.0,34.1,17,0.0,15.1,514.0,2064.28,4.016108949416343
2022-04-20,95.5,33.9,17,0.0,15.8,374.0,2261.61,6.047085561497327
2022-04-21,86.3,31.5,23,0.0,13.3,140.0,930.68,6.647714285714286
2022-04-22,60.1,30.9,28,0.0,10.2,464.0,2014.87,4.34239224137931
2022-04-23,102.0,31.6,20,0.0,9.7,807.0,3834.68,4.75177199504337
2022-04-24,128.0,32.1,19,0.0,15.9,1445.0,10253.14,7.095598615916955
2022-04-25,93.6,33.0,20,0.0,13.0,609.0,3437.41,5.644351395730705
2022-04-26,94.8,33.0,20,0.0,12.1,1177.0,7498.28,6.370671197960918
2022-04-27,150.0,33.2,17,0.0,11.0,2468.0,16936.43,6.862410858995138
2022-04-28,161.0,34.9,16,0.0,10.8,2422.0,18535.67,7.653042939719239
2022-04-29,121.0,35.8,14,0.0,14.7,2536.0,25322.71,9.98529574132492
2022-04-30,105.0,35.7,14,0.0,12.1,1970.0,17316.82,8.790263959390863
2022-05-01,73.0,33.0,31,0.0,15.5,1728.0,13313.14,7.7043634259259255
2022-05-02,66.1,32.6,37,0.0,15.2,2952.0,14172.83,4.801094173441735
2022-05-03,88.3,32.8,42,0.1,11.3,1013.0,4294.95,4.239832181638697
2022-05-04,71.7,31.0,47,0.2,11.0,1463.0,9801.83,6.699815447710185
2022-05-05,63.6,30.6,47,0.0,7.8,1944.0,13326.17,6.855025720164609
2022-05-06,109.0,32.3,33,0.0,7.1,787.0,6436.11,8.178030495552731
2022-05-07,67.8,32.8,30,0.0,8.2,1914.0,13764.42,7.191442006269592
2022-05-08,76.8,33.0,34,0.0,12.0,2274.0,10249.4,4.507211961301671
2022-05-09,61.9,33.3,44,0.0,14.7,767.0,3883.62,5.063389830508474
2022-05-10,63.9,33.4,45,0.0,11.8,897.0,5011.41,5.5868561872909694
2022-05-11,63.032,34.1,44,0.0,11.6,236.0,1455.71,6.168262711864407
2022-05-12,62.164,35.1,41,0.0,12.8,724.0,4664.46,6.442624309392265
2022-05-13,,35.0,42,0.0,13.0,715.0,3307.71,4.626167832167832
2022-05-14,,35.9,26,0.0,9.9,727.0,5381.71,7.402627235213205
2022-05-15,,37.7,15,0.0,12.6,423.0,3324.46,7.859243498817967
2022-05-16,,36.4,22,0.0,16.1,132.0,711.76,5.392121212121212
2022-05-17,,32.9,42,0.4,10.3,190.0,1120.2,5.895789473684211
2022-05-18,,34.8,32,0.0,8.6,217.0,976.84,4.501566820276498
2022-05-19,,35.5,29,0.0,9.1,191.0,782.09,4.094712041884817
2022-05-20,,36.8,22,0.0,12.1,213.0,1401.14,6.5781220657277
2022-05-21,,35.1,28,0.0,12.8,271.0,1174.76,4.334907749077491
2022-05-22,,33.4,33,0.0,9.1,113.0,682.04,6.03575221238938
2022-05-23,,26.2,65,25.5,21.3,25.0,287.57,11.5028
2022-05-24,,26.9,64,0.0,11.4,16.0,56.28,3.5175
2022-05-25,,28.1,60,0.0,6.4,65.0,353.27,5.434923076923076
2022-05-26,,29.6,54,0.0,7.0,83.0,506.05,6.096987951807229
2022-05-27,,31.4,49,0.0,10.3,14.0,82.24,5.874285714285714
2022-05-28,,32.9,49,1.2,8.2,43.0,187.87,4.369069767441861
2022-05-29,,33.0,48,0.0,11.3,46.0,213.95,4.6510869565217385
2022-05-30,,32.8,47,0.2,10.6,16.0,144.03,9.001875
2022-05-31,,32.7,40,0.0,9.7,71.0,232.73,3.277887323943662
2022-06-01,,33.6,34,0.0,10.8,127.0,469.06,3.6933858267716535
2022-06-02,,34.1,27,0.0,12.0,158.0,720.72,4.561518987341772
2022-06-03,,34.9,22,0.0,10.9,231.0,1109.3,4.802164502164502
2022-06-04,42.2,35.5,20,0.0,8.6,268.0,1315.48,4.9085074626865675
2022-06-05,86.0,35.8,19,0.0,13.3,305.0,1884.4,6.1783606557377055
2022-06-06,74.66666666666667,35.4,18,0.0,11.9,231.0,1385.49,5.997792207792208
2022-06-07,63.33333333333333,36.4,21,0.0,15.2,185.0,859.83,4.64772972972973
2022-06-08,52.0,36.8,19,0.0,19.5,316.0,1185.98,3.7531012658227847
2022-06-09,65.3,36.7,22,0.0,14.7,285.0,1420.23,4.983263157894737
2022-06-10,78.8,36.9,22,0.0,18.4,247.0,1211.03,4.902955465587044
2022-06-11,64.1,37.2,20,0.0,19.3,226.0,1043.36,4.616637168141592
2022-06-12,70.0,36.6,23,0.0,15.1,99.0,485.87,4.907777777777778
2022-06-13,46.0,37.3,26,0.0,19.3,213.0,1113.5,5.227699530516432
2022-06-14,53.4,34.7,39,0.0,22.9,276.0,1112.68,4.031449275362319
2022-06-15,27.8,35.7,40,0.0,20.1,221.0,1055.72,4.777013574660634
2022-06-16,27.3,34.2,44,0.7,12.1,343.0,1752.66,5.109795918367348
2022-06-17,23.5,29.9,64,11.6,9.6,7.0,17.65,2.5214285714285714
2022-06-18,27.9,29.7,65,0.9,8.4,0.0,0.0,0.0
2022-06-19,31.5,26.6,82,9.9,9.7,11.0,14.94,1.3581818181818182
2022-06-20,35.2,27.5,73,0.1,5.8,66.0,325.45,4.931060606060606
2022-06-21,35.2,27.9,72,9.3,6.1,3.0,1.6,0.5333333333333333
2022-06-22,45.5,29.5,65,13.0,7.6,13.0,28.33,2.1792307692307693
2022-06-23,51.3,31.1,52,0.0,13.1,55.0,224.29,4.078
2022-06-24,61.6,30.9,45,0.0,11.8,209.0,875.93,4.191052631578947
2022-06-25,66.7,32.5,40,0.0,6.3,281.0,1119.8,3.985053380782918
2022-06-26,69.1,33.6,51,0.0,13.8,208.0,967.13,4.649663461538461
2022-06-27,48.6,34.3,54,0.0,12.3,232.0,942.39,4.062025862068966
2022-06-28,62.8,34.2,56,0.9,11.2,1.0,0.61,0.61
2022-06-29,55.3,33.9,58,0.0,14.1,104.0,395.46,3.8024999999999998
2022-06-30,32.1,28.6,79,1.4,9.0,25.0,153.21,6.1284
2022-07-01,22.9,28.1,81,1.0,5.4,1.0,0.94,0.94
2022-07-02,31.6,29.9,74,2.3,9.0,16.0,44.25,2.765625
2022-07-03,20.4,29.2,81,4.5,9.3,4.0,13.62,3.405
2022-07-04,51.6,30.7,75,15.5,4.5,86.0,443.67,5.158953488372093
2022-07-05,54.1,32.0,70,0.2,10.3,63.0,330.49,5.245873015873016
2022-07-06,44.0,30.8,75,4.0,13.2,2.0,1.3,0.65
2022-07-07,33.6,31.5,70,0.5,12.4,16.0,85.01,5.313125
2022-07-08,28.5,32.6,63,0.1,11.2,29.0,97.83,3.373448275862069
2022-07-09,36.7,31.0,69,1.2,12.4,2.0,10.33,5.165
2022-07-10,27.0,29.5,77,7.5,7.3,3.0,5.09,1.6966666666666665
2022-07-11,34.1,31.2,71,0.1,5.0,27.0,168.49,6.24037037037037
2022-07-12,20.3,31.2,71,2.7,7.1,16.0,53.43,3.339375
2022-07-13,30.0,30.9,74,0.2,8.4,23.0,64.7,2.8130434782608695
2022-07-14,25.3,29.9,77,10.6,11.3,4.0,12.719999999999999,3.1799999999999997
2022-07-15,21.7,31.4,68,2.6,15.6,3.0,8.26,2.7533333333333334
2022-07-16,20.5,29.6,75,20.5,9.3,0.0,0.0,0.0
2022-07-17,23.0,29.6,80,10.3,9.2,6.0,10.78,1.7966666666666666
2022-07-18,33.0,30.9,76,3.2,6.0,15.0,43.089999999999996,2.8726666666666665
2022-07-19,33.5,31.0,75,1.7,7.2,8.0,25.16,3.145
2022-07-20,11.1,28.9,83,26.9,9.9,5.0,17.87,3.5740000000000003
2022-07-21,32.4,27.8,84,16.5,4.6,0.0,0.0,0.0
2022-07-22,46.5,27.8,86,5.0,6.9,1.0,1.83,1.83
2022-07-23,22.3,27.7,85,15.4,13.5,0.0,0.0,0.0
2022-07-24,19.4,28.9,81,7.8,15.1,2.0,2.42,1.21
2022-07-25,19.5,28.7,79,9.9,15.7,3.0,6.96,2.32
2022-07-26,23.4,28.2,79,2.8,14.4,3.0,21.38,7.126666666666666
2022-07-27,21.8,28.3,81,4.9,12.8,0.0,0.0,0.0
2022-07-28,15.9,27.6,86,21.8,5.7,0.0,0.0,0.0
2022-07-29,15.0,27.3,87,16.9,6.9,0.0,0.0,0.0
2022-07-30,15.5,27.7,86,4.9,5.6,0.0,0.0,0.0
2022-07-31,18.4,28.4,81,1.0,6.8,0.0,0.0,0.0
2022-08-01,17.3,27.8,84,10.0,6.6,0.0,0.0,0.0
2022-08-02,21.9,29.3,78,0.3,9.4,0.0,0.0,0.0
2022-08-03,37.6,29.1,80,0.6,7.5,0.0,0.0,0.0
2022-08-04,41.1,28.1,85,1.7,8.1,0.0,0.0,0.0
2022-08-05,28.3,27.6,86,5.7,8.3,0.0,0.0,0.0
2022-08-06,45.3,28.7,83,1.9,3.9,0.0,0.0,0.0
2022-08-07,35.6,27.7,85,18.6,7.7,0.0,0.0,0.0
2022-08-08,34.2,29.0,80,0.2,5.9,0.0,0.0,0.0
2022-08-09,37.2,30.3,77,0.4,9.7,0.0,0.0,0.0
2022-08-10,18.8,30.9,72,0.4,10.6,0.0,0.0,0.0
2022-08-11,13.4,27.8,82,3.8,17.3,6.0,14.39,2.3983333333333334
2022-08-12,16.6,29.3,72,0.2,15.8,7.0,21.93,3.132857142857143
2022-08-13,23.6,29.4,75,0.8,13.4,11.0,34.98,3.1799999999999997
2022-08-14,19.4,27.9,85,5.5,7.3,7.0,27.72,3.96
2022-08-15,15.1,27.9,82,1.6,11.2,2.0,9.02,4.51
2022-08-16,13.4,27.4,79,8.4,22.3,5.0,16.3,3.2600000000000002
2022-08-17,9.23,28.3,75,0.3,16.4,3.0,5.29,1.7633333333333334
2022-08-18,17.2,29.2,73,0.8,9.1,6.0,19.35,3.225
2022-08-19,12.8,29.9,71,0.5,12.8,15.0,59.629999999999995,3.975333333333333
2022-08-20,26.3,27.8,81,6.8,6.6,4.0,14.33,3.5825
2022-08-21,39.8,29.4,76,0.3,6.7,12.0,70.94,5.911666666666666
2022-08-22,29.5,29.2,77,6.5,9.9,17.0,51.2,3.011764705882353
2022-08-23,21.1,29.3,71,1.2,22.5,5.0,26.99,5.398
2022-08-24,15.8,28.3,76,0.7,13.0,3.0,8.46,2.8200000000000003
2022-08-25,24.0,29.1,73,0.5,5.0,9.0,20.61,2.29
2022-08-26,26.1,30.2,65,0.5,10.9,3.0,8.25,2.75
2022-08-27,28.4,30.6,61,1.2,16.4,7.0,23.9,3.414285714285714
2022-08-28,32.1,31.0,55,0.1,15.4,2.0,4.21,2.105
2022-08-29,39.7,30.1,61,0.6,8.2,8.0,25.76,3.22
2022-08-30,40.5,30.5,68,0.0,5.8,17.0,44.97,2.6452941176470586
2022-08-31,37.8,31.4,61,0.2,9.3,3.0,13.35,4.45
2022-09-01,37.3,31.8,60,0.5,8.8,3.0,20.35,6.783333333333334
2022-09-02,35.5,31.9,58,0.0,6.8,6.0,49.34,8.223333333333334
2022-09-03,26.5,32.0,52,0.0,12.6,10.0,39.62,3.9619999999999997
2022-09-04,18.0,32.1,51,0.0,15.3,30.0,115.87,3.8623333333333334
2022-09-05,14.4,31.4,53,0.0,9.4,12.0,22.77,1.8975
2022-09-06,28.9,31.7,52,0.0,7.1,8.0,26.16,3.27
2022-09-07,37.1,32.0,53,0.0,7.4,11.0,50.62,4.601818181818182
2022-09-08,52.1,31.8,53,0.0,6.5,8.0,25.919999999999998,3.2399999999999998
2022-09-09,52.1,31.5,63,0.2,8.0,28.0,83.5,2.982142857142857
2022-09-10,46.7,30.2,69,3.1,9.4,39.0,162.39000000000001,4.163846153846154
2022-09-11,28.1,29.7,68,3.7,10.1,6.0,32.21,5.368333333333333
2022-09-12,17.4,30.2,64,1.0,10.6,10.0,68.25,6.825
2022-09-13,12.9,29.5,67,1.6,17.4,7.0,45.22,6.46
2022-09-14,12.6,27.5,77,6.1,19.3,7.0,28.75,4.107142857142857
2022-09-15,13.3,26.1,86,9.2,14.5,37.0,166.02,4.487027027027027
2022-09-16,9.63,26.2,84,13.4,9.9,3.0,6.3,2.1
2022-09-17,27.9,27.4,78,0.8,9.6,11.0,46.88,4.261818181818182
2022-09-18,36.5,28.0,79,0.4,6.9,18.0,88.31,4.9061111111111115
2022-09-19,65.2,28.5,75,0.0,6.7,33.0,228.58,6.926666666666667
2022-09-20,42.2,27.2,84,2.4,5.3,22.0,121.04,5.501818181818182
2022-09-21,34.9,27.4,84,1.7,5.5,80.0,325.95,4.074375
2022-09-22,21.6,25.0,92,33.9,10.7,48.0,209.88,4.3725
2022-09-23,25.0,24.7,94,48.2,12.3,9.0,44.07,4.8966666666666665
2022-09-24,25.1,24.6,94,41.5,15.9,1.0,0.71,0.71
2022-09-25,20.9,26.3,84,0.9,10.0,13.0,20.71,1.593076923076923
2022-09-26,42.4,26.7,83,0.1,7.6,16.0,84.85,5.303125
2022-09-27,35.2,26.6,79,0.0,8.0,15.0,46.86,3.124
2022-09-28,46.4,27.2,76,0.2,6.9,15.0,58.19,3.8793333333333333
2022-09-29,57.8,27.1,76,0.0,8.3,9.0,45.23,5.025555555555555
2022-09-30,70.0,27.3,76,0.0,7.9,65.0,310.41,4.775538461538462
2022-10-01,74.4,28.0,72,0.0,7.7,155.0,621.05,4.006774193548387
2022-10-02,61.9,28.0,66,0.0,8.6,213.0,947.81,4.44981220657277
2022-10-03,36.2,27.7,61,0.0,14.6,114.0,592.46,5.1970175438596495
2022-10-04,54.4,27.7,67,0.0,9.8,153.0,713.09,4.660718954248366
2022-10-05,83.7,27.1,77,0.1,7.3,209.0,1185.48,5.672153110047847
2022-10-06,12.1,26.4,75,0.0,10.2,274.0,1241.36,4.530510948905109
2022-10-07,14.5,24.5,82,1.1,12.0,224.0,839.24,3.746607142857143
2022-10-08,9.65,22.5,95,37.2,13.8,81.0,421.88,5.208395061728395
2022-10-09,6.23,22.6,93,47.1,11.9,28.0,121.42,4.336428571428572
2022-10-10,10.9,23.4,88,1.6,8.8,19.0,91.38,4.809473684210526
2022-10-11,28.6,23.4,87,2.7,6.0,91.0,440.88,4.844835164835165
2022-10-12,58.6,23.8,83,0.0,6.7,193.0,895.42,4.639481865284974
2022-10-13,43.7,23.8,72,0.0,9.0,209.0,1022.55,4.892583732057416
2022-10-14,66.6,23.7,68,0.0,9.2,156.0,870.29,5.578782051282051
2022-10-15,87.4,23.9,69,0.0,7.8,302.0,1396.01,4.622549668874172
2022-10-16,92.2,24.1,69,0.0,6.1,455.0,2640.61,5.803538461538462
2022-10-17,97.4,24.2,63,0.0,7.9,628.0,3192.61,5.083773885350318
2022-10-18,90.3,24.3,60,0.0,7.4,720.0,3521.9900000000002,4.891652777777778
2022-10-19,73.0,23.7,66,0.0,7.4,434.0,2082.94,4.799400921658986
2022-10-20,79.8,23.5,64,1.1,6.3,261.0,1234.84,4.731187739463601
2022-10-21,105.0,24.0,65,0.0,5.6,489.0,2651.66,5.422617586912065
2022-10-22,110.0,22.8,67,0.0,8.6,953.0,5568.82,5.843462749213011
2022-10-23,114.0,22.0,63,0.0,6.9,1719.0,8494.04,4.941268179173939
2022-10-24,203.0,22.2,61,0.0,9.8,1392.0,8769.64,6.300028735632184
2022-10-25,106.0,22.1,56,0.0,11.7,1006.0,7013.37,6.971540755467196
2022-10-26,126.0,23.1,62,0.0,6.4,1145.0,6459.82,5.641764192139738
2022-10-27,162.0,24.0,61,0.0,5.2,1478.0,9501.97,6.428937753721245
2022-10-28,185.0,23.2,65,0.0,5.7,2330.0,13708.4,5.88343347639485
2022-10-29,218.0,23.4,63,0.0,4.8,2411.0,15170.51,6.292206553297387
2022-10-30,169.0,23.0,63,0.0,7.3,1840.0,12785.91,6.9488641304347825
2022-10-31,218.0,23.2,63,0.0,5.5,2005.0,12877.27,6.422578553615961
2022-11-01,230.0,23.4,68,0.0,7.2,2198.0,16914.32,7.695323020928116
2022-11-02,212.0,23.1,70,0.0,9.0,3253.0,23981.19,7.372022748232401
2022-11-03,379.0,23.4,66,0.0,10.2,3221.0,22417.31,6.959736106799131
2022-11-04,313.0,24.8,65,0.0,4.7,1802.0,11620.32,6.448568257491676
2022-11-05,189.0,23.9,77,0.0,9.4,3198.0,21063.14,6.586347717323327
2022-11-06,165.0,23.4,78,0.0,7.5,640.0,3836.35,5.994296875
2022-11-07,161.0,23.4,72,0.6,6.2,2584.0,20059.79,7.763076625386997
2022-11-08,243.0,21.8,75,6.9,6.5,894.0,5212.88,5.830961968680089
2022-11-09,83.7,22.1,70,0.1,3.9,1341.0,10072.4,7.511111111111111
2022-11-10,122.0,21.1,74,0.0,7.4,2213.0,14991.18,6.77414369633981
2022-11-11,229.0,20.1,64,0.0,11.6,3412.0,22804.68,6.683669402110199
2022-11-12,202.0,20.0,59,0.0,13.3,2820.0,22550.15,7.996507092198582
2022-11-13,160.0,19.9,63,0.0,10.7,2384.0,16341.95,6.854844798657719
2022-11-14,112.0,20.9,62,0.0,8.1,39.0,133.98,3.4353846153846153
2022-11-15,89.6,20.3,66,0.0,6.8,190.0,1141.5,6.007894736842105
2022-11-16,114.0,19.4,60,0.0,10.4,1151.0,7483.21,6.501485664639444
2022-11-17,132.0,18.1,61,0.0,12.5,1294.0,10242.39,7.915293663060278
2022-11-18,157.0,17.3,57,0.0,9.6,873.0,5038.03,5.770939289805269
2022-11-19,136.0,17.7,59,0.0,7.4,716.0,4150.14,5.796284916201118
2022-11-20,170.0,17.5,62,0.0,9.2,393.0,2508.98,6.384173027989822
2022-11-21,150.0,18.0,58,0.0,11.8,302.0,2042.53,6.763344370860927
2022-11-22,120.0,17.9,55,0.0,10.8,257.0,1935.67,7.531789883268483
2022-11-23,121.0,17.6,50,0.0,12.1,248.0,1289.58,5.199919354838709
2022-11-24,101.0,17.2,54,0.0,11.2,316.0,1201.01,3.800664556962025
2022-11-25,128.0,17.3,57,0.0,7.6,150.0,771.26,5.141733333333334
2022-11-26,191.0,17.2,57,0.0,10.5,104.0,938.49,9.023942307692307
2022-11-27,179.0,16.9,65,0.0,7.6,102.0,532.35,5.219117647058824
2022-11-28,178.0,17.4,63,0.0,5.2,78.0,374.63,4.802948717948718
2022-11-29,217.0,16.8,68,0.0,7.1,111.0,444.32,4.002882882882883
2022-11-30,182.0,16.8,71,0.0,7.2,155.0,613.54,3.958322580645161
2022-12-01,209.0,16.5,74,0.0,8.1,109.0,454.6,4.170642201834863
2022-12-02,168.0,16.7,74,0.0,5.5,41.0,162.42,3.961463414634146
2022-12-03,196.0,17.1,73,0.0,4.9,78.0,186.10999999999999,2.3860256410256406
2022-12-04,223.0,16.5,74,0.0,8.3,118.0,493.11,4.178898305084746
2022-12-05,178.0,15.5,74,0.0,6.8,189.0,617.97,3.26968253968254
2022-12-06,215.0,16.0,69,0.0,13.3,76.0,328.28,4.319473684210526
2022-12-07,138.0,16.3,68,0.0,15.5,78.0,297.14,3.809487179487179
2022-12-08,137.0,16.0,73,0.0,11.3,62.0,195.55,3.1540322580645164
2022-12-09,169.0,16.3,76,0.0,8.0,107.0,442.90000000000003,4.139252336448599
2022-12-10,206.0,16.9,71,0.0,8.7,152.0,589.26,3.8767105263157893
2022-12-11,142.0,17.3,69,0.0,9.8,163.0,530.55,3.2549079754601222
2022-12-12,93.0,16.9,62,0.0,11.2,127.0,503.31,3.963070866141732
2022-12-13,69.3,16.8,53,0.0,15.2,98.0,429.33,4.380918367346939
2022-12-14,81.9,15.7,55,0.0,14.7,91.0,404.56,4.445714285714286
2022-12-15,89.5,14.6,57,0.0,12.7,171.0,671.26,3.9254970760233916
2022-12-16,102.0,14.0,66,0.0,10.2,193.0,750.76,3.8899481865284975
2022-12-17,145.66666666666666,14.1,69,0.0,8.0,150.0,704.46,4.696400000000001
2022-12-18,189.3333333333333,14.3,76,0.0,7.0,101.0,604.9300000000001,5.98940594059406
2022-12-19,233.0,14.1,79,0.0,7.9,92.0,396.92,4.314347826086957
2022-12-20,247.0,13.6,77,0.0,7.9,81.0,263.38,3.251604938271605
2022-12-21,223.0,13.0,79,0.0,8.2,145.0,637.54,4.396827586206896
2022-12-22,236.0,12.9,79,0.0,8.1,59.0,217.76,3.6908474576271186
2022-12-23,289.0,12.2,82,0.0,7.2,49.0,275.27,5.617755102040816
2022-12-24,169.0,12.4,75,0.0,10.9,59.0,290.24,4.919322033898305
2022-12-25,202.0,10.9,81,0.0,11.3,28.0,103.34,3.690714285714286
2022-12-26,223.0,11.1,83,0.0,8.6,67.0,261.97,3.9100000000000006
2022-12-27,192.0,11.9,79,0.0,13.6,58.0,388.0,6.689655172413793
2022-12-28,165.0,13.1,72,0.0,15.9,52.0,671.79,12.919038461538461
2022-12-29,190.0,14.1,74,0.0,8.4,18.0,65.45,3.636111111111111
2022-12-30,299.0,14.9,75,0.0,8.5,30.0,323.74,10.791333333333334
2022-12-31,193.0,13.1,82,0.0,12.6,70.0,271.27,3.875285714285714
2023-01-01,128.0,12.5,79,0.0,6.0,13.0,126.59,9.737692307692308
2023-01-02,269.0,12.2,78,0.0,5.0,46.0,418.69,9.10195652173913
2023-01-03,281.0,10.6,85,0.0,6.6,22.0,403.33,18.333181818181817
2023-01-04,214.0,9.7,87,0.0,8.5,54.0,294.90000000000003,5.461111111111112
2023-01-05,245.0,8.9,89,0.0,8.1,56.0,249.31,4.451964285714285
2023-01-06,311.0,8.3,87,0.0,6.7,47.0,230.01,4.893829787234043
2023-01-07,295.0,8.2,87,0.0,9.1,97.0,690.32,7.116701030927835
2023-01-08,299.0,10.1,88,0.0,9.7,38.0,489.63,12.885
2023-01-09,449.0,11.1,88,0.0,5.4,22.0,192.26,8.739090909090908
2023-01-10,300.0,11.5,89,0.0,8.9,67.0,433.9,6.476119402985074
2023-01-11,197.0,12.1,86,0.0,7.4,25.0,123.24000000000001,4.929600000000001
2023-01-12,202.0,14.5,81,0.1,12.8,58.0,311.27,5.366724137931034
2023-01-13,183.0,13.9,87,18.2,9.6,36.0,374.46999999999997,10.401944444444444
2023-01-14,164.0,12.1,76,0.0,13.4,46.0,540.68,11.75391304347826
2023-01-15,,9.4,66,0.0,12.6,64.0,397.67,6.21359375
2023-01-16,126.0,9.0,64,0.0,9.4,80.0,307.21,3.8401249999999996
2023-01-17,153.0,9.0,64,0.0,10.2,84.0,320.65,3.8172619047619043
2023-01-18,175.0,9.2,65,0.0,8.6,40.0,186.32,4.6579999999999995
2023-01-19,223.0,12.2,64,0.3,7.2,58.0,281.15,4.847413793103448
2023-01-20,96.5,14.0,70,0.0,10.5,26.0,77.19,2.9688461538461537
2023-01-21,198.0,13.2,79,0.0,5.5,60.0,203.97,3.3995
2023-01-22,353.0,14.1,71,0.0,8.5,137.0,465.99,3.4013868613138687
2023-01-23,136.0,15.5,64,0.0,6.5,71.0,291.58,4.1067605633802815
2023-01-24,89.1,16.9,82,11.3,12.0,18.0,93.97,5.220555555555555
2023-01-25,95.1,16.4,83,1.0,6.1,17.0,52.29,3.0758823529411763
2023-01-26,157.0,14.3,77,0.0,12.7,45.0,164.38,3.6528888888888886
2023-01-27,101.0,12.1,68,0.0,14.6,85.0,256.26,3.0148235294117645
2023-01-28,121.0,12.5,69,0.0,11.5,79.0,273.9,3.4670886075949365
2023-01-29,176.0,12.8,84,4.2,9.3,2.0,9.68,4.84
2023-01-30,68.2,13.2,87,10.2,8.5,6.0,10.84,1.8066666666666666
2023-01-31,90.2,14.1,84,0.0,14.4,17.0,64.92,3.8188235294117647
2023-02-01,87.4,13.7,75,0.0,16.3,170.0,574.92,3.3818823529411763
2023-02-02,102.0,14.7,65,0.0,15.8,83.0,277.88,3.3479518072289154
2023-02-03,98.36666666666666,15.0,69,0.0,11.9,62.0,217.82999999999998,3.5133870967741934
2023-02-04,94.73333333333332,15.9,66,0.0,13.5,89.0,418.31,4.700112359550562
2023-02-05,,17.0,63,0.0,9.7,87.0,435.31,5.003563218390805
2023-02-06,,17.6,70,0.0,7.8,99.0,315.61,3.187979797979798
2023-02-07,,17.1,70,0.0,12.7,125.0,466.49,3.73192
2023-02-08,,15.7,55,0.0,11.2,46.0,251.31,5.463260869565217
2023-02-09,,17.3,63,0.0,9.9,37.0,163.55,4.4202702702702705
2023-02-10,,18.6,72,0.0,9.7,49.0,140.86,2.874693877551021
2023-02-11,,18.9,63,0.0,8.9,93.0,337.41,3.6280645161290326
2023-02-12,,15.8,47,0.0,15.1,146.0,502.38,3.440958904109589
2023-02-13,,15.0,35,0.0,22.1,138.0,793.1899999999999,5.747753623188405
2023-02-14,58.4,16.8,44,0.0,14.5,56.0,269.27,4.808392857142857
2023-02-15,91.0,18.3,55,0.0,15.0,86.0,347.32,4.038604651162791
2023-02-16,144.0,18.3,71,0.0,7.8,53.0,294.49,5.556415094339623
2023-02-17,141.96451612903226,19.6,77,0.0,5.9,247.0,1198.6200000000001,4.852712550607288
2023-02-18,139.92903225806452,19.0,78,0.0,7.3,133.0,570.35,4.288345864661654
2023-02-19,,21.0,70,0.0,5.6,48.0,176.42000000000002,3.675416666666667
2023-02-20,,22.3,65,0.0,7.2,17.0,68.52,4.030588235294117
2023-02-21,,21.9,58,0.0,9.3,56.0,175.37,3.131607142857143
2023-02-22,,20.5,63,0.0,8.1,52.0,134.63,2.5890384615384616
2023-02-23,,20.0,53,0.0,12.2,136.0,473.65999999999997,3.4827941176470585
2023-02-24,,19.8,51,0.0,10.6,81.0,328.25,4.052469135802469
2023-02-25,,21.0,54,0.0,7.4,81.0,316.66,3.909382716049383
2023-02-26,,22.3,51,0.0,7.3,58.0,302.94,5.223103448275862
2023-02-27,,22.2,53,0.0,8.8,80.0,286.02,3.5752499999999996
2023-02-28,,21.6,49,0.0,8.0,62.0,207.1,3.3403225806451613
2023-03-01,,21.8,50,0.0,10.1,47.0,160.01,3.404468085106383
2023-03-02,,22.1,55,0.0,9.8,47.0,157.78,3.3570212765957446
2023-03-03,,22.6,56,0.0,11.4,90.0,472.71999999999997,5.2524444444444445
2023-03-04,,22.4,54,0.0,11.5,75.0,248.8,3.3173333333333335
2023-03-05,,22.4,53,0.0,12.5,147.0,619.82,4.216462585034014
2023-03-06,,21.7,50,0.0,11.4,106.0,460.16,4.341132075471698
2023-03-07,,21.8,48,0.0,8.7,61.0,215.85,3.5385245901639344
2023-03-08,,21.3,54,0.2,8.3,31.0,109.0,3.5161290322580645
2023-03-09,,21.0,62,0.5,8.9,51.0,164.79,3.231176470588235
2023-03-10,,22.3,58,0.0,9.3,64.0,197.52,3.08625
2023-03-11,,23.2,51,0.0,8.1,83.0,302.18,3.640722891566265
2023-03-12,,24.3,49,0.0,7.7,42.0,184.94,4.403333333333333
2023-03-13,,24.3,49,0.0,8.4,30.0,123.12,4.104
2023-03-14,,24.2,49,0.0,10.0,42.0,169.8,4.042857142857143
2023-03-15,,24.8,43,0.0,7.1,31.0,165.62,5.3425806451612905
2023-03-16,,24.5,42,0.1,10.4,47.0,112.9,2.402127659574468
2023-03-17,,22.9,55,1.7,6.5,27.0,163.68,6.062222222222222
2023-03-18,,20.4,75,0.3,8.0,1.0,2.89,2.89
2023-03-19,80.9,19.8,83,0.7,6.6,3.0,16.63,5.543333333333333
2023-03-20,41.1,18.7,87,24.3,7.2,8.0,6.9399999999999995,0.8674999999999999
2023-03-21,49.3,18.3,84,3.2,7.1,16.0,32.32,2.02
2023-03-22,94.6,19.5,75,0.0,5.9,37.0,150.46,4.066486486486487
2023-03-23,39.7,21.5,65,0.0,9.1,17.0,70.66,4.156470588235294
2023-03-24,68.8,21.6,69,15.8,9.0,8.0,21.04,2.63
2023-03-25,31.4,21.2,78,1.1,9.6,11.0,15.94,1.449090909090909
2023-03-26,56.5,21.8,62,0.0,9.7,27.0,55.1,2.0407407407407407
2023-03-27,51.2,20.8,62,0.0,10.6,37.0,129.06,3.4881081081081082
2023-03-28,60.6,21.8,61,0.0,9.6,35.0,130.03,3.7151428571428573
2023-03-29,69.8,23.3,55,0.2,8.1,13.0,34.51,2.6546153846153846
2023-03-30,61.1,21.8,70,5.7,9.6,19.0,124.52,6.553684210526316
2023-03-31,26.9,19.6,83,9.4,5.8,10.0,7.97,0.7969999999999999
2023-04-01,40.0,20.1,79,0.9,5.4,19.0,23.13,1.2173684210526314
2023-04-02,46.0,22.2,69,0.0,8.5,13.0,31.22,2.4015384615384616
2023-04-03,58.1,23.3,61,0.0,8.2,9.0,21.919999999999998,2.4355555555555553
2023-04-04,36.0,22.2,61,0.2,9.8,13.0,24.19,1.860769230769231
2023-04-05,43.8,22.9,50,0.0,10.2,17.0,121.57000000000001,7.1511764705882355
2023-04-06,33.6,23.9,41,0.0,12.0,39.0,118.91,3.048974358974359
2023-04-07,38.5,24.3,37,0.0,11.9,43.0,148.66,3.457209302325581
2023-04-08,65.7,24.4,34,0.0,10.9,30.0,112.67999999999999,3.756
2023-04-09,91.6,26.2,30,0.0,9.5,43.0,130.04,3.0241860465116277
2023-04-10,70.2,26.4,29,0.0,8.7,38.0,235.05,6.185526315789474
2023-04-11,117.0,27.7,28,0.0,13.4,34.0,121.22,3.565294117647059
2023-04-12,88.9,29.4,27,0.0,15.9,43.0,172.33,4.007674418604651
2023-04-13,91.9,29.5,28,0.0,12.1,46.0,380.31,8.267608695652173
2023-04-14,96.9,29.5,27,0.0,10.0,77.0,801.12,10.404155844155845
2023-04-15,79.1,30.9,23,0.0,8.2,62.0,348.18,5.615806451612904
2023-04-16,75.6,31.3,25,0.0,10.2,68.0,298.18,4.385
2023-04-17,65.2,32.5,25,0.0,9.4,124.0,429.69,3.465241935483871
2023-04-18,68.0,32.6,23,0.0,12.9,99.0,417.1,4.2131313131313135
2023-04-19,68.4,29.8,35,0.0,11.0,56.0,292.87,5.229821428571428
2023-04-20,40.9,28.1,44,0.0,8.3,34.0,139.1,4.091176470588235
2023-04-21,54.5,28.8,34,0.0,10.2,89.0,395.74,4.446516853932584
2023-04-22,59.7,28.6,26,0.0,9.7,109.0,425.88,3.907155963302752
2023-04-23,25.0,26.9,27,0.0,11.8,65.0,278.46999999999997,4.2841538461538455
2023-04-24,52.6,26.1,35,0.0,10.3,210.0,878.83,4.184904761904762
2023-04-25,51.0,27.1,37,0.0,10.7,175.0,616.64,3.5236571428571426
2023-04-26,73.2,28.9,32,0.0,8.2,67.0,268.43,4.0064179104477615
2023-04-27,79.5,29.1,30,0.0,9.6,267.0,1447.6,5.421722846441948
2023-04-28,61.9,27.9,36,0.0,6.4,47.0,136.52,2.90468085106383
2023-04-29,67.9,26.5,49,0.6,7.8,33.0,145.7,4.415151515151515
2023-04-30,50.2,24.6,61,1.4,7.4,94.0,493.89,5.254148936170212
2023-05-01,44.2,22.1,80,5.4,8.2,63.0,294.95,4.681746031746032
2023-05-02,37.8,22.5,81,5.4,10.6,88.0,477.97,5.431477272727273
2023-05-03,37.7,22.4,81,6.8,7.0,95.0,402.16,4.233263157894737
2023-05-04,50.5,24.2,73,0.0,4.8,1065.0,4788.21,4.495971830985916
2023-05-05,66.8,25.9,59,5.4,8.0,1736.0,7967.32,4.589470046082949
2023-05-06,103.0,27.4,48,0.0,8.6,1751.0,8880.76,5.071821816105083
2023-05-07,56.9,28.9,39,0.0,10.3,1500.0,8857.9,5.905266666666666
2023-05-08,51.9,29.2,40,0.0,12.7,1780.0,10501.49,5.899713483146067
2023-05-09,90.2,29.5,34,0.0,11.8,980.0,7915.3,8.076836734693877
2023-05-10,80.8,29.7,22,0.0,13.9,2103.0,16398.08,7.797470280551594
2023-05-11,125.0,31.0,22,0.0,8.4,2459.0,16777.9,6.823058153721026
2023-05-12,74.3,33.3,22,0.0,10.1,1760.0,14040.72,7.977681818181818
2023-05-13,84.6,33.3,25,0.0,10.2,2949.0,19028.83,6.4526381824347245
2023-05-14,87.8,32.5,28,0.0,11.6,959.0,6456.72,6.732763295099062
2023-05-15,30.9,33.4,25,0.0,8.7,1224.0,8809.63,7.1974101307189535
2023-05-16,129.0,32.4,28,0.0,13.9,1435.0,5834.4,4.065783972125435
2023-05-17,87.2,33.2,26,0.0,13.7,891.0,5285.46,5.9320538720538725
2023-05-18,34.5,31.0,38,0.0,12.3,293.0,1319.55,4.50358361774744
2023-05-19,57.4,31.6,35,0.0,14.3,514.0,2653.7,5.1628404669260695
2023-05-20,56.8,32.8,28,0.0,12.6,446.0,3950.71,8.858094170403588
2023-05-21,68.0,34.8,22,0.0,10.3,541.0,3552.36,6.566284658040666
2023-05-22,68.3,36.1,20,0.0,18.3,319.0,1620.58,5.080188087774294
2023-05-23,52.9,35.3,28,1.0,18.7,49.0,245.0,5.0
2023-05-24,29.3,30.8,47,0.2,10.2,110.0,601.88,5.471636363636364
2023-05-25,21.6,28.2,58,0.2,7.9,12.0,41.79,3.4825
2023-05-26,20.3,28.5,55,0.0,5.1,11.0,41.78,3.7981818181818183
2023-05-27,30.2,27.1,64,19.2,13.0,54.0,193.96,3.591851851851852
2023-05-28,39.7,27.4,66,0.3,7.2,47.0,202.91,4.317234042553191
2023-05-29,29.0,27.1,70,1.2,7.7,17.0,63.27,3.7217647058823533
2023-05-30,32.0,27.3,65,0.1,8.0,7.0,55.699999999999996,7.957142857142856
2023-05-31,29.6,24.9,74,2.9,10.3,3.0,10.79,3.5966666666666662
2023-06-01,37.4,26.4,65,0.4,7.6,5.0,11.02,2.2039999999999997
2023-06-02,34.0,27.5,57,1.3,9.6,18.0,138.8,7.711111111111112
2023-06-03,41.3,29.2,52,0.0,7.8,71.0,517.3,7.285915492957746
2023-06-04,58.0,29.3,58,1.6,10.1,37.0,176.01,4.757027027027027
2023-06-05,59.45,30.4,52,0.1,13.1,88.0,505.82,5.7479545454545455
2023-06-06,60.9,31.4,43,0.0,8.9,74.0,263.2,3.5567567567567564
2023-06-07,90.6,32.1,37,0.0,11.1,49.0,143.14000000000001,2.9212244897959185
2023-06-08,42.0,32.7,35,0.0,11.1,145.0,607.87,4.192206896551724
2023-06-09,24.8,34.2,34,0.0,14.8,120.0,539.85,4.49875
2023-06-10,28.4,34.4,38,0.0,13.5,109.0,486.35,4.461926605504587
2023-06-11,37.0,33.8,45,0.0,15.1,76.0,277.19,3.647236842105263
2023-06-12,40.4,34.9,44,0.0,16.3,56.0,206.37,3.6851785714285716
2023-06-13,57.7,36.2,35,0.0,21.0,181.0,731.52,4.041546961325967
2023-06-14,36.7,35.6,36,0.0,21.2,257.0,1026.21,3.993035019455253
2023-06-15,33.8,33.2,47,0.4,17.4,66.0,204.43,3.0974242424242426
2023-06-16,29.2,32.2,51,1.2,13.9,131.0,680.64,5.195725190839695
2023-06-17,35.0,32.9,54,0.3,10.6,79.0,361.24,4.572658227848101
2023-06-18,20.9,32.1,60,4.0,9.0,138.0,630.8,4.571014492753623
2023-06-19,14.0,29.6,71,6.6,9.0,288.0,1615.64,5.609861111111112
2023-06-20,36.9,30.6,67,16.6,9.2,63.0,319.86,5.077142857142857
2023-06-21,29.6,29.3,77,20.3,7.2,171.0,756.29,4.422748538011696
2023-06-22,31.8,31.4,72,2.7,7.8,120.0,578.66,4.822166666666666
2023-06-23,46.5,30.8,76,6.1,8.4,99.0,549.83,5.553838383838384
2023-06-24,58.4,30.9,75,10.7,7.4,240.0,1022.85,4.261875
2023-06-25,18.8,28.0,86,13.6,6.3,31.0,139.37,4.4958064516129035
2023-06-26,37.3,28.0,84,5.8,4.9,4.0,13.35,3.3375
2023-06-27,30.5,28.7,82,8.1,7.0,28.0,202.77,7.241785714285714
2023-06-28,24.9,29.1,81,12.2,8.4,26.0,122.44,4.7092307692307696
2023-06-29,42.8,28.5,83,11.7,9.6,18.0,79.34,4.407777777777778
2023-06-30,26.9,28.8,81,12.7,8.4,143.0,600.46,4.199020979020979
2023-07-01,22.3,29.1,78,1.9,10.1,7.0,25.89,3.698571428571429
2023-07-02,35.7,30.5,73,0.9,7.1,138.0,637.41,4.618913043478261
2023-07-03,48.6,31.1,72,4.5,8.6,91.0,431.64,4.7432967032967035
2023-07-04,40.1,30.7,74,2.5,9.6,85.0,560.98,6.599764705882353
2023-07-05,33.1,29.1,81,13.0,10.8,42.0,197.25,4.696428571428571
2023-07-06,24.7,29.0,77,4.8,10.2,10.0,81.35,8.135
2023-07-07,29.0,28.5,83,10.0,8.2,13.0,46.65,3.588461538461538
2023-07-08,12.2,27.2,91,34.4,11.2,2.0,2.7,1.35
2023-07-09,22.0,27.0,91,29.7,11.4,1.0,6.88,6.88
2023-07-10,16.7,27.6,90,34.1,6.4,20.0,55.09,2.7545
2023-07-11,38.4,28.5,84,2.9,6.6,40.0,112.39,2.80975
2023-07-12,24.9,28.5,86,9.6,8.2,73.0,273.89,3.751917808219178
2023-07-13,27.9,29.1,82,5.2,8.9,40.0,130.16,3.254
2023-07-14,25.0,28.5,83,21.1,6.1,34.0,118.54,3.4864705882352944
2023-07-15,26.3,28.6,86,17.7,6.0,65.0,237.77,3.6580000000000004
2023-07-16,20.4,28.6,85,21.9,5.5,12.0,47.519999999999996,3.9599999999999995
2023-07-17,31.0,29.0,85,11.8,4.7,13.0,47.2,3.630769230769231
2023-07-18,36.4,28.2,86,13.4,9.6,18.0,63.66,3.5366666666666666
2023-07-19,27.7,28.9,86,9.3,9.0,9.0,50.5,5.611111111111111
2023-07-20,30.1,29.8,81,23.7,6.0,9.0,40.64,4.515555555555555
2023-07-21,38.9,30.9,76,4.2,8.8,6.0,13.74,2.29
2023-07-22,30.6,30.7,76,6.0,13.5,2.0,3.64,1.82
2023-07-23,18.9,30.9,73,0.6,14.6,11.0,47.7,4.336363636363637
2023-07-24,23.2,29.9,80,7.8,11.3,2.0,4.62,2.31
2023-07-25,30.4,29.3,82,11.8,9.1,3.0,8.129999999999999,2.7099999999999995
2023-07-26,24.6,27.0,91,18.3,7.8,0.0,0.0,0.0
2023-07-27,32.4,28.5,88,11.0,5.0,1.0,0.5,0.5
2023-07-28,23.3,28.2,87,27.0,5.7,4.0,11.49,2.8725
2023-07-29,9.13,27.8,84,11.2,7.0,4.0,5.93,1.4825
2023-07-30,11.1,29.0,80,2.3,9.5,4.0,3.67,0.9175
2023-07-31,33.5,29.6,78,0.8,12.0,9.0,28.19,3.1322222222222225
2023-08-01,25.85,30.3,75,0.2,14.7,26.0,81.84,3.147692307692308
2023-08-02,18.2,30.2,78,1.4,12.3,6.0,13.37,2.228333333333333
2023-08-03,23.9,29.4,82,9.6,12.4,16.0,39.42,2.46375
2023-08-04,29.2,28.4,88,11.5,4.9,4.0,12.89,3.2225
2023-08-05,28.0,29.4,83,4.8,6.7,8.0,35.4,4.425
2023-08-06,25.9,30.0,74,1.9,13.0,16.0,49.28,3.08
2023-08-07,22.8,30.0,68,0.1,16.2,4.0,4.35,1.0875
2023-08-08,23.5,30.3,67,0.0,17.8,6.0,23.509999999999998,3.918333333333333
2023-08-09,27.8,30.7,65,0.0,14.3,6.0,20.82,3.47
2023-08-10,32.0,29.9,70,1.7,11.8,11.0,72.92,6.629090909090909
2023-08-11,33.6,30.6,67,1.6,10.8,23.0,66.7,2.9
2023-08-12,28.7,31.3,56,0.0,16.1,10.0,14.4,1.44
2023-08-13,22.7,31.0,61,0.7,14.7,12.0,50.29,4.190833333333333
2023-08-14,28.7,29.7,67,0.0,9.6,5.0,7.13,1.426
2023-08-15,39.3,29.8,74,0.1,5.6,4.0,10.66,2.665
2023-08-16,40.4,30.9,67,0.1,9.4,11.0,29.63,2.6936363636363634
2023-08-17,35.4,31.9,58,0.0,12.8,27.0,88.31,3.2707407407407407
2023-08-18,41.2,31.7,60,0.1,10.0,6.0,15.63,2.605
2023-08-19,35.8,30.3,75,7.4,7.9,4.0,33.809999999999995,8.452499999999999
2023-08-20,30.6,31.8,69,0.1,10.4,6.0,21.93,3.655
2023-08-21,31.5,32.0,70,0.8,7.1,7.0,46.71,6.672857142857143
2023-08-22,29.0,30.4,79,12.6,8.3,16.0,62.34,3.89625
2023-08-23,18.8,27.7,90,15.5,7.9,0.0,0.0,0.0
2023-08-24,20.1,29.0,73,0.0,11.4,6.0,23.25,3.875
2023-08-25,27.8,30.0,63,0.0,13.4,5.0,10.25,2.05
2023-08-26,37.7,30.4,60,0.0,13.3,4.0,14.65,3.6625
2023-08-27,47.2,30.4,56,0.1,16.7,6.0,18.74,3.123333333333333
2023-08-28,42.2,29.4,63,2.2,14.3,10.0,18.37,1.8370000000000002
2023-08-29,37.8,30.4,59,0.0,11.9,13.0,61.21,4.708461538461538
2023-08-30,38.7,30.9,57,0.0,11.4,16.0,83.47,5.216875
2023-08-31,40.7,31.1,59,0.0,8.8,8.0,16.05,2.00625
2023-09-01,36.2,31.9,54,0.0,10.7,10.0,20.04,2.004
2023-09-02,34.6,31.8,51,0.0,13.8,29.0,61.81,2.1313793103448275
2023-09-03,34.7,31.3,53,0.0,13.3,9.0,26.36,2.928888888888889
2023-09-04,31.7,31.3,52,0.0,12.0,4.0,10.63,2.6575
2023-09-05,35.2,30.7,67,6.1,8.0,11.0,48.28,4.38909090909091
2023-09-06,21.5,30.9,64,1.7,6.6,14.0,57.43,4.102142857142857
2023-09-07,27.2,31.9,60,0.0,5.7,30.0,101.52,3.384
2023-09-08,18.5,30.3,68,1.3,9.6,35.0,107.28,3.0651428571428574
2023-09-09,9.58,27.8,80,2.5,13.8,17.0,80.14,4.714117647058823
2023-09-10,6.98,26.1,89,35.3,12.6,8.0,29.74,3.7175
2023-09-11,23.4,27.5,81,1.0,10.0,6.0,23.42,3.9033333333333338
2023-09-12,31.8,28.7,79,0.0,5.4,8.0,39.99,4.99875
2023-09-13,45.4,29.7,79,7.4,5.8,30.0,95.41,3.180333333333333
2023-09-14,52.1,29.2,82,5.5,9.0,6.0,30.76,5.126666666666667
2023-09-15,30.0,28.1,87,5.7,7.4,8.0,33.22,4.1525
2023-09-16,23.3,28.3,84,7.8,13.7,9.0,41.26,4.584444444444444
2023-09-17,18.9,27.1,87,6.5,16.6,3.0,12.89,4.296666666666667
2023-09-18,11.2,27.9,79,2.1,14.8,1.0,0.61,0.61
2023-09-19,19.7,28.6,77,0.2,8.7,5.0,16.28,3.2560000000000002
2023-09-20,34.2,29.4,76,0.9,5.1,4.0,19.71,4.9275
2023-09-21,32.3,28.9,81,2.6,6.8,3.0,6.2700000000000005,2.0900000000000003
2023-09-22,46.3,29.4,78,0.3,6.6,14.0,43.879999999999995,3.134285714285714
2023-09-23,41.2,28.6,82,1.4,6.3,12.0,34.85,2.904166666666667
2023-09-24,48.6,27.9,80,0.9,7.6,12.0,17.27,1.4391666666666667
2023-09-25,57.0,28.6,76,0.2,5.6,8.0,16.39,2.04875
2023-09-26,72.2,28.8,73,0.2,6.1,4.0,7.13,1.7825
2023-09-27,42.9,27.8,65,0.0,8.7,59.0,277.12,4.6969491525423726
2023-09-28,51.0,26.6,62,0.0,8.4,72.0,282.6,3.9250000000000003
2023-09-29,61.6,26.8,61,0.0,7.1,170.0,631.65,3.7155882352941174
2023-09-30,55.6,27.9,57,0.0,10.7,194.0,835.74,4.3079381443298965
2023-10-01,56.8,27.4,54,0.0,10.6,138.0,718.86,5.209130434782609
2023-10-02,48.7,26.7,43,0.0,11.7,208.0,955.6899999999999,4.594663461538461
2023-10-03,51.2,26.4,40,0.0,12.4,194.0,1128.55,5.817268041237114
2023-10-04,58.9,26.3,53,0.0,12.3,324.0,1584.22,4.889567901234568
2023-10-05,74.5,26.4,52,0.0,11.2,350.0,1630.35,4.658142857142857
2023-10-06,77.7,27.3,51,0.0,8.6,213.0,992.22,4.6583098591549295
2023-10-07,60.0,28.3,60,0.0,8.8,112.0,491.5,4.388392857142857
2023-10-08,51.4,29.7,58,0.0,9.2,203.0,961.71,4.737487684729064
2023-10-09,54.3,29.3,54,0.0,9.8,233.0,1155.27,4.958240343347639
2023-10-10,51.3,28.4,55,2.5,9.8,239.0,865.76,3.622426778242678
2023-10-11,83.8,26.5,57,0.0,10.5,267.0,1288.39,4.825430711610487
2023-10-12,105.0,25.8,54,0.0,9.0,207.0,987.96,4.772753623188406
2023-10-13,110.0,27.5,55,0.0,7.8,254.0,1168.61,4.6008267716535425
2023-10-14,93.7,28.2,52,0.0,8.0,314.0,1594.96,5.079490445859872
2023-10-15,72.3,27.3,55,0.1,7.0,315.0,1332.54,4.230285714285714
2023-10-16,62.7,24.3,65,9.9,11.8,32.0,143.39000000000001,4.4809375000000005
2023-10-17,39.2,22.3,72,3.3,7.0,11.0,36.81,3.3463636363636367
2023-10-18,51.5,22.6,65,0.0,10.6,68.0,283.59,4.170441176470588
2023-10-19,43.9,21.9,63,0.0,9.2,133.0,686.92,5.164812030075188
2023-10-20,94.0,22.4,65,0.0,7.4,365.0,1802.79,4.939150684931507
2023-10-21,133.0,22.8,63,0.0,7.0,400.0,1670.42,4.17605
2023-10-22,137.0,23.3,61,0.0,6.4,82.0,348.6,4.251219512195123
2023-10-23,127.0,23.2,64,0.0,8.5,243.0,1218.55,5.014609053497942
2023-10-24,97.1,23.4,60,0.0,7.9,515.0,2681.04,5.205902912621359
2023-10-25,126.0,23.2,59,0.0,8.8,637.0,3447.38,5.411899529042386
2023-10-26,119.0,22.9,58,0.0,9.0,1304.0,6128.15,4.699501533742331
2023-10-27,129.0,22.9,51,0.0,8.3,753.0,4634.32,6.1544754316069055
2023-10-28,136.0,24.4,48,0.0,5.1,202.0,1083.01,5.361435643564357
2023-10-29,146.0,24.0,56,0.0,5.7,1025.0,5769.69,5.628965853658536
2023-10-30,151.0,23.9,67,0.0,7.1,1170.0,7326.73,6.262162393162392
2023-10-31,189.0,24.1,69,0.0,6.5,1707.0,9421.21,5.519162272993555
2023-11-01,187.0,24.0,66,0.0,6.8,1620.0,9781.77,6.03812962962963
2023-11-02,294.0,24.1,66,0.0,7.4,5.0,3.53,0.706
2023-11-03,319.0,22.5,70,1.1,8.1,1108.0,6737.0,6.080324909747293
2023-11-04,358.0,22.5,66,0.0,7.8,1594.0,11872.62,7.44831869510665
2023-11-05,314.0,22.7,62,0.0,7.4,3669.0,25021.68,6.819754701553557
2023-11-06,260.0,22.2,60,0.0,6.0,2114.0,11790.69,5.577431409649953
2023-11-07,249.0,22.5,64,0.0,7.5,1680.0,10856.86,6.462416666666667
2023-11-08,300.0,22.7,65,0.0,6.9,1401.0,8658.07,6.179921484653819
2023-11-09,297.0,22.7,65,0.0,7.3,880.0,5621.92,6.388545454545454
2023-11-10,122.0,20.5,76,2.9,9.2,41.0,176.59,4.307073170731708
2023-11-11,94.4,19.2,76,0.0,8.2,398.0,2019.68,5.074572864321608
2023-11-12,132.0,18.8,74,0.0,8.1,1184.0,7928.82,6.696638513513514
2023-11-13,286.0,19.0,73,0.0,6.4,1386.0,9442.72,6.812929292929293
2023-11-14,257.0,18.9,71,0.0,7.7,2075.0,12946.07,6.239069879518072
2023-11-15,269.0,18.5,72,0.0,7.7,2132.0,15774.39,7.398869606003752
2023-11-16,345.0,19.7,69,0.0,5.8,1665.0,10211.02,6.132744744744745
2023-11-17,236.0,20.4,71,0.0,6.0,1208.0,8138.86,6.737466887417218
2023-11-18,153.0,19.9,70,0.0,5.7,543.0,4028.02,7.418084714548803
2023-11-19,136.0,20.1,66,0.0,5.5,931.0,6074.06,6.524232008592911
2023-11-20,187.0,19.6,65,0.0,6.7,628.0,4404.96,7.014267515923567
2023-11-21,259.0,18.8,70,0.0,10.3,817.0,5188.88,6.351138310893513
2023-11-22,257.0,18.1,65,0.0,11.2,573.0,3229.67,5.636422338568935
2023-11-23,242.0,18.0,68,0.0,4.9,310.0,1840.23,5.936225806451613
2023-11-24,269.0,18.5,69,0.0,6.0,216.0,1098.86,5.087314814814814
2023-11-25,243.0,18.5,68,0.0,6.0,70.0,471.99,6.742714285714285
2023-11-26,216.0,19.2,68,0.0,7.8,87.0,610.78,7.020459770114942
2023-11-27,211.0,18.5,75,4.0,10.3,22.0,52.12,2.369090909090909
2023-11-28,132.0,17.4,88,3.2,5.9,54.0,156.22,2.892962962962963
2023-11-29,183.0,18.5,80,0.4,6.3,44.0,192.04999999999998,4.364772727272727
2023-11-30,231.0,17.8,84,1.0,7.6,31.0,115.5,3.725806451612903
2023-12-01,233.0,18.4,81,0.1,6.3,74.0,347.06,4.69
2023-12-02,174.0,18.0,79,0.0,7.1,152.0,561.86,3.696447368421053
2023-12-03,129.0,18.0,74,0.1,6.8,145.0,465.26,3.208689655172414
2023-12-04,151.0,17.8,73,0.0,7.9,42.0,126.78,3.0185714285714287
2023-12-05,134.0,16.5,73,0.0,8.4,65.0,180.27,2.7733846153846153
2023-12-06,140.0,16.4,76,0.0,7.0,125.0,474.96,3.79968
2023-12-07,164.0,16.7,77,0.0,8.0,147.0,536.68,3.650884353741496
2023-12-08,150.0,16.5,74,0.0,8.6,144.0,522.19,3.626319444444445
2023-12-09,167.0,15.9,70,0.0,9.7,111.0,482.39,4.345855855855856
2023-12-10,168.0,15.5,68,0.0,11.7,107.0,298.14,2.7863551401869158
2023-12-11,164.0,15.2,69,0.0,6.2,95.0,384.75,4.05
2023-12-12,206.0,15.6,70,0.0,6.3,108.0,389.54,3.606851851851852
2023-12-13,223.0,15.9,67,0.0,6.9,182.0,643.17,3.5339010989010986
2023-12-14,172.0,14.7,71,0.0,10.3,71.0,242.68,3.4180281690140846
2023-12-15,184.0,14.2,71,0.0,6.9,65.0,203.23,3.1266153846153846
2023-12-16,195.0,14.5,67,0.0,7.9,98.0,465.47,4.749693877551021
2023-12-17,203.0,15.4,64,0.0,8.3,113.0,472.21,4.178849557522124
2023-12-18,178.0,14.3,67,0.0,12.7,,,
2023-12-19,137.0,14.2,64,0.0,13.3,,,
2023-12-20,146.0,13.6,70,0.0,8.8,,,
2023-12-21,255.0,13.9,74,0.0,8.5,,,
2023-12-22,343.0,13.9,76,0.0,5.6,,,
2023-12-23,307.0,16.1,72,0.3,6.3,,,
2023-12-24,278.0,15.8,76,0.0,5.8,,,
2023-12-25,230.0,15.5,78,0.0,8.4,,,
2023-12-26,247.0,15.4,75,0.0,6.4,,,
2023-12-27,273.0,14.3,80,0.0,7.3,,,
2023-12-28,230.0,14.0,85,0.0,7.0,,,
2023-12-29,279.0,13.3,87,0.0,2.9,,,
2023-12-30,303.0,12.5,90,0.0,5.0,,,
2023-12-31,262.0,12.7,84,0.0,4.5,,,
2024-01-01,211.0,10.4,85,0.0,5.5,,,
2024-01-02,207.0,9.1,86,0.0,5.6,,,
2024-01-03,222.0,9.5,89,0.0,5.5,,,
2024-01-04,257.0,11.5,82,0.0,6.1,,,
2024-01-05,204.0,11.7,85,0.1,5.6,,,
2024-01-06,196.0,11.6,82,0.0,5.8,,,
2024-01-07,193.0,11.4,81,0.0,5.0,,,
2024-01-08,277.0,10.9,86,0.0,6.1,,,
2024-01-09,165.0,10.8,86,0.0,8.9,,,
2024-01-10,189.0,9.2,84,0.0,12.9,,,
2024-01-11,221.0,9.3,88,0.0,10.0,,,
2024-01-12,203.0,10.1,86,0.0,9.6,,,
2024-01-13,460.0,10.3,84,0.0,4.6,,,
2024-01-14,396.0,9.7,86,0.0,6.8,,,
2024-01-15,208.0,9.0,85,0.0,7.6,,,
2024-01-16,261.0,8.9,86,0.0,5.5,,,
2024-01-17,240.0,9.9,84,0.0,8.1,,,
2024-01-18,185.0,11.0,86,0.0,3.3,,,
2024-01-19,202.0,10.2,89,0.0,5.2,,,
2024-01-20,212.0,9.6,88,0.0,6.2,,,
2024-01-21,205.0,9.0,89,0.0,9.9,,,
2024-01-22,225.0,9.2,86,0.0,4.5,,,
2024-01-23,253.0,10.4,88,0.0,5.9,,,
2024-01-24,316.0,11.3,84,0.0,6.6,,,
2024-01-25,232.0,10.2,88,0.0,5.7,,,
2024-01-26,375.0,11.4,84,0.0,5.8,,,
2024-01-27,194.0,12.5,77,0.0,11.8,,,
2024-01-28,272.0,13.8,79,0.0,8.1,,,
2024-01-29,233.0,14.5,85,0.0,8.3,,,
2024-01-30,279.0,13.8,89,0.0,6.5,,,
2024-01-31,253.0,14.0,92,9.0,8.2,,,
2024-02-01,41.3,15.4,86,30.0,13.2,,,
2024-02-02,115.0,13.0,84,0.0,9.8,,,
2024-02-03,91.1,14.1,70,0.0,7.9,,,
2024-02-04,142.0,16.0,85,7.1,8.0,,,
2024-02-05,80.6,15.1,83,2.1,8.8,,,
2024-02-06,74.9,12.2,75,0.0,9.8,,,
2024-02-07,82.4,12.5,66,0.0,13.9,,,
2024-02-08,71.5,13.1,64,0.0,19.8,,,
2024-02-09,66.6,13.4,66,0.0,10.7,,,
2024-02-10,179.0,13.1,78,0.0,7.3,,,
2024-02-11,169.0,14.1,75,0.0,7.7,,,
2024-02-12,179.0,14.3,75,0.0,6.7,,,
2024-02-13,227.0,14.9,73,0.0,6.3,,,
2024-02-14,196.0,15.8,74,0.0,8.8,,,
2024-02-15,137.0,15.8,69,0.0,9.5,,,
2024-02-16,127.0,15.7,64,0.0,8.8,,,
2024-02-17,123.0,16.2,61,0.0,11.4,,,
2024-02-18,109.0,18.6,59,0.0,9.8,,,
2024-02-19,99.4,20.3,61,0.0,20.4,,,
2024-02-20,136.0,20.2,66,0.2,10.1,,,
2024-02-21,94.1,18.5,58,0.0,10.0,,,
2024-02-22,58.4,17.4,51,0.0,10.8,,,
2024-02-23,62.3,15.6,48,0.0,10.0,,,
2024-02-24,81.2,16.2,45,0.0,7.1,,,
2024-02-25,76.5,17.3,39,0.0,8.5,,,
2024-02-26,72.0,17.6,46,0.0,7.5,,,
2024-02-27,65.0,18.0,46,0.9,10.3,,,
2024-02-28,63.7,17.3,57,0.0,13.2,,,
2024-02-29,70.5,18.4,56,0.0,11.2,,,
2024-03-01,90.7,20.0,60,1.7,7.4,,,
2024-03-02,32.3,19.8,74,6.5,21.2,,,
2024-03-03,51.2,17.6,70,10.4,9.4,,,
2024-03-04,42.9,15.8,62,0.0,10.2,,,
2024-03-05,54.3,14.7,54,0.0,11.6,,,
2024-03-06,65.8,15.1,56,0.0,10.3,,,
2024-03-07,79.3,17.1,56,0.0,10.0,,,
2024-03-08,60.5,17.9,53,0.0,11.7,,,
2024-03-09,57.5,17.9,50,0.0,11.8,,,
2024-03-10,96.7,19.2,51,0.0,9.0,,,
2024-03-11,77.5,22.3,47,0.0,7.8,,,
2024-03-12,79.4,21.9,47,0.0,11.8,,,
2024-03-13,71.3,21.4,52,0.2,8.4,,,
2024-03-14,80.0,21.6,53,0.0,10.3,,,
2024-03-15,39.4,20.3,43,0.0,12.5,,,
2024-03-16,72.7,19.7,45,0.0,8.6,,,
2024-03-17,96.3,20.5,46,0.0,9.1,,,
2024-03-18,103.0,20.6,48,0.0,8.7,,,
2024-03-19,96.5,21.5,45,0.0,8.7,,,
2024-03-20,117.0,23.2,44,0.0,8.0,,,
2024-03-21,73.7,22.7,55,0.0,12.7,,,
2024-03-22,69.5,24.8,51,0.0,9.4,,,
2024-03-23,89.6,25.7,46,0.0,11.1,,,
2024-03-24,80.1,24.4,45,0.1,13.2,,,
2024-03-25,217.0,25.0,47,0.0,11.9,,,
2024-03-26,61.9,26.0,42,0.0,9.9,,,
2024-03-27,53.7,28.4,41,0.0,8.7,,,
2024-03-28,59.8,29.0,41,0.0,8.9,,,
2024-03-29,61.1,28.2,46,0.0,8.6,,,
2024-03-30,78.1,28.4,39,0.0,12.4,,,
2024-03-31,75.7,27.4,36,0.0,12.1,,,
2024-04-01,64.3,24.9,38,0.0,13.8,,,
2024-04-02,59.0,25.3,33,0.0,12.7,,,
2024-04-03,54.7,28.3,24,0.0,7.7,,,
2024-04-04,42.5,29.2,26,0.0,10.9,,,
2024-04-05,45.64,28.2,24,0.0,15.0,,,
2024-04-06,48.78,27.3,21,0.0,12.1,,,
2024-04-07,,26.9,21,0.0,11.7,,,
2024-04-08,,28.0,20,0.0,10.0,,,
2024-04-09,58.2,29.0,18,0.0,8.2,,,
2024-04-10,82.1,28.9,21,0.0,8.0,,,
2024-04-11,71.7,30.0,21,0.0,7.8,,,
2024-04-12,86.6,30.5,21,0.0,8.0,,,
2024-04-13,57.6,30.8,27,1.2,11.7,,,
2024-04-14,44.6,27.5,45,0.5,10.0,,,
2024-04-15,85.5,28.8,48,1.3,8.5,,,
2024-04-16,40.0,29.8,36,0.0,15.3,,,
2024-04-17,36.5,29.3,27,0.0,19.4,,,
2024-04-18,60.9,30.9,24,0.0,11.2,,,
2024-04-19,46.6,31.7,29,0.0,11.8,,,
2024-04-20,31.8,30.0,28,0.0,14.8,,,
2024-04-21,17.0,30.1,27,0.0,12.1,,,
2024-04-22,38.0,31.1,25,0.0,13.3,,,
2024-04-23,47.6,30.0,26,0.0,9.8,,,
2024-04-24,51.1,29.8,28,0.0,11.8,,,
2024-04-25,77.2,30.0,24,0.0,11.6,,,
2024-04-26,53.7,32.2,23,0.0,10.6,,,
2024-04-27,50.9,32.0,27,0.0,15.5,,,
2024-04-28,48.5,30.6,28,0.0,9.8,,,
2024-04-29,69.9,30.8,26,0.0,11.7,,,
2024-04-30,51.9,29.7,25,0.0,12.8,,,
2024-05-01,59.9,26.9,22,0.0,16.5,,,
2024-05-02,69.9,27.6,26,0.0,13.3,,,
2024-05-03,155.0,30.2,22,0.0,13.6,,,
2024-05-04,130.0,33.0,19,0.0,11.3,,,
2024-05-05,130.0,33.3,20,0.0,12.3,,,
2024-05-06,132.0,33.8,22,0.0,13.5,,,
2024-05-07,146.0,34.0,25,0.0,9.0,,,
2024-05-08,84.5,32.7,39,0.0,13.6,,,
2024-05-09,57.7,32.5,37,0.0,14.0,,,
2024-05-10,70.8,32.1,43,1.1,11.3,,,
2024-05-11,65.5,31.9,42,0.1,9.1,,,
2024-05-12,74.7,32.3,38,0.1,10.3,,,
2024-05-13,77.4,33.0,29,0.0,8.9,,,
2024-05-14,98.9,32.8,21,0.0,10.5,,,
2024-05-15,108.0,34.2,19,0.0,10.1,,,
2024-05-16,99.4,34.5,18,0.0,9.0,,,
2024-05-17,83.1,36.3,18,0.0,10.5,,,
2024-05-18,88.7,37.0,19,0.0,12.5,,,
2024-05-19,74.7,36.7,17,0.0,12.6,,,
2024-05-20,74.3,36.4,19,0.0,11.7,,,
2024-05-21,78.9,35.2,28,0.0,10.0,,,
2024-05-22,75.9,35.2,36,0.3,14.8,,,
2024-05-23,53.6,35.7,36,0.0,14.1,,,
2024-05-24,50.5,35.6,36,0.0,12.6,,,
2024-05-25,55.0,37.4,27,0.0,12.5,,,
2024-05-26,67.0,38.1,17,0.0,12.4,,,
2024-05-27,80.5,38.2,18,0.0,11.3,,,
2024-05-28,82.0,37.3,14,0.0,9.0,,,
2024-05-29,72.2,38.6,18,0.0,10.9,,,
2024-05-30,54.2,39.2,16,0.0,15.8,,,
2024-05-31,49.6,37.6,12,0.0,12.9,,,
2024-06-01,70.9,37.4,17,0.0,15.6,,,
2024-06-02,37.7,36.4,25,0.0,11.1,,,
2024-06-03,48.5,36.9,25,0.0,14.3,,,
2024-06-04,71.1,36.9,19,0.0,11.8,,,
2024-06-05,66.2,36.6,23,0.0,16.1,,,
2024-06-06,57.2,35.0,28,0.0,12.3,,,
2024-06-07,109.0,35.2,30,0.0,15.0,,,
2024-06-08,59.8,34.7,27,0.0,15.4,,,
2024-06-09,46.2,35.1,23,0.0,13.4,,,
2024-06-10,40.4,36.0,18,0.0,13.5,,,
2024-06-11,83.3,36.3,19,0.0,11.3,,,
2024-06-12,87.5,36.9,17,0.0,11.9,,,
2024-06-13,79.2,37.6,20,0.0,18.1,,,
2024-06-14,67.4,37.5,28,0.0,22.3,,,
2024-06-15,42.8,37.7,27,0.0,19.4,,,
2024-06-16,75.4,38.4,25,0.0,18.0,,,
2024-06-17,69.6,38.9,25,0.0,19.3,,,
2024-06-18,116.0,38.9,25,0.0,20.1,,,
2024-06-19,76.3,37.0,35,0.8,18.7,,,
2024-06-20,46.0,34.0,45,4.9,8.2,,,
2024-06-21,61.2,32.5,53,2.1,9.6,,,
2024-06-22,80.0,33.7,51,0.0,7.5,,,
2024-06-23,55.7,34.5,51,0.3,10.2,,,
2024-06-24,52.0,34.1,54,1.7,8.0,,,
2024-06-25,60.7,32.9,62,4.0,8.0,,,
2024-06-26,47.4,31.0,73,23.3,10.9,,,
2024-06-27,27.1,28.3,84,11.5,13.5,,,
2024-06-28,29.5,27.8,85,20.9,8.6,,,
2024-06-29,39.1,29.3,80,18.9,7.1,,,
2024-06-30,47.8,30.7,74,11.9,6.4,,,
2024-07-01,29.9,30.1,79,11.5,7.1,,,
2024-07-02,32.3,29.3,84,14.1,7.6,,,
2024-07-03,30.3,29.3,83,2.5,8.4,,,
2024-07-04,18.5,28.0,83,7.3,7.8,,,
2024-07-05,25.0,27.8,85,0.7,9.6,,,
2024-07-06,22.9,28.6,80,1.0,9.0,,,
2024-07-07,7.19,28.6,76,0.1,6.8,,,
2024-07-08,20.8,28.9,76,0.0,7.6,,,
2024-07-09,38.1,29.5,80,4.9,6.5,,,
2024-07-10,51.0,30.4,79,11.3,6.2,,,
2024-07-11,45.4,31.2,76,3.9,9.2,,,
2024-07-12,24.6,30.3,74,0.5,9.2,,,
2024-07-13,34.9,29.9,77,12.4,5.5,,,
2024-07-14,44.1,31.1,72,0.3,4.7,,,
2024-07-15,40.9,30.2,76,3.0,11.3,,,
2024-07-16,39.5,30.7,77,17.0,10.7,,,
2024-07-17,32.0,31.2,75,0.2,10.6,,,
2024-07-18,39.8,31.2,76,2.0,7.6,,,
2024-07-19,58.0,30.5,77,0.9,7.7,,,
2024-07-20,47.2,31.0,75,0.2,8.3,,,
2024-07-21,36.9,31.1,78,1.9,9.7,,,
2024-07-22,34.6,31.0,78,5.0,8.4,,,
2024-07-23,44.7,30.4,80,4.3,5.6,,,
2024-07-24,47.7,29.5,82,6.9,5.2,,,
2024-07-25,33.4,30.8,76,0.6,4.7,,,
2024-07-26,50.3,29.9,81,10.2,6.7,,,
2024-07-27,37.9,30.5,81,4.5,5.8,,,
2024-07-28,23.4,31.4,77,6.0,9.1,,,
2024-07-29,27.4,31.8,73,0.3,11.9,,,
2024-07-30,31.3,32.8,70,0.1,10.9,,,
2024-07-31,23.7,31.0,78,116.0,7.2,,,
2024-08-01,9.64,28.2,85,34.7,6.5,,,
2024-08-02,21.7,28.4,83,3.0,11.1,,,
2024-08-03,14.8,28.9,82,1.9,13.5,,,
2024-08-04,11.4,29.7,74,0.1,17.3,,,
2024-08-05,14.8,29.0,76,1.2,22.0,,,
2024-08-06,12.2,29.0,76,0.1,11.3,,,
2024-08-07,11.3,27.3,86,16.4,7.1,,,
2024-08-08,12.8,27.6,87,10.8,7.5,,,
2024-08-09,18.5,27.8,87,30.8,6.0,,,
2024-08-10,24.5,27.6,87,16.7,5.6,,,
2024-08-11,16.5,27.3,89,11.4,6.3,,,
2024-08-12,23.7,26.7,91,10.9,7.6,,,
2024-08-13,12.8,27.3,90,9.1,9.0,,,
2024-08-14,24.6,28.0,89,7.8,6.8,,,
2024-08-15,15.4,28.4,87,10.9,9.5,,,
2024-08-16,12.7,27.8,88,15.0,10.9,,,
2024-08-17,24.1,28.5,86,7.7,5.8,,,
2024-08-18,21.9,29.1,83,2.3,8.7,,,
2024-08-19,18.7,29.0,82,1.6,7.6,,,
2024-08-20,16.9,28.2,85,4.3,5.0,,,
2024-08-21,22.4,28.4,86,5.4,4.4,,,
2024-08-22,20.9,28.2,86,7.0,4.9,,,
2024-08-23,24.9,27.4,86,0.9,5.3,,,
2024-08-24,49.6,28.3,84,8.8,6.0,,,
2024-08-25,17.1,28.8,79,15.2,16.5,,,
2024-08-26,21.2,28.2,83,3.8,15.4,,,
2024-08-27,16.1,27.2,85,11.1,17.3,,,
2024-08-28,15.3,26.8,87,7.9,10.2,,,
2024-08-29,17.9,26.9,87,19.5,10.4,,,
2024-08-30,33.7,27.5,88,7.5,5.7,,,
2024-08-31,32.2,29.2,79,0.0,8.4,,,
2024-09-01,33.7,29.6,76,0.1,8.1,,,
2024-09-02,26.1,28.0,84,11.7,10.3,,,
2024-09-03,22.0,27.4,87,17.8,8.6,,,
2024-09-04,16.5,27.2,87,0.9,5.9,,,
2024-09-05,25.0,27.5,84,2.9,3.5,,,
2024-09-06,16.9,26.5,89,14.7,7.1,,,
2024-09-07,23.4,26.8,88,23.6,5.0,,,
2024-09-08,43.4,27.6,87,14.1,5.2,,,
2024-09-09,41.6,28.4,82,3.4,6.2,,,
2024-09-10,36.2,27.2,89,11.8,3.6,,,
2024-09-11,26.9,27.5,89,26.7,7.3,,,
2024-09-12,9.91,25.4,91,100.8,16.9,,,
2024-09-13,11.4,25.4,89,54.7,13.9,,,
2024-09-14,21.6,26.0,84,4.7,10.1,,,
2024-09-15,30.8,26.4,79,0.1,11.2,,,
2024-09-16,39.0,27.2,73,0.0,12.0,,,
2024-09-17,46.6,27.6,74,0.0,7.1,,,
2024-09-18,29.6,24.9,86,62.7,10.7,,,
2024-09-19,26.0,26.2,85,3.7,11.3,,,
2024-09-20,26.7,27.2,80,0.0,6.7,,,
2024-09-21,32.7,27.9,79,0.2,4.7,,,
2024-09-22,61.5,29.0,77,0.0,5.7,,,
2024-09-23,70.8,28.9,78,0.0,6.7,,,
2024-09-24,81.0,29.3,77,0.0,3.8,,,
2024-09-25,71.0,29.0,81,0.4,10.6,,,
2024-09-26,23.2,27.9,82,0.4,10.7,,,
2024-09-27,11.3,27.3,80,0.8,10.5,,,
2024-09-28,16.1,26.3,81,0.0,7.9,,,
2024-09-29,23.1,26.4,83,0.3,6.8,,,
2024-09-30,52.9,27.7,77,0.0,8.5,,,
2024-10-01,58.9,28.3,76,0.0,8.6,,,
2024-10-02,59.0,28.9,73,0.0,9.3,,,
2024-10-03,45.0,28.6,66,0.0,10.5,,,
2024-10-04,50.8,28.3,68,0.0,8.8,,,
2024-10-05,36.8,28.4,66,0.0,10.0,,,
2024-10-06,39.1,27.8,65,0.0,9.0,,,
2024-10-07,43.7,26.7,71,0.0,6.8,,,
2024-10-08,62.7,27.0,70,0.0,7.1,,,
2024-10-09,60.0,26.5,65,0.0,7.3,,,
2024-10-10,43.3,26.1,60,0.0,9.6,,,
2024-10-11,55.9,25.0,56,0.0,9.2,,,
2024-10-12,60.0,25.3,61,0.0,8.0,,,
2024-10-13,84.3,26.0,57,0.0,6.4,,,
2024-10-14,85.9,25.7,55,0.0,6.3,,,
2024-10-15,76.2,25.2,57,0.0,9.1,,,
2024-10-16,92.2,25.7,57,0.0,6.7,,,
2024-10-17,112.0,26.3,63,0.0,6.1,,,
2024-10-18,97.8,26.1,65,0.0,6.3,,,
2024-10-19,101.0,26.8,63,0.0,5.8,,,
2024-10-20,120.0,26.5,68,0.0,6.8,,,
2024-10-21,131.0,25.6,70,0.0,6.5,,,
2024-10-22,136.0,25.6,67,0.0,7.2,,,
2024-10-23,194.0,26.1,61,0.0,10.0,,,
2024-10-24,130.0,25.5,59,0.0,10.9,,,
2024-10-25,111.0,25.0,61,0.0,10.4,,,
2024-10-26,137.0,24.6,66,0.0,8.8,,,
2024-10-27,157.0,25.2,74,0.0,6.6,,,
2024-10-28,115.0,25.7,71,0.0,7.5,,,
2024-10-29,97.7,26.4,70,0.0,6.6,,,
2024-10-30,131.0,27.0,65,0.0,7.6,,,
2024-10-31,176.0,26.1,63,0.0,11.0,,,
2024-11-01,117.0,24.9,53,0.0,11.9,,,
2024-11-02,184.0,24.4,54,0.0,7.1,,,
2024-11-03,207.0,24.4,54,0.0,6.6,,,
2024-11-04,218.0,23.7,62,0.0,6.7,,,
2024-11-05,171.0,23.4,71,0.0,6.4,,,
2024-11-06,168.0,23.9,67,0.0,5.6,,,
2024-11-07,206.0,24.2,67,0.0,5.7,,,
2024-11-08,180.0,24.6,66,0.0,5.4,,,
2024-11-09,164.0,24.5,68,0.0,7.8,,,
2024-11-10,156.0,24.3,69,0.0,6.5,,,
2024-11-11,167.0,23.9,74,0.0,6.1,,,
2024-11-12,177.0,24.9,60,0.0,7.4,,,
2024-11-13,385.0,24.1,56,0.0,5.5,,,
2024-11-14,292.0,24.1,55,0.0,3.3,,,
2024-11-15,251.0,23.7,51,0.0,6.0,,,
2024-11-16,321.0,23.3,55,0.0,5.5,,,
2024-11-17,470.0,22.9,58,0.0,4.9,,,
2024-11-18,665.0,20.8,60,0.0,5.4,,,
2024-11-19,310.0,20.1,51,0.0,5.8,,,
2024-11-20,253.0,19.8,50,0.0,5.5,,,
2024-11-21,190.0,19.7,51,0.0,5.4,,,
2024-11-22,264.0,20.3,54,0.0,4.6,,,
2024-11-23,208.0,20.9,51,0.0,4.2,,,
2024-11-24,134.0,21.4,48,0.0,7.4,,,
2024-11-25,259.0,20.6,57,0.0,7.7,,,
2024-11-26,154.0,19.7,56,0.0,6.5,,,
2024-11-27,149.0,19.8,49,0.0,4.3,,,
2024-11-28,167.0,19.4,50,0.0,3.4,,,
2024-11-29,195.0,18.9,59,0.0,2.4,,,
2024-11-30,186.0,18.9,60,0.0,4.3,,,
2024-12-01,152.0,19.4,61,0.0,4.8,,,
2024-12-02,134.0,19.5,58,0.0,4.9,,,
2024-12-03,120.0,20.1,56,0.0,6.6,,,
2024-12-04,82.3,20.1,50,0.0,9.8,,,
2024-12-05,82.6,17.8,45,0.0,8.2,,,
2024-12-06,93.9,17.5,47,0.0,7.2,,,
2024-12-07,108.0,16.9,44,0.0,3.4,,,
2024-12-08,148.0,16.1,56,1.5,8.2,,,
2024-12-09,96.1,15.3,65,0.0,4.3,,,
2024-12-10,109.0,14.5,53,0.0,8.3,,,
2024-12-11,119.0,13.9,47,0.0,8.0,,,
2024-12-12,164.0,14.2,52,0.0,7.5,,,
2024-12-13,120.0,14.8,48,0.0,11.9,,,
2024-12-14,106.0,14.6,44,0.0,9.6,,,
2024-12-15,177.0,14.3,51,0.0,4.4,,,
2024-12-16,267.0,14.2,67,0.0,3.4,,,
2024-12-17,298.0,14.2,74,0.0,2.8,,,
2024-12-18,373.0,14.0,69,0.0,4.2,,,
2024-12-19,299.0,14.5,62,0.0,4.4,,,
2024-12-20,332.0,16.2,62,0.0,4.1,,,
2024-12-21,226.0,15.5,65,0.0,4.9,,,
2024-12-22,286.0,16.3,60,0.0,3.3,,,
2024-12-23,275.0,14.5,68,1.4,6.7,,,
2024-12-24,191.0,14.7,77,0.5,5.3,,,
2024-12-25,212.0,15.1,78,0.0,5.2,,,
2024-12-26,210.0,16.1,68,0.0,3.1,,,
2024-12-27,149.0,15.1,84,29.9,7.6,,,
2024-12-28,91.8,14.9,89,4.6,5.4,,,
2024-12-29,109.0,13.7,86,0.0,8.1,,,
2024-12-30,116.0,12.7,87,0.0,7.6,,,
2024-12-31,183.0,11.3,89,0.0,3.5,,,
2025-01-01,210.0,11.1,89,0.0,5.8,,,
2025-01-02,199.0,12.4,85,0.0,6.7,,,
2025-01-03,268.0,12.8,86,0.0,4.2,,,
2025-01-04,275.0,13.5,89,0.0,4.2,,,
2025-01-05,237.0,12.4,90,0.0,6.4,,,
2025-01-06,203.66666666666663,13.0,89,4.9,4.9,,,
2025-01-07,170.33333333333331,13.0,88,0.0,9.9,,,
2025-01-08,137.0,12.7,75,0.0,8.8,,,
2025-01-09,262.0,12.8,77,0.0,2.7,,,
2025-01-10,255.0,12.1,85,0.0,4.5,,,
2025-01-11,164.0,12.2,88,3.9,6.8,,,
2025-01-12,155.0,13.2,87,0.1,4.3,,,
2025-01-13,125.0,13.4,86,0.0,6.8,,,
2025-01-14,159.0,13.2,83,0.0,4.7,,,
2025-01-15,264.0,13.0,87,2.9,3.4,,,
2025-01-16,160.0,13.9,84,0.7,4.3,,,
2025-01-17,147.0,13.2,81,0.0,6.8,,,
2025-01-18,166.0,12.3,86,0.0,4.2,,,
2025-01-19,219.0,14.6,86,0.0,3.2,,,
2025-01-20,169.0,16.3,83,0.0,7.5,,,
2025-01-21,136.0,16.0,78,0.0,7.4,,,
2025-01-22,124.0,16.2,75,0.0,4.7,,,
2025-01-23,111.0,16.3,71,1.6,7.1,,,
2025-01-24,90.8,14.9,67,0.0,9.1,,,
2025-01-25,71.7,14.2,63,0.0,9.1,,,
2025-01-26,86.1,14.1,62,0.0,7.2,,,
2025-01-27,113.0,14.4,62,0.0,7.0,,,
2025-01-28,116.0,15.3,58,0.0,5.5,,,
2025-01-29,231.0,16.6,63,0.0,7.2,,,
2025-01-30,180.0,17.7,66,0.0,5.8,,,
2025-01-31,183.0,18.8,65,0.0,4.2,,,
2025-02-01,221.0,19.1,63,0.0,6.5,,,
2025-02-02,183.0,17.9,70,0.0,7.1,,,
2025-02-03,111.0,16.4,66,1.7,5.1,,,
2025-02-04,157.0,17.6,70,0.7,3.7,,,
2025-02-05,109.0,16.2,68,0.3,7.1,,,
2025-02-06,90.5,15.9,51,0.0,11.9,,,
2025-02-07,68.4,15.3,52,0.0,12.8,,,
2025-02-08,75.9,16.7,52,0.0,10.0,,,
2025-02-09,108.0,17.8,59,0.0,5.2,,,
2025-02-10,127.0,19.2,59,0.0,4.4,,,
2025-02-11,120.0,20.3,60,0.0,4.3,,,
2025-02-12,78.3,19.2,51,0.0,10.2,,,
2025-02-13,57.5,18.3,47,0.0,12.6,,,
2025-02-14,62.4,18.5,42,0.0,10.1,,,
2025-02-15,87.0,19.9,46,0.0,5.5,,,
2025-02-16,146.0,20.4,52,0.0,4.1,,,
2025-02-17,92.4,21.7,52,0.0,2.6,,,
2025-02-18,81.9,20.9,53,0.0,5.5,,,
2025-02-19,76.6,20.6,51,1.0,5.6,,,
2025-02-20,53.5,19.0,69,7.1,11.7,,,
2025-02-21,83.9,19.0,71,0.4,5.8,,,
2025-02-22,63.2,18.3,66,0.0,8.3,,,
2025-02-23,66.6,18.9,62,0.0,5.6,,,
2025-02-24,84.0,20.1,57,0.0,5.3,,,
2025-02-25,87.7,21.4,54,0.0,4.2,,,
2025-02-26,108.0,23.7,55,0.0,4.7,,,
2025-02-27,63.0,21.1,70,1.0,8.5,,,
2025-02-28,52.8,20.0,73,3.3,9.5,,,
2025-03-01,58.1,19.5,81,7.7,7.4,,,
2025-03-02,44.5,19.1,67,0.0,7.4,,,
2025-03-03,60.0,19.8,59,0.0,5.3,,,
2025-03-04,49.3,19.8,60,0.0,10.9,,,
2025-03-05,30.5,17.8,45,0.0,17.6,,,
2025-03-06,47.1,19.6,41,0.0,10.1,,,
2025-03-07,91.4,20.9,44,0.0,5.2,,,
2025-03-08,67.6,22.4,43,0.0,6.8,,,
2025-03-09,81.9,24.7,43,0.0,6.2,,,
2025-03-10,88.6,25.2,46,0.0,8.5,,,
2025-03-11,100.0,26.9,46,0.0,3.9,,,
2025-03-12,96.0,26.4,50,0.0,7.6,,,
2025-03-13,78.8,25.2,53,5.9,5.6,,,
2025-03-14,71.8,25.7,51,0.0,6.0,,,
2025-03-15,26.5,24.1,55,0.5,9.1,,,
2025-03-16,45.7,23.7,48,0.1,7.4,,,
2025-03-17,53.9,23.1,44,0.0,8.1,,,
2025-03-18,59.9,23.6,43,0.0,8.0,,,
2025-03-19,73.0,25.2,37,0.0,6.3,,,
2025-03-20,51.6,26.2,32,0.0,6.4,,,
2025-03-21,69.2,25.4,32,0.0,8.9,,,
2025-03-22,61.5,25.2,33,0.0,8.2,,,
2025-03-23,63.5,26.0,34,0.0,5.1,,,
2025-03-24,71.4,27.2,32,0.0,4.9,,,
2025-03-25,89.0,28.7,32,0.0,6.1,,,
2025-03-26,81.7,30.0,29,0.0,5.3,,,
2025-03-27,73.4,30.1,27,0.0,6.4,,,
2025-03-28,54.0,26.1,25,0.0,12.1,,,
2025-03-29,37.8,23.0,22,0.0,13.1,,,
2025-03-30,41.9,24.8,22,0.0,9.9,,,
2025-03-31,76.3,26.2,21,0.0,8.5,,,
2025-04-01,73.0,26.5,21,0.0,8.1,,,
2025-04-02,95.0,27.7,22,0.0,5.4,,,
2025-04-03,60.5,29.6,19,0.0,4.6,,,
2025-04-04,65.6,30.1,18,0.0,7.2,,,
2025-04-05,63.7,29.0,22,0.0,8.5,,,
2025-04-06,75.1,30.5,22,0.0,5.8,,,
2025-04-07,87.8,32.5,22,0.0,4.9,,,
2025-04-08,92.6,32.8,22,0.0,6.5,,,
2025-04-09,96.3,33.5,25,0.0,6.9,,,
2025-04-10,67.5,31.5,33,1.4,7.1,,,
2025-04-11,46.8,26.3,60,8.1,11.6,,,
2025-04-12,48.6,26.3,57,1.1,5.0,,,
2025-04-13,52.6,28.3,47,0.0,3.4,,,
2025-04-14,67.0,29.3,42,0.0,6.4,,,
2025-04-15,63.8,30.8,37,0.0,7.3,,,
2025-04-16,82.1,32.2,34,0.0,6.4,,,
2025-04-17,68.5,33.3,32,0.0,8.1,,,
2025-04-18,87.4,32.9,40,0.0,7.9,,,
2025-04-19,52.5,32.6,41,0.0,11.9,,,
2025-04-20,53.0,33.1,37,0.0,9.5,,,
2025-04-21,69.3,33.8,23,0.0,6.8,,,
2025-04-22,81.7,32.6,10,0.0,8.8,,,
2025-04-23,71.2,32.2,11,0.0,8.5,,,
2025-04-24,90.8,32.8,11,0.0,7.0,,,
2025-04-25,86.3,33.8,13,0.0,6.7,,,
2025-04-26,117.0,34.3,13,0.0,8.1,,,
2025-04-27,92.0,34.5,14,0.0,5.0,,,
2025-04-28,153.0,33.0,20,0.0,7.8,,,
2025-04-29,86.3,31.3,35,0.0,10.5,,,
2025-04-30,86.2,31.5,37,0.0,9.1,,,
2025-05-01,78.1,31.8,36,0.0,10.1,,,
2025-05-02,40.0,26.2,65,12.4,8.4,,,
2025-05-03,68.7,28.3,54,3.4,5.3,,,
2025-05-04,81.8,29.9,49,2.0,5.0,,,
2025-05-05,37.2,28.5,58,0.1,8.3,,,
2025-05-06,50.2,27.4,62,0.4,7.5,,,
2025-05-07,52.0,27.8,62,0.5,7.4,,,
2025-05-08,70.7,28.3,61,2.7,5.9,,,
2025-05-09,72.3,30.7,49,1.1,5.6,,,
2025-05-10,56.6,30.9,52,1.5,4.5,,,
2025-05-11,40.9,31.7,49,0.0,5.6,,,
2025-05-12,43.9,33.0,35,0.0,6.5,,,
2025-05-13,27.5,34.7,24,0.0,10.0,,,
2025-05-14,66.0,35.3,21,0.0,9.0,,,
2025-05-15,211.0,36.2,21,0.0,6.7,,,
2025-05-16,80.9,35.8,24,0.0,10.0,,,
2025-05-17,36.3,35.7,28,0.0,9.9,,,
2025-05-18,57.2,35.2,31,0.0,9.6,,,
2025-05-19,74.0,34.5,45,0.0,8.7,,,
2025-05-20,70.8,34.9,45,0.0,9.6,,,
2025-05-21,59.5,34.8,45,0.0,9.9,,,
2025-05-22,25.5,31.4,55,0.0,11.0,,,
2025-05-23,41.4,32.3,52,1.5,11.7,,,
2025-05-24,53.1,33.4,48,0.4,12.8,,,
2025-05-25,24.1,28.4,66,0.4,8.5,,,
2025-05-26,46.7,29.8,65,1.8,7.5,,,
2025-05-27,44.0,31.2,62,0.0,5.4,,,
2025-05-28,53.1,33.2,55,0.0,5.4,,,
2025-05-29,51.1,33.6,52,0.3,5.8,,,
2025-05-30,58.5,31.6,49,0.0,5.5,,,
2025-05-31,63.4,31.9,48,1.0,6.4,,,
2025-06-01,46.1,31.0,48,4.2,9.7,,,
2025-06-02,40.6,30.9,48,0.3,5.7,,,
2025-06-03,38.2,30.2,46,0.0,5.9,,,
2025-06-04,48.5,28.8,55,0.3,5.6,,,
2025-06-05,42.1,30.9,46,0.0,4.0,,,
2025-06-06,41.2,32.7,40,0.0,5.5,,,
2025-06-07,60.2,34.7,37,0.0,6.9,,,
2025-06-08,60.2,36.6,35,0.0,7.3,,,
2025-06-09,64.5,37.5,29,0.0,9.6,,,
2025-06-10,55.1,37.4,22,0.0,9.1,,,
2025-06-11,70.4,37.1,32,0.0,7.9,,,
2025-06-12,69.1,36.8,45,0.5,7.7,,,
2025-06-13,54.5,36.0,48,0.0,9.3,,,
2025-06-14,59.0,36.2,47,0.3,7.1,,,
2025-06-15,38.3,33.8,53,1.3,8.1,,,
2025-06-16,41.0,29.4,81,25.6,6.1,,,
2025-06-17,32.7,29.1,82,16.9,6.0,,,
2025-06-18,39.9,28.9,79,5.3,4.6,,,
2025-06-19,32.2,29.7,77,0.1,6.2,,,
2025-06-20,26.0,28.7,84,1.2,7.8,,,
2025-06-21,29.3,30.4,77,1.6,4.9,,,
2025-06-22,33.0,31.0,74,0.8,5.1,,,
2025-06-23,39.6,31.5,74,0.1,5.1,,,
2025-06-24,42.0,31.2,75,1.1,4.7,,,
2025-06-25,54.3,29.1,84,12.9,9.1,,,
2025-06-26,29.0,30.6,76,11.5,8.6,,,
2025-06-27,21.1,30.7,75,0.5,6.9,,,
2025-06-28,25.8,30.8,74,8.3,4.6,,,
2025-06-29,35.5,29.5,79,16.2,5.9,,,
2025-06-30,28.1,27.8,87,17.3,5.1,,,
2025-07-01,26.5,28.7,84,9.1,4.9,,,
2025-07-02,25.0,29.9,81,1.1,6.2,,,
2025-07-03,27.6,30.1,78,0.9,7.2,,,
2025-07-04,25.9,30.3,78,0.3,5.1,,,
2025-07-05,30.4,30.9,77,3.4,4.0,,,
2025-07-06,30.4,31.0,74,7.4,4.2,,,
2025-07-07,15.1,29.0,83,13.5,3.4,,,
2025-07-08,28.4,30.9,76,0.0,4.8,,,
2025-07-09,12.2,29.2,82,14.9,3.7,,,
2025-07-10,13.6,27.5,85,3.6,4.0,,,
2025-07-11,29.9,28.4,83,0.4,2.2,,,
2025-07-12,30.0,29.3,80,2.7,2.6,,,
2025-07-13,27.9,28.2,87,18.6,5.0,,,
2025-07-14,18.1,28.0,85,17.6,12.8,,,
2025-07-15,15.5,28.0,84,7.3,13.4,,,
2025-07-16,25.0,28.7,83,8.2,8.1,,,
2025-07-17,18.8,28.5,82,1.4,7.8,,,
2025-07-18,22.2,28.5,80,4.1,12.8,,,
2025-07-19,18.0,29.0,77,0.0,10.8,,,
2025-07-20,21.0,30.1,73,0.0,5.7,,,
2025-07-21,30.9,28.9,78,0.4,4.2,,,
2025-07-22,31.0,30.1,74,0.2,3.9,,,
2025-07-23,16.9,29.8,78,1.2,5.9,,,
2025-07-24,28.3,30.7,72,1.5,7.1,,,
2025-07-25,33.0,31.8,68,0.5,6.3,,,
2025-07-26,22.9,31.0,73,2.3,4.8,,,
2025-07-27,24.4,32.1,68,0.9,6.7,,,
2025-07-28,32.1,32.1,67,1.6,4.7,,,
2025-07-29,17.8,29.2,82,3.8,5.0,,,
2025-07-30,18.9,27.9,88,15.3,7.8,,,
2025-07-31,15.0,27.7,88,29.2,5.9,,,
2025-08-01,16.2,28.3,85,7.5,4.4,,,
2025-08-02,22.8,29.1,79,0.9,6.7,,,
2025-08-03,24.9,29.7,77,0.7,7.7,,,
2025-08-04,25.5,28.6,82,0.1,7.5,,,
2025-08-05,23.5,27.9,84,8.3,6.9,,,
2025-08-06,27.3,28.7,80,0.5,5.6,,,
2025-08-07,22.7,29.9,72,0.0,8.5,,,
2025-08-08,24.8,29.9,70,0.0,7.4,,,
2025-08-09,17.8,27.8,84,8.9,4.3,,,
2025-08-10,29.4,28.9,83,1.7,3.2,,,
2025-08-11,27.1,29.8,78,1.6,7.3,,,
2025-08-12,28.5,29.2,80,3.9,5.9,,,
2025-08-13,31.5,30.3,74,0.0,5.9,,,
2025-08-14,17.8,27.8,88,8.2,4.9,,,
2025-08-15,41.4,28.4,86,4.6,3.8,,,
2025-08-16,41.7,28.6,87,4.1,4.8,,,
2025-08-17,29.4,29.0,86,3.6,6.1,,,
2025-08-18,29.5,29.2,83,9.0,8.2,,,
2025-08-19,24.9,29.2,82,5.4,7.3,,,
2025-08-20,20.0,29.3,79,5.6,9.6,,,
2025-08-21,24.1,29.7,78,13.8,6.5,,,
2025-08-22,41.7,30.3,75,3.3,4.1,,,
2025-08-23,25.7,28.3,84,13.2,5.2,,,
2025-08-24,21.8,27.6,87,11.8,8.2,,,
2025-08-25,19.0,26.6,89,19.7,11.8,,,
2025-08-26,11.7,27.2,89,6.7,11.5,,,
2025-08-27,26.2,28.4,86,1.4,5.6,,,
2025-08-28,44.9,28.6,86,15.5,5.3,,,
2025-08-29,33.9,27.9,88,12.6,8.0,,,
2025-08-30,22.7,28.4,84,3.8,7.9,,,
2025-08-31,20.1,26.7,90,13.1,8.5,,,
2025-09-01,9.13,25.4,92,31.5,11.0,,,
2025-09-02,9.29,25.0,93,21.7,12.9,,,
2025-09-03,15.1,26.2,89,14.7,7.5,,,
2025-09-04,19.0,27.1,87,17.7,5.8,,,
2025-09-05,22.0,27.6,85,4.8,9.9,,,
2025-09-06,25.5,27.7,85,13.3,10.2,,,
2025-09-07,24.1,28.0,85,2.3,7.7,,,
2025-09-08,18.6,28.6,81,0.7,3.8,,,
2025-09-09,19.6,29.0,76,0.4,7.5,,,
2025-09-10,19.4,29.2,73,0.0,11.0,,,
2025-09-11,21.6,28.9,69,0.0,10.1,,,
2025-09-12,21.8,29.4,67,0.2,7.6,,,
2025-09-13,21.6,30.8,60,0.9,6.1,,,
2025-09-14,29.0,31.9,57,0.2,6.4,,,
2025-09-15,26.0,32.3,54,0.0,7.4,,,
2025-09-16,31.3,31.7,56,0.1,6.6,,,
2025-09-17,42.0,31.2,61,0.2,5.1,,,
2025-09-18,43.6,30.2,67,1.6,5.3,,,
2025-09-19,42.8,31.1,62,0.7,6.3,,,
2025-09-20,34.7,31.5,56,0.0,8.3,,,
2025-09-21,32.7,31.2,53,0.0,9.3,,,
2025-09-22,32.0,31.6,51,0.0,10.0,,,
2025-09-23,28.0,31.5,47,0.0,10.6,,,
2025-09-24,27.4,31.0,50,0.0,9.9,,,
2025-09-25,28.1,31.1,52,0.0,8.8,,,
2025-09-26,30.1,31.6,52,0.0,8.5,,,
2025-09-27,58.3,32.6,54,0.1,3.9,,,
2025-09-28,29.1,32.3,60,0.0,8.7,,,
2025-09-29,34.6,32.0,58,0.2,6.5,,,
2025-09-30,33.7,30.6,64,8.0,4.3,,,
2025-10-01,40.6,28.3,74,2.8,4.3,,,
2025-10-02,37.2,28.4,72,1.0,5.7,,,
2025-10-03,26.6,29.1,71,0.0,5.2,,,
2025-10-04,57.9,30.3,60,0.1,6.9,,,
2025-10-05,57.0,29.2,60,0.7,7.3,,,
2025-10-06,23.9,24.0,85,14.6,5.9,,,
2025-10-07,19.5,23.4,87,5.2,6.2,,,
2025-10-08,36.9,22.7,86,0.2,4.6,,,
2025-10-09,43.2,23.8,75,0.4,6.8,,,
2025-10-10,65.2,23.5,68,0.0,4.7,,,
2025-10-11,68.8,23.9,68,0.0,5.8,,,
2025-10-12,63.9,25.2,63,0.0,6.2,,,
2025-10-13,72.3,25.8,59,0.0,3.4,,,
2025-10-14,74.6,26.4,52,0.0,3.2,,,
2025-10-15,76.2,26.7,49,0.0,2.7,,,
2025-10-16,88.6,26.1,51,0.0,4.1,,,
2025-10-17,101.0,26.5,54,0.0,4.2,,,
2025-10-18,111.0,27.2,53,0.0,3.0,,,
2025-10-19,129.0,27.9,52,0.0,2.3,,,
2025-10-20,182.0,28.1,49,0.0,3.9,,,
2025-10-21,129.0,26.9,57,0.4,4.4,,,
2025-10-22,202.0,27.6,53,0.0,4.5,,,
2025-10-23,123.0,26.6,42,0.0,5.9,,,
2025-10-24,103.0,25.9,46,0.0,3.8,,,
2025-10-25,118.0,25.7,45,0.0,3.3,,,
2025-10-26,120.0,25.5,46,0.0,3.7,,,
2025-10-27,137.0,24.2,56,0.0,6.2,,,
2025-10-28,127.0,23.3,72,0.0,4.2,,,
2025-10-29,151.0,24.8,66,0.0,4.0,,,
2025-10-30,187.0,24.5,74,0.1,3.7,,,
2025-10-31,93.2,25.3,75,0.1,4.6,,,
2025-11-01,213.0,25.1,62,0.0,6.4,,,
2025-11-02,177.0,23.7,59,0.0,7.8,,,
2025-11-03,124.0,23.5,53,0.0,7.5,,,
2025-11-04,99.2,23.4,60,0.0,5.5,,,
2025-11-05,107.0,23.9,62,0.0,6.8,,,
2025-11-06,186.0,20.7,49,0.0,8.8,,,
2025-11-07,215.0,20.3,47,0.0,8.2,,,
2025-11-08,251.0,20.0,45,0.0,7.1,,,
2025-11-09,213.0,20.1,46,0.0,7.0,,,
2025-11-10,279.0,20.1,46,0.0,5.6,,,
2025-11-11,297.0,20.1,47,0.0,6.8,,,
2025-11-12,326.0,20.4,48,0.0,7.6,,,
2025-11-13,287.0,19.3,52,0.0,6.7,,,
2025-11-14,228.0,19.2,50,0.0,6.5,,,
2025-11-15,199.0,19.3,50,0.0,6.5,,,
2025-11-16,170.0,19.1,50,0.0,6.7,,,
2025-11-17,156.0,19.0,50,0.0,4.5,,,
2025-11-18,208.0,19.4,58,0.0,4.1,,,
2025-11-19,239.0,19.7,63,0.0,3.2,,,
2025-11-20,220.0,20.0,64,0.0,3.5,,,
2025-11-21,163.0,20.3,61,0.0,3.0,,,
2025-11-22,180.0,20.3,57,0.0,3.7,,,
2025-11-23,223.0,19.3,56,0.0,4.1,,,
2025-11-24,221.0,18.4,58,0.0,4.1,,,
2025-11-25,192.0,17.4,58,0.0,5.7,,,
2025-11-26,164.0,17.3,57,0.0,3.6,,,
2025-11-27,221.0,18.1,55,0.0,2.1,,,
2025-11-28,221.0,18.0,60,0.0,5.1,,,
2025-11-29,146.0,19.0,54,0.0,7.3,,,
2025-11-30,155.0,17.3,49,0.0,7.4,,,
2025-12-01,152.0,16.9,49,0.0,3.6,,,
2025-12-02,236.0,18.3,57,0.0,4.2,,,
2025-12-03,174.0,16.2,55,0.0,6.1,,,
2025-12-04,173.0,15.2,56,0.0,7.1,,,
2025-12-05,178.0,15.0,56,0.0,5.2,,,
2025-12-06,169.0,16.2,53,0.0,9.4,,,
2025-12-07,161.0,17.0,56,0.0,8.7,,,
2025-12-08,152.0,18.0,53,0.0,9.5,,,
2025-12-09,130.0,17.5,54,0.0,9.9,,,
2025-12-10,129.0,17.5,57,0.0,7.6,,,
2025-12-11,143.0,17.3,60,0.0,5.7,,,
2025-12-12,191.0,17.2,63,0.0,3.6,,,
2025-12-13,357.0,17.8,66,0.0,2.4,,,
2025-12-14,384.0,17.7,70,0.0,2.0,,,
2025-12-15,270.0,16.6,72,0.0,5.6,,,
2025-12-16,184.0,17.0,69,0.0,9.5,,,
2025-12-17,184.0,17.0,70,0.0,8.1,,,
2025-12-18,301.0,16.4,74,0.0,5.4,,,
2025-12-19,232.0,15.7,78,0.0,5.8,,,
2025-12-20,275.0,15.0,78,0.0,4.0,,,
2025-12-21,239.0,14.4,84,0.0,4.3,,,
2025-12-22,290.0,15.4,83,0.0,3.2,,,
2025-12-23,283.0,16.5,81,0.0,7.9,,,
2025-12-24,108.0,15.8,69,0.0,8.8,,,
2025-12-25,104.0,14.7,64,0.0,5.4,,,
2025-12-26,173.0,15.2,67,0.0,4.7,,,
2025-12-27,264.0,14.8,77,0.0,4.8,,,
2025-12-28,247.0,14.6,78,0.0,4.3,,,
2025-12-29,285.0,14.1,81,0.0,3.3,,,
2025-12-30,247.0,14.2,79,0.0,4.6,,,
2025-12-31,275.0,13.2,84,0.0,6.6,,,
2026-01-01,234.0,13.3,90,1.6,5.5,,,
2026-01-02,96.1,14.0,78,0.0,7.4,,,
2026-01-03,146.0,13.2,77,0.0,3.9,,,
2026-01-04,139.0,12.4,79,0.0,5.0,,,
2026-01-05,132.0,12.4,79,0.0,5.4,,,
2026-01-06,186.0,12.0,85,0.0,5.8,,,
2026-01-07,155.0,10.8,89,0.0,6.2,,,
2026-01-08,168.0,10.1,88,0.0,4.7,,,
2026-01-09,215.0,11.4,83,0.7,3.5,,,
2026-01-10,171.0,11.3,81,0.0,6.1,,,
2026-01-11,158.0,10.6,76,0.0,7.8,,,
2026-01-12,167.0,10.6,70,0.0,5.0,,,
2026-01-13,260.0,11.1,75,0.0,4.6,,,
2026-01-14,237.0,10.7,76,0.0,6.6,,,
2026-01-15,217.0,11.1,76,0.0,6.5,,,
2026-01-16,220.0,12.6,68,0.0,4.4,,,
2026-01-17,368.0,14.4,70,0.0,2.7,,,
2026-01-18,291.0,14.8,77,0.0,4.2,,,
2026-01-19,274.0,17.2,61,0.0,3.6,,,
2026-01-20,213.0,17.2,61,0.0,6.0,,,
2026-01-21,175.0,16.3,65,0.0,5.4,,,
2026-01-22,178.0,17.4,61,0.0,5.8,,,
2026-01-23,137.0,15.2,83,23.9,12.4,,,
2026-01-24,72.4,12.1,69,0.0,9.2,,,
2026-01-25,89.3,10.8,74,0.0,7.4,,,
2026-01-26,112.0,12.4,77,0.0,3.0,,,
2026-01-27,154.0,14.4,83,12.3,8.6,,,
2026-01-28,130.0,14.3,85,7.6,5.4,,,
2026-01-29,117.0,13.4,86,0.0,6.8,,,
2026-01-30,125.0,13.8,82,0.0,4.5,,,
2026-01-31,189.0,14.1,87,0.0,5.5,,,
2026-02-01,96.0,16.1,83,13.2,5.8,,,
2026-02-02,137.0,15.2,89,0.0,5.2,,,
2026-02-03,134.0,14.6,82,0.0,4.1,,,
2026-02-04,189.0,15.0,77,0.0,6.3,,,
2026-02-05,123.0,15.3,72,0.0,8.5,,,
2026-02-06,112.0,16.3,68,0.0,9.2,,,
2026-02-07,107.0,17.5,68,0.0,9.5,,,
2026-02-08,88.7,16.7,62,0.0,7.5,,,
2026-02-09,116.0,17.0,61,0.0,4.7,,,
2026-02-10,121.0,18.8,60,0.0,4.9,,,
2026-02-11,140.0,20.5,58,0.0,7.0,,,
2026-02-12,75.0,18.9,54,0.0,7.9,,,
2026-02-13,84.6,19.0,53,0.0,5.7,,,
2026-02-14,118.0,19.8,52,0.0,6.4,,,
2026-02-15,90.3,20.8,53,0.0,6.1,,,
2026-02-16,109.0,21.9,50,0.0,4.7,,,
2026-02-17,78.4,21.9,54,0.0,7.9,,,
2026-02-18,84.3,18.9,73,0.9,4.0,,,
2026-02-19,90.3,19.8,67,0.0,3.3,,,
2026-02-20,93.8,21.0,64,0.0,5.4,,,
2026-02-21,107.0,20.8,62,0.0,7.0,,,
2026-02-22,101.0,21.6,55,0.0,5.6,,,
2026-02-23,89.2,22.3,53,0.0,4.1,,,
2026-02-24,108.0,22.4,52,0.0,4.6,,,
2026-02-25,90.0,22.2,48,0.0,5.8,,,
2026-02-26,76.0,22.5,45,0.0,7.7,,,
2026-02-27,69.8,23.7,42,0.0,5.8,,,
2026-02-28,83.1,25.9,41,0.0,5.8,,,
2026-03-01,78.8,23.9,46,0.0,9.0,,,
2026-03-02,91.2,23.9,44,0.0,10.2,,,
2026-03-03,83.3,24.6,41,0.0,12.1,,,
2026-03-04,67.1,25.9,43,0.0,11.3,,,
2026-03-05,63.1,27.2,47,0.0,11.6,,,
2026-03-06,76.6,27.0,46,0.0,6.1,,,
2026-03-07,97.4,27.6,53,0.0,4.1,,,
2026-03-08,96.8,28.3,47,0.0,5.7,,,
2026-03-09,101.0,28.0,49,0.0,6.9,,,
2026-03-10,100.0,28.6,51,0.0,3.7,,,
2026-03-11,86.5,28.7,39,0.0,7.3,,,
2026-03-12,77.5,28.3,33,0.0,8.0,,,
2026-03-13,69.2,27.0,44,0.0,9.2,,,
2026-03-14,66.7,26.8,35,0.0,6.8,,,
2026-03-15,44.5,23.1,56,2.6,11.3,,,
2026-03-16,39.7,23.3,50,0.3,11.1,,,
2026-03-17,71.2,24.2,50,0.0,5.8,,,
2026-03-18,80.0,24.1,57,3.7,5.5,,,
2026-03-19,50.3,22.1,66,3.4,8.0,,,
2026-03-20,42.8,18.0,86,2.8,5.1,,,
2026-03-21,52.9,19.7,77,0.0,5.0,,,
2026-03-22,58.3,21.7,66,0.0,6.7,,,
2026-03-23,49.6,21.9,70,9.6,5.3,,,
2026-03-24,64.7,23.5,64,0.0,6.5,,,
2026-03-25,79.3,24.9,50,0.0,5.8,,,
2026-03-26,58.7,27.7,43,0.0,6.3,,,
2026-03-27,46.7,25.7,49,0.6,7.6,,,
2026-03-28,66.9,27.1,44,0.0,5.5,,,
2026-03-29,73.3,28.1,47,0.0,7.7,,,
2026-03-30,54.8,26.9,50,0.2,8.2,,,
2026-03-31,49.0,26.2,54,0.3,4.9,,,
2026-04-01,42.0,26.4,51,0.0,4.4,,,
2026-04-02,71.5,28.3,47,0.0,4.7,,,
2026-04-03,81.3,25.8,54,0.4,8.9,,,
2026-04-04,48.7,24.5,64,2.3,4.7,,,
2026-04-05,44.3,24.3,57,0.9,5.3,,,
2026-04-06,37.0,25.9,39,0.0,6.5,,,
2026-04-07,39.8,22.7,57,8.4,8.6,,,
2026-04-08,29.9,20.4,73,4.1,6.6,,,
2026-04-09,39.2,22.6,61,0.0,6.2,,,
2026-04-10,46.0,24.8,43,0.0,12.5,,,
2026-04-11,40.5,27.6,33,0.0,10.3,,,
2026-04-12,49.8,28.6,31,0.0,9.1,,,
2026-04-13,50.0,28.6,28,0.0,9.1,,,
2026-04-14,50.8,30.7,25,0.0,7.1,,,
2026-04-15,70.9,31.7,22,0.0,8.1,,,
2026-04-16,87.9,33.0,22,0.0,5.6,,,
2026-04-17,82.7,32.5,25,0.0,7.7,,,
2026-04-18,63.0,32.7,29,0.0,6.1,,,
2026-04-19,108.0,33.5,22,0.0,8.0,,,
2026-04-20,58.8,33.0,22,0.0,9.8,,,
2026-04-21,62.6,32.8,18,0.0,11.1,,,
2026-04-22,78.2,33.5,21,0.0,9.5,,,
2026-04-23,59.7,34.2,18,0.0,9.0,,,
2026-04-24,91.9,34.8,23,0.0,6.6,,,
2026-04-25,79.6,35.7,23,0.0,9.3,,,
2026-04-26,84.7,35.5,23,0.0,9.8,,,
2026-04-27,75.4,35.6,22,0.0,10.2,,,
2026-04-28,59.6,33.2,31,0.0,7.5,,,
2026-04-29,52.5,31.9,37,0.0,5.8,,,
2026-04-30,45.4,30.8,41,0.9,8.4,,,
2026-05-01,,29.2,49,0.0,8.3,,,
2026-05-02,,31.4,42,2.3,8.1,,,
2026-05-03,,30.6,44,0.0,11.9,,,
2026-05-04,17.0,25.5,65,5.5,11.6,,,
2026-05-05,33.8,26.0,66,1.3,5.9,,,
2026-05-06,52.5,28.6,48,0.0,4.8,,,
2026-05-07,34.0,27.1,50,0.1,13.1,,,
2026-05-08,36.5,28.2,54,0.4,10.3,,,
2026-05-09,48.0,30.3,46,0.0,8.0,,,
2026-05-10,51.3,31.5,43,0.0,8.0,,,
2026-05-11,59.8,32.5,41,0.0,6.8,,,
2026-05-12,62.0,32.4,45,7.0,10.7,,,
2026-05-13,57.3,32.7,47,0.3,6.9,,,
2026-05-14,46.1,33.3,40,0.2,6.4,,,
2026-05-15,46.5,34.4,31,0.0,9.1,,,
2026-05-16,64.2,35.0,29,0.0,8.6,,,
2026-05-17,62.4,36.2,26,0.1,11.2,,,
2026-05-18,57.2,37.1,25,0.0,10.5,,,
2026-05-19,55.5,38.2,18,0.0,10.3,,,
2026-05-20,41.6,37.9,20,0.0,9.1,,,
2026-05-21,51.8,37.8,22,0.0,13.7,,,
2026-05-22,74.1,37.3,19,0.0,10.4,,,
2026-05-23,59.2,36.7,22,0.0,9.9,,,
2026-05-24,58.6,36.8,22,0.0,9.0,,,
2026-05-25,79.9,37.9,19,0.0,11.1,,,
2026-05-26,65.4,37.5,17,0.0,9.6,,,
2026-05-27,68.5,37.9,17,0.0,9.0,,,
2026-05-28,68.3,34.1,39,3.2,8.9,,,
2026-05-29,29.5,30.1,56,1.0,10.4,,,
2026-05-30,27.5,27.9,64,4.7,9.3,,,
2026-05-31,25.1,27.5,64,0.8,7.6,,,
2026-06-01,33.9,28.6,62,1.1,6.0,,,
2026-06-02,39.0,30.7,52,1.0,6.2,,,
2026-06-03,59.7,33.8,43,0.7,5.2,,,
2026-06-04,50.3,32.9,44,0.6,8.3,,,
2026-06-05,47.7,30.3,57,2.1,5.3,,,
2026-06-06,57.7,34.1,44,0.0,6.1,,,
2026-06-07,36.0,33.4,43,0.4,9.0,,,
2026-06-08,39.1,36.5,31,0.0,10.7,,,
2026-06-09,42.0,37.4,28,0.0,10.4,,,
2026-06-10,47.3,37.9,28,0.4,9.6,,,
2026-06-11,38.9,33.8,47,0.2,12.3,,,
2026-06-12,25.7,27.4,75,8.1,12.6,,,
2026-06-13,38.3,28.7,68,0.7,3.9,,,
2026-06-14,54.2,31.3,60,0.5,4.7,,,
2026-06-15,34.4,30.3,54,1.3,7.8,,,
2026-06-16,37.8,28.2,64,0.6,6.3,,,
2026-06-17,44.7,31.4,53,0.0,5.4,,,
2026-06-18,54.0,34.6,42,0.1,8.2,,,
2026-06-19,40.9,33.9,41,0.0,9.2,,,
2026-06-20,47.9,34.3,42,0.5,9.2,,,
2026-06-21,39.2,34.1,39,0.0,9.4,,,
2026-06-22,35.0,33.1,41,0.4,9.7,,,
2026-06-23,47.8,33.4,43,1.4,6.7,,,
2026-06-24,32.3,32.5,47,0.6,7.3,,,
2026-06-25,40.2,34.5,44,0.8,5.0,,,
2026-06-26,30.1,35.0,44,1.2,4.5,,,
2026-06-27,49.3,35.5,46,1.0,5.5,,,
2026-06-28,53.9,36.7,43,1.0,8.0,,,
2026-06-29,42.6,37.1,40,1.4,8.8,,,
2026-06-30,53.4,34.2,54,4.4,10.3,,,
2026-07-01,39.1,30.2,74,1.8,8.3,,,
2026-07-02,33.1,28.9,78,6.8,4.9,,,
2026-07-03,47.6,31.1,71,0.5,5.3,,,
2026-07-04,58.8,32.2,69,1.4,4.0,,,
2026-07-05,54.4,31.3,76,3.7,5.2,,,
2026-07-06,36.0,32.1,71,0.5,4.2,,,
2026-07-07,32.5,29.4,85,8.4,4.8,,,
2026-07-08,30.0,27.2,91,11.8,8.0,,,
2026-07-09,6.42,26.4,91,99.8,10.3,,,
2026-07-10,22.0,29.3,81,0.6,7.4,,,
2026-07-11,43.5,30.8,76,0.3,5.1,,,
2026-07-12,64.2,31.8,69,1.5,7.9,,,
2026-07-13,39.0,32.1,64,0.1,8.4,,,
2026-07-14,40.8,30.8,70,2.3,8.3,,,
2026-07-15,38.5,31.0,67,3.4,7.4,,,
2026-07-16,45.9,33.9,53,0.0,8.1,,,
2026-07-17,50.3,34.1,55,0.3,6.8,,,
2026-07-18,46.0,33.6,54,0.0,8.1,,,
2026-07-19,48.8,32.6,65,3.7,7.0,,,
2026-07-20,43.3,28.7,87,31.9,5.5,,,
2026-07-21,26.5,27.4,90,14.7,7.8,,,
2026-07-22,21.9,28.5,83,5.7,10.7,,,
2026-07-23,22.7,28.8,81,9.8,11.1,,,
2026-07-24,28.6,28.5,84,8.5,10.5,,,
2026-07-25,30.2,29.2,80,2.3,10.4,,,
2026-07-26,33.0,30.6,79,1.4,4.1,,,
2026-07-27,29.6,31.6,73,0.6,3.6,,,
2026-07-28,20.6,27.9,90,19.5,7.1,,,
2026-07-29,36.8,29.3,84,5.8,3.2,,,
2026-07-30,40.4,29.6,82,10.8,6.4,,,
2026-07-31,21.9,29.6,79,4.9,11.3,,,
2026-08-01,38.6,29.2,82,5.5,10.3,,,
2026-08-02,26.7,29.0,85,4.8,7.9,,,
2026-08-03,26.9,29.1,87,14.3,6.3,,,
2026-08-04,17.7,27.5,93,13.6,4.5,,,
2026-08-05,35.7,28.8,85,1.9,4.3,,,
2026-08-06,26.1,27.2,90,12.8,5.1,,,
2026-08-07,25.0,26.5,94,58.3,9.1,,,
2026-08-08,30.6,28.3,86,28.9,8.3,,,
2026-08-09,32.7,29.9,81,3.0,4.8,,,
2026-08-10,35.9,28.7,87,7.7,5.8,,,
2026-08-11,46.2,28.5,89,12.5,5.8,,,
2026-08-12,47.9,30.1,82,2.0,3.6,,,
2026-08-13,32.7,30.2,83,2.6,4.3,,,
2026-08-14,31.2,28.8,88,11.6,3.5,,,
2026-08-15,40.4,29.3,86,4.5,4.5,,,
2026-08-16,27.0,30.1,79,4.9,7.0,,,
2026-08-17,26.7,29.1,81,4.5,7.0,,,
2026-08-18,29.8,29.6,76,3.0,5.3,,,
2026-08-19,33.2,29.3,80,5.2,3.7,,,
2026-08-20,37.1,28.9,86,4.5,4.9,,,
2026-08-21,28.1,30.2,78,0.9,7.3,,,
2026-08-22,29.0,29.0,82,8.0,6.7,,,
2026-08-23,33.5,29.3,81,8.2,6.0,,,
2026-08-24,42.0,28.7,83,6.9,4.1,,,
2026-08-25,37.0,28.9,85,3.4,3.4,,,
2026-08-26,50.3,28.6,88,13.5,4.3,,,
2026-08-27,50.7,29.9,80,0.0,5.2,,,
2026-08-28,41.0,30.5,73,0.5,8.0,,,
2026-08-29,30.7,31.0,68,0.0,8.4,,,
2026-08-30,29.5,30.9,66,0.2,7.8,,,
2026-08-31,36.9,31.0,63,0.7,8.3,,,
2026-09-01,30.0,30.3,68,3.9,6.1,,,
2026-09-02,30.8,28.0,81,13.6,4.6,,,
2026-09-03,23.9,28.3,83,3.5,5.6,,,
2026-09-04,22.7,27.8,87,13.3,6.0,,,
2026-09-05,26.2,26.4,93,23.5,6.2,,,
2026-09-06,24.9,25.7,92,18.1,5.7,,,
2026-09-07,44.2,28.3,78,0.9,3.8,,,
2026-09-08,30.3,28.9,74,1.3,7.1,,,
2026-09-09,36.8,29.8,68,0.0,8.5,,,
2026-09-10,34.1,30.3,66,0.0,7.5,,,
2026-09-11,45.6,28.4,82,8.7,6.5,,,
2026-09-12,25.4,28.7,83,7.6,6.6,,,
2026-09-13,30.5,29.5,76,0.6,8.7,,,
2026-09-14,39.3,28.9,78,3.7,8.9,,,
2026-09-15,47.7,29.4,72,1.6,5.6,,,
2026-09-16,33.0,31.2,65,0.3,3.4,,,
2026-09-17,41.8,29.1,69,2.0,5.9,,,
2026-09-18,30.1,28.1,72,2.2,6.0,,,
2026-09-19,58.6,28.9,69,0.0,3.8,,,
2026-09-20,78.7,29.7,65,1.5,2.6,,,
2026-09-21,72.5,29.9,61,0.1,3.5,,,
2026-09-22,71.8,31.2,58,0.0,3.7,,,
2026-09-23,74.5,31.5,57,0.0,4.2,,,
2026-09-24,54.6,30.0,63,0.0,6.7,,,
